{
  "size": [
    1280,
    720
  ],
  "ids0": [
    24,
    16,
    8,
    25,
    17,
    0,
    9,
    26,
    18,
    1,
    10,
    19,
    27,
    2,
    35,
    12,
    11,
    3,
    38,
    6
  ],
  "ids1": [
    38,
    30,
    39,
    28,
    31,
    35,
    21,
    22,
    37,
    27,
    20,
    23,
    29,
    19,
    14,
    13,
    12,
    15,
    18,
    11,
    5,
    6,
    4,
    25,
    7,
    10,
    17,
    3,
    36,
    9,
    2,
    24,
    16,
    1,
    8,
    0
  ],
  "corners0": [
    [
      [
        656.0,
        77.0
      ],
      [
        609.0,
        67.0
      ],
      [
        621.0,
        20.0
      ],
      [
        668.0,
        31.0
      ]
    ],
    [
      [
        641.0,
        142.0
      ],
      [
        595.0,
        133.0
      ],
      [
        605.0,
        87.0
      ],
      [
        652.0,
        96.0
      ]
    ],
    [
      [
        627.0,
        206.0
      ],
      [
        581.0,
        198.0
      ],
      [
        592.0,
        153.0
      ],
      [
        637.0,
        162.0
      ]
    ],
    [
      [
        720.0,
        91.0
      ],
      [
        676.0,
        80.0
      ],
      [
        688.0,
        35.0
      ],
      [
        732.0,
        46.0
      ]
    ],
    [
      [
        705.0,
        154.0
      ],
      [
        661.0,
        145.0
      ],
      [
        672.0,
        100.0
      ],
      [
        716.0,
        110.0
      ]
    ],
    [
      [
        613.0,
        267.0
      ],
      [
        569.0,
        261.0
      ],
      [
        578.0,
        218.0
      ],
      [
        623.0,
        225.0
      ]
    ],
    [
      [
        689.0,
        216.0
      ],
      [
        646.0,
        208.0
      ],
      [
        657.0,
        165.0
      ],
      [
        701.0,
        174.0
      ]
    ],
    [
      [
        780.0,
        106.0
      ],
      [
        740.0,
        95.0
      ],
      [
        753.6142578125,
        49.10177993774414
      ],
      [
        792.0,
        63.0
      ]
    ],
    [
      [
        764.0,
        166.0
      ],
      [
        724.0,
        157.0
      ],
      [
        735.0,
        114.0
      ],
      [
        776.0,
        124.0
      ]
    ],
    [
      [
        674.0,
        275.0
      ],
      [
        632.0,
        269.0
      ],
      [
        643.0,
        227.0
      ],
      [
        685.0,
        235.0
      ]
    ],
    [
      [
        747.0,
        226.0
      ],
      [
        708.0,
        218.0
      ],
      [
        720.0,
        176.0
      ],
      [
        760.0,
        185.0
      ]
    ],
    [
      [
        819.0,
        179.0
      ],
      [
        782.0,
        170.0
      ],
      [
        794.0,
        128.0
      ],
      [
        831.0,
        139.0
      ]
    ],
    [
      [
        835.0,
        120.0
      ],
      [
        798.0,
        109.0
      ],
      [
        810.0,
        68.0
      ],
      [
        847.0,
        81.0
      ]
    ],
    [
      [
        731.0,
        283.0
      ],
      [
        693.0,
        277.0
      ],
      [
        704.0,
        237.0
      ],
      [
        743.0,
        244.0
      ]
    ],
    [
      [
        851.0,
        62.0
      ],
      [
        814.0,
        49.0
      ],
      [
        825.0,
        9.0
      ],
      [
        861.0,
        22.0
      ]
    ],
    [
      [
        852.0,
        247.0
      ],
      [
        817.0,
        240.0
      ],
      [
        830.0,
        198.0
      ],
      [
        865.0,
        207.0
      ]
    ],
    [
      [
        802.0,
        236.0
      ],
      [
        766.0,
        228.0
      ],
      [
        778.0,
        188.0
      ],
      [
        814.0,
        197.0
      ]
    ],
    [
      [
        784.0,
        291.0
      ],
      [
        749.0,
        285.0
      ],
      [
        762.0,
        246.0
      ],
      [
        797.0,
        253.0
      ]
    ],
    [
      [
        985.0,
        114.0
      ],
      [
        958.0,
        102.0
      ],
      [
        969.0,
        64.0
      ],
      [
        996.0,
        77.0
      ]
    ],
    [
      [
        919.0,
        313.0
      ],
      [
        891.0,
        308.0
      ],
      [
        905.0,
        272.0
      ],
      [
        933.0,
        278.0
      ]
    ]
  ],