{
  "size": [
    1280,
    720
  ],
  "ids0": [
    3,
    2,
    4,
    12,
    11,
    10,
    1,
    9,
    19,
    18,
    5,
    20,
    13,
    17,
    0,
    8,
    26,
    27,
    21,
    28,
    6,
    25,
    16,
    14,
    29,
    22,
    35,
    34,
    24,
    33,
    7,
    15,
    37,
    30,
    23,
    32,
    31,
    38,
    39,
    36
  ],
  "ids1": [
    15,
    23,
    7,
    31,
    14,
    39,
    22,
    6,
    30,
    38,
    13,
    21,
    5,
    37,
    20,
    12,
    4,
    28,
    35,
    36
  ],
  "corners0": [
    [
      [
        670.0,
        349.0
      ],
      [
        627.0,
        345.0
      ],
      [
        631.0,
        303.0
      ],
      [
        675.8718872070312,
        309.21343994140625
      ]
    ],
    [
      [
        609.0,
        345.0
      ],
      [
        567.0,
        342.0
      ],
      [
        570.0,
        300.0
      ],
      [
        612.0,
        303.0
      ]
    ],
    [
      [
        730.0,
        353.0
      ],
      [
        688.0,
        350.0
      ],
      [
        692.0,
        308.0
      ],
      [
        734.0,
        312.0
      ]
    ],
    [
      [
        734.0,
        293.0
      ],
      [
        692.0,
        289.0
      ],
      [
        696.0,
        247.0
      ],
      [
        737.0,
        251.0
      ]
    ],
    [
      [
        673.0,
        289.0
      ],
      [
        632.0,
        285.0
      ],
      [
        635.0,
        243.0
      ],
      [
        677.0,
        247.0
      ]
    ],
    [
      [
        613.0,
        284.0
      ],
      [
        571.0,
        281.0
      ],
      [
        575.0,
        239.0
      ],
      [
        617.0,
        243.0
      ]
    ],
    [
      [
        548.0,
        342.0
      ],
      [
        507.0,
        338.0
      ],
      [
        511.0,
        296.0
      ],
      [
        552.0,
        300.0
      ]
    ],
    [
      [
        552.0,
        281.0
      ],
      [
        511.0,
        277.0
      ],
      [
        515.0,
        236.0
      ],
      [
        556.0,
        239.0
      ]
    ],
    [
      [
        678.0,
        228.0
      ],
      [
        636.0,
        225.0
      ],
      [
        639.0,
        184.0
      ],
      [
        681.0,
        188.0
      ]
    ],
    [
      [
        617.0,
        224.0
      ],
      [
        575.0,
        220.0
      ],
      [
        580.0,
        180.0
      ],
      [
        621.0,
        184.0
      ]
    ],
    [
      [
        788.0,
        357.0
      ],
      [
        748.0,
        354.0
      ],
      [
        752.0,
        312.0
      ],
      [
        792.0,
        316.0
      ]
    ],
    [
      [
        737.0,
        233.0
      ],
      [
        696.0,
        229.0
      ],
      [
        700.0,
        188.0
      ],
      [
        740.0,
        193.0
      ]
    ],
    [
      [
        792.0,
        297.0
      ],
      [
        752.0,
        294.0
      ],
      [
        755.0,
        252.0
      ],
      [
        795.0,
        257.0
      ]
    ],
    [
      [
        556.0,
        221.0
      ],
      [
        516.0,
        218.0
      ],
      [
        521.0,
        178.0
      ],
      [
        561.0,
        180.0
      ]
    ],
    [
      [
        489.0,
        337.0
      ],
      [
        450.0,
        334.0
      ],
      [
        453.0,
        293.0
      ],
      [
        492.0,
        296.0
      ]
    ],
    [
      [
        493.0,
        277.0
      ],
      [
        454.0,
        274.0
      ],
      [
        458.0,
        234.0
      ],
      [
        497.0,
        236.0
      ]
    ],
    [
      [
        621.0,
        166.0
      ],
      [
        580.0,
        162.0
      ],
      [
        585.0,
        124.0
      ],
      [
        625.0,
        127.0
      ]
    ],
    [
      [
        681.0,
        170.0
      ],
      [
        640.0,
        166.0
      ],
      [
        643.0,
        128.0
      ],
      [
        684.0,
        132.0
      ]
    ],
    [
      [
        795.0,
        238.0
      ],
      [
        755.0,
        233.0
      ],
      [
        758.0,
        194.0
      ],
      [
        797.0,
        199.0
      ]
    ],
    [
      [
        740.0,
        175.0
      ],
      [
        699.0,
        170.0
      ],
      [
        702.0,
        132.0
      ],
      [
        742.0,
        137.0
      ]
    ],
    [
      [
        843.0,
        361.0
      ],
      [
        806.0,
        357.0
      ],
      [
        810.0,
        316.0
      ],
      [
        847.0,
        320.0
      ]
    ],
    [
      [
        562.0,
        162.0
      ],
      [
        522.0,
        160.0
      ],
      [
        526.0,
        122.0
      ],
      [
        566.0,
        124.0
      ]
    ],
    [
      [
        497.0,
        218.0
      ],
      [
        459.0,
        215.0
      ],
      [
        464.0,
        176.0
      ],
      [
        502.0,
        178.0
      ]
    ],
    [
      [
        847.0,
        302.0
      ],
      [
        810.0,
        298.0
      ],
      [
        813.0,
        257.0
      ],
      [
        850.0,
        262.0
      ]
    ],
    [
      [
        797.0,
        181.0
      ],
      [
        758.0,
        176.0
      ],
      [
        760.0,
        138.0
      ],
      [
        799.0,
        143.0
      ]
    ],
    [
      [
        850.0,
        244.0
      ],
      [
        813.0,
        239.0
      ],
      [
        815.0,
        200.0
      ],
      [
        852.0,
        205.0
      ]
    ],
    [
      [
        685.0,
        113.0
      ],
      [
        645.0,
        111.0
      ],
      [
        646.0,
        75.0
      ],
      [
        686.0,
        77.0
      ]
    ],
    [
      [
        625.0,
        110.0
      ],
      [
        585.0,
        106.0
      ],
      [
        590.0,
        71.0
      ],
      [
        629.0,
        74.0
      ]
    ],
    [
      [
        503.0,
        160.0
      ],
      [
        465.0,
        158.0
      ],
      [
        470.0,
        121.0
      ],
      [
        508.0,
        123.0
      ]
    ],
    [
      [
        567.0,
        107.0
      ],
      [
        528.0,
        104.0
      ],
      [
        533.0,
        69.0
      ],
      [
        571.0,
        71.0
      ]
    ],
    [
      [
        895.0,
        364.0
      ],
      [
        861.0,
        361.0
      ],
      [
        864.0,
        321.0
      ],
      [
        899.0,
        325.0
      ]
    ],
    [
      [
        899.0,
        307.0
      ],
      [
        865.0,
        303.0
      ],
      [
        868.0,
        263.0
      ],
      [
        902.0,
        268.0
      ]
    ],
    [
      [
        798.0,
        126.0
      ],
      [
        760.0,
        120.0
      ],
      [
        762.0,
        85.0
      ],
      [
        800.0,
        91.0
      ]
    ],
    [
      [
        852.0,
        187.0
      ],
      [
        815.0,
        182.0
      ],
      [
        817.0,
        145.0
      ],
      [
        853.0,
        151.0
      ]
    ],
    [
      [
        902.0,
        250.0
      ],
      [
        867.0,
        245.0
      ],
      [
        869.0,
        207.0
      ],
      [
        904.0,
        213.0
      ]
    ],
    [
      [
        509.0,
        105.0
      ],
      [
        472.0,
        104.0
      ],
      [
        477.0,
        69.0
      ],
      [
        514.0,
        70.0
      ]
    ],
    [
      [
        903.0,
        195.0
      ],
      [
        869.0,
        189.0
      ],
      [
        870.0,
        152.0
      ],
      [
        904.0,
        159.0
      ]
    ],
    [
      [
        852.0,
        133.0
      ],
      [
        816.0,
        127.0
      ],
      [
        817.0,
        92.0
      ],
      [
        853.0,
        99.0
