{
  "size": [
    1280,
    720
  ],
  "ids0": [
    25,
    17,
    26,
    24,
    18,
    8,
    9,
    16,
    19,
    10,
    0,
    1,
    28,
    11,
    2,
    20,
    3,
    12,
    29,
    37,
    38,
    21,
    4,
    13,
    5,
    31,
    7
  ],
  "ids1": [
    39,
    38,
    31,
    30,
    37,
    29,
    23,
    22,
    28,
    21,
    15,
    14,
    35,
    13,
    27,
    12,
    6,
    7,
    34,
    19,
    26,
    5,
    11,
    4,
    18,
    17,
    33,
    32,
    3,
    10,
    36,
    2,
    20
  ],
  "corners0": [
    [
      [
        473.0,
        99.0
      ],
      [
        421.0,
        95.0
      ],
      [
        429.0,
        42.0
      ],
      [
        482.0,
        47.0
      ]
    ],
    [
      [
        464.0,
        170.0
      ],
      [
        413.0,
        168.0
      ],
      [
        419.0,
        117.0
      ],
      [
        471.0,
        120.0
      ]
    ],
    [
      [
        545.0,
        104.0
      ],
      [
        495.0,
        99.0
      ],
      [
        504.0,
        48.0
      ],
      [
        555.0,
        55.0
      ]
    ],
    [
      [
        398.0,
        93.0
      ],
      [
        348.0,
        91.0
      ],
      [
        355.0,
        41.0
      ],
      [
        405.0,
        44.0
      ]
    ],
    [
      [
        534.0,
        173.0
      ],
      [
        485.0,
        170.0
      ],
      [
        493.0,
        120.0
      ],
      [
        543.0,
        125.0
      ]
    ],
    [
      [
        387.0,
        238.0
      ],
      [
        338.0,
        238.0
      ],
      [
        341.0,
        188.0
      ],
      [
        391.0,
        190.0
      ]
    ],
    [
      [
        457.0,
        238.0
      ],
      [
        408.0,
        237.0
      ],
      [
        413.0,
        189.0
      ],
      [
        463.0,
        191.0
      ]
    ],
    [
      [
        390.0,
        167.0
      ],
      [
        342.0,
        165.0
      ],
      [
        347.0,
        117.0
      ],
      [
        396.0,
        119.0
      ]
    ],
    [
      [
        600.0,
        177.0
      ],
      [
        554.0,
        173.0
      ],
      [
        563.0,
        125.0
      ],
      [
        611.612060546875,
        131.9593963623047
      ]
    ],
    [
      [
        524.0,
        239.0
      ],
      [
        477.0,
        238.0
      ],
      [
        483.0,
        191.0
      ],
      [
        532.0,
        194.0
      ]
    ],
    [
      [
        385.0,
        303.0
      ],
      [
        338.0,
        304.0
      ],
      [
        337.0,
        259.0
      ],
      [
        386.0,
        258.0
      ]
    ],
    [
      [
        452.0,
        301.0
      ],
      [
        405.0,
        303.0
      ],
      [
        407.0,
        259.0
      ],
      [
        454.0,
        257.0
      ]
    ],
    [
      [
        674.0,
        119.0
      ],
      [
        632.0,
        112.0
      ],
      [
        643.8046875,
        63.41558074951172
      ],
      [
        685.0,
        73.0
      ]
    ],
    [
      [
        588.0,
        241.0
      ],
      [
        544.0,
        239.0
      ],
      [
        552.0,
        193.0
      ],
      [
        597.0,
        197.0
      ]
    ],
    [
      [
        516.0,
        301.0
      ],
      [
        471.0,
        301.0
      ],
      [
        477.0,
        257.0
      ],
      [
        523.0,
        259.0
      ]
    ],
    [
      [
        661.0,
        182.0
      ],
      [
        619.0,
        178.0
      ],
      [
        629.0,
        132.0
      ],
      [
        671.0,
        138.0
      ]
    ],
    [
      [
        578.0,
        301.0
      ],
      [
        535.0,
        300.0
      ],
      [
        542.0,
        258.0
      ],
      [
        586.0,
        260.0
      ]
    ],
    [
      [
        648.0,
        243.0
      ],
      [
        605.4353637695312,
        238.2225799560547
      ],
      [
        617.0,
        197.0
      ],
      [
        658.0,
        201.0
      ]
    ],
    [
      [
        731.0,
        127.0
      ],
      [
        693.0,
        120.0
      ],
      [
        704.0,
        76.0
      ],
      [
        742.0,
        84.0
      ]
    ],
    [
      [
        746.0,
        65.0
      ],
      [
        705.198486328125,
        54.66133499145508
      ],
      [
        718.0,
        13.0
      ],
      [
        756.0,
        23.0
      ]
    ],
    [
      [
        798.0,
        79.0
      ],
      [
        762.0,
        70.0
      ],
      [
        773.0,
        25.0
      ],
      [
        808.0,
        36.0
      ]
    ],
    [
      [
        717.0,
        187.0
      ],
      [
        680.0,
        183.0
      ],
      [
        690.0,
        140.0
      ],
      [
        728.0,
        146.0
      ]
    ],
    [
      [
        636.0,
        300.0
      ],
      [
        597.0,
        300.0
      ],
      [
        605.0,
        259.0
      ],
      [
        645.0,
        261.0
      ]
    ],
    [
      [
        703.0,
        245.0
      ],
      [
        667.0,
        243.0
      ],
      [
        677.0,
        201.0
      ],
      [
        714.0,
        206.0
      ]
    ],
    [
      [
        690.0,
        300.0
      ],
      [
        654.0,
        299.0
      ],
      [
        663.0,
        261.0
      ],
      [
        700.0,
        263.0
      ]
    ],
    [
      [
        829.0,
        145.0
      ],
      [
        797.0,
        138.0
      ],
      [
        808.0,
        97.0
      ],
      [
        840.0,
        105.0
      ]
    ],
    [
      [
        784.0,
        302.0
      ],
      [
        753.0,
        301.0
      ],
      [
        765.0,
        263.0
      ],
      [
        796.0,
        265.0
      ]
    ]
  ],