{
  "size": [
    1280,
    720
  ],
  "ids0": [
    9,
    1,
    8,
    10,
    17,
    0,
    16,
    18,
    2,
    25,
    24,
    26,
    19,
    11,
    3,
    27,
    33,
    32,
    34,
    20,
    12,
    4,
    28,
    35,
    13,
    21,
    5,
    29,
    37,
    14,
    22,
    6,
    31,
    30,
    38,
    15,
    7,
    36
  ],
  "ids1": [
    31,
    7,
    22,
    14,
    39,
    30,
    6,
    38,
    23,
    15,
    21,
    13,
    5,
    37,
    12,
    28,
    4,
    19,
    27,
    3,
    35,
    10,
    18,
    26,
    2,
    8,
    36,
    11
  ],
  "corners0": [
    [
      [
        550.0,
        320.0
      ],
      [
        503.0,
        323.0
      ],
      [
        500.0,
        277.0
      ],
      [
        547.0,
        273.0
      ]
    ],
    [
      [
        553.0,
        386.0
      ],
      [
        507.0,
        390.0
      ],
      [
        503.0,
        343.0
      ],
      [
        550.0,
        340.0
      ]
    ],
    [
      [
        483.0,
        323.0
      ],
      [
        438.0,
        327.0
      ],
      [
        434.0,
        280.0
      ],
      [
        480.0,
        276.0
      ]
    ],
    [
      [
        616.0,
        317.0
      ],
      [
        569.0,
        320.0
      ],
      [
        567.0,
        274.0
      ],
      [
        613.0,
        271.0
      ]
    ],
    [
      [
        548.0,
        253.0
      ],
      [
        501.0,
        256.0
      ],
      [
        499.0,
        210.0
      ],
      [
        545.0,
        207.0
      ]
    ],
    [
      [
        487.0,
        390.0
      ],
      [
        442.0,
        393.0
      ],
      [
        435.19293212890625,
        347.1860656738281
      ],
      [
        483.0,
        343.0
      ]
    ],
    [
      [
        481.0,
        256.0
      ],
      [
        435.0,
        259.0
      ],
      [
        433.0,
        213.0
      ],
      [
        478.0,
        209.0
      ]
    ],
    [
      [
        614.0,
        251.0
      ],
      [
        568.0,
        254.0
      ],
      [
        565.0,
        208.0
      ],
      [
        611.0,
        205.0
      ]
    ],
    [
      [
        618.0,
        382.0
      ],
      [
        572.0,
        386.0
      ],
      [
        569.0,
        340.0
      ],
      [
        615.0,
        337.0
      ]
    ],
    [
      [
        546.0,
        187.0
      ],
      [
        500.0,
        190.0
      ],
      [
        498.0,
        145.0
      ],
      [
        544.0,
        142.0
      ]
    ],
    [
      [
        480.0,
        189.0
      ],
      [
        434.0,
        193.0
      ],
      [
        433.0,
        148.0
      ],
      [
        478.0,
        144.0
      ]
    ],
    [
      [
        612.0,
        186.0
      ],
      [
        566.0,
        188.0
      ],
      [
        564.0,
        143.0
      ],
      [
        610.0,
        142.0
      ]
    ],
    [
      [
        678.0,
        250.0
      ],
      [
        633.0,
        252.0
      ],
      [
        631.0,
        206.0
      ],
      [
        675.0,
        205.0
      ]
    ],
    [
      [
        679.0,
        315.0
      ],
      [
        635.0,
        317.0
      ],
      [
        633.0,
        271.0
      ],
      [
        677.0,
        269.0
      ]
    ],
    [
      [
        681.0,
        378.0
      ],
      [
        637.0,
        382.0
      ],
      [
        634.0,
        337.0
      ],
      [
        679.0,
        334.0
      ]
    ],
    [
      [
        676.0,
        186.0
      ],
      [
        631.0,
        187.0
      ],
      [
        629.0,
        143.0
      ],
      [
        673.0,
        142.0
      ]
    ],
    [
      [
        545.0,
        123.0
      ],
      [
        499.0,
        125.0
      ],
      [
        498.0,
        83.0
      ],
      [
        544.0,
        81.0
      ]
    ],
    [
      [
        479.0,
        125.0
      ],
      [
        434.0,
        128.0
      ],
      [
        434.0,
        86.0
      ],
      [
        479.0,
        82.0
      ]
    ],
    [
      [
        610.0,
        122.0
      ],
      [
        565.0,
        124.0
      ],
      [
        563.0,
        82.0
      ],
      [
        608.0,
        80.0
      ]
    ],
    [
      [
        740.8173217773438,
        247.37399291992188
      ],
      [
        697.0,
        251.0
      ],
      [
        694.0,
        206.0
      ],
      [
        736.0,
        205.0
      ]
    ],
    [
      [
        739.0,
        313.0
      ],
      [
        697.0,
        314.0
      ],
      [
        697.0,
        269.0
      ],
      [
        739.0,
        269.0
      ]
    ],
    [
      [
        741.0,
        375.0
      ],
      [
        700.0,
        379.0
      ],
      [
        697.0,
        335.0
      ],
      [
        739.0,
        331.0
      ]
    ],
    [
      [
        737.0,
        186.0
      ],
      [
        695.0,
        187.0
      ],
      [
        692.0,
        144.0
      ],
      [
        734.0,
        144.0
      ]
    ],
    [
      [
        673.0,
        123.0
      ],
      [
        630.0,
        124.0
      ],
      [
        628.0,
        82.0
      ],
      [
        671.0,
        82.0
      ]
    ],
    [
      [
        796.0,
        311.0
      ],
      [
        757.0,
        311.0
      ],
      [
        757.0,
        268.0
      ],
      [
        797.0,
        269.0
      ]
    ],
    [
      [
        795.0,
        250.0
      ],
      [
        756.0,
        249.0
      ],
      [
        755.0,
        206.0
      ],
      [
        794.0,
        208.0
      ]
    ],
    [
      [
        797.0,
        371.0
      ],
      [
        759.0,
        375.0
      ],
      [
        757.0,
        332.0
      ],
      [
        796.0,
        329.0
      ]
    ],
    [
      [
        793.0,
        189.0
      ],
      [
        754.0,
        187.0
      ],
      [
        753.0,
        145.0
      ],
      [
        792.0,
        148.0
      ]
    ],
    [
      [
        791.0,
        128.0
      ],
      [
        753.0,
        128.0
      ],
      [
        749.0,
        88.0
      ],
      [
        787.0,
        90.0
      ]
    ],
    [
      [
        850.0,
        308.0
      ],
      [
        814.0,
        310.0
      ],
      [
        813.0,
        269.0
      ],
      [
        848.0,
        267.0
      ]
    ],
    [
      [
        848.0,
        250.0
      ],
      [
        812.0,
        249.0
      ],
      [
        812.0,
        207.0
      ],
      [
        847.0,
        210.0
      ]
    ],
    [
      [
        849.0,
        367.0
      ],
      [
        815.0,
        371.0
      ],
      [
        813.0,
        329.0
      ],
      [
        849.0,
        327.0
      ]
    ],
    [
      [
        895.0,
        195.0
      ],
      [
        861.0,
        192.0
      ],
      [
        859.0,
        151.0
      ],
      [
        894.0,
        155.0
      ]
    ],
    [
      [
        845.0,
        191.0
      ],
      [
        810.0,
        188.0
      ],
      [
        809.0,
        148.0
      ],
      [
        844.0,
        152.0
      ]
    ],
    [
      [
        842.0,
        134.0
      ],
      [
        807.0,
        130.0
      ],
      [
        806.0,
        92.0
      ],
      [
        840.0,
        96.0
      ]
    ],
    [
      [
        896.0,
        308.0
      ],
      [
        865.0,
        308.0
      ],
      [
        866.0,
        268.0
      ],
      [
        897.0,
        269.0
      ]
    ],
    [
      [
        897.0,
        363.0
      ],
      [
        866.0,
        367.0
      ],
      [
        865.0,
        327.0
      ],
      [
        896.0,
        325.0
      ]
    ],
    [
      [
        734.0,
        125.0
      ],
      [
        692.0,
        125.0
      ],
      [
