{
  "size": [
    1280,
    720
  ],
  "ids0": [
    24,
    16,
    25,
    17,
    8,
    26,
    9,
    18,
    0,
    27,
    10,
    1,
    19,
    2,
    11,
    28,
    20,
    3,
    12,
    37,
    29,
    4,
    21,
    31,
    15,
    7,
    36
  ],
  "ids1": [
    30,
    31,
    38,
    23,
    22,
    37,
    21,
    35,
    29,
    20,
    27,
    15,
    14,
    28,
    13,
    34,
    19,
    12,
    26,
    6,
    5,
    7,
    11,
    18,
    33,
    4,
    25,
    10,
    3,
    17,
    32,
    36,
    2,
    9,
    24,
    16,
    1
  ],
  "corners0": [
    [
      [
        577.0,
        82.0
      ],
      [
        526.0,
        74.0
      ],
      [
        537.0,
        24.0
      ],
      [
        588.0,
        33.0
      ]
    ],
    [
      [
        564.0,
        151.0
      ],
      [
        514.0,
        144.0
      ],
      [
        523.0,
        95.0
      ],
      [
        574.0,
        103.0
      ]
    ],
    [
      [
        647.0,
        94.0
      ],
      [
        598.0,
        84.0
      ],
      [
        610.0,
        36.0
      ],
      [
        659.0,
        46.0
      ]
    ],
    [
      [
        632.0,
        161.0
      ],
      [
        584.0,
        153.0
      ],
      [
        595.0,
        105.0
      ],
      [
        643.0,
        114.0
      ]
    ],
    [
      [
        551.0,
        217.0
      ],
      [
        503.0,
        211.0
      ],
      [
        511.0,
        165.0
      ],
      [
        560.0,
        171.0
      ]
    ],
    [
      [
        713.0,
        107.0
      ],
      [
        665.389404296875,
        94.72401428222656
      ],
      [
        679.0,
        50.0
      ],
      [
        725.0,
        61.0
      ]
    ],
    [
      [
        618.0,
        225.0
      ],
      [
        571.0,
        219.0
      ],
      [
        581.0,
        173.0
      ],
      [
        628.0,
        180.0
      ]
    ],
    [
      [
        697.0,
        171.0
      ],
      [
        652.0,
        163.0
      ],
      [
        663.0,
        117.0
      ],
      [
        709.0,
        126.0
      ]
    ],
    [
      [
        540.0,
        280.0
      ],
      [
        494.0,
        275.0
      ],
      [
        501.0,
        231.0
      ],
      [
        548.0,
        237.0
      ]
    ],
    [
      [
        774.0,
        120.0
      ],
      [
        732.0,
        110.0
      ],
      [
        744.0,
        65.0
      ],
      [
        787.0,
        77.0
      ]
    ],
    [
      [
        681.0,
        233.0
      ],
      [
        635.3533935546875,
        224.92977905273438
      ],
      [
        648.0,
        183.0
      ],
      [
        693.0,
        190.0
      ]
    ],
    [
      [
        604.0,
        286.0
      ],
      [
        560.0,
        281.0
      ],
      [
        569.0,
        238.0
      ],
      [
        614.0,
        244.0
      ]
    ],
    [
      [
        757.0,
        182.0
      ],
      [
        716.0,
        174.0
      ],
      [
        728.0,
        129.0
      ],
      [
        770.0,
        139.0
      ]
    ],
    [
      [
        666.0,
        292.0
      ],
      [
        624.0,
        287.0
      ],
      [
        634.0,
        246.0
      ],
      [
        677.0,
        252.0
      ]
    ],
    [
      [
        740.0,
        241.0
      ],
      [
        700.0,
        235.0
      ],
      [
        712.0,
        192.0
      ],
      [
        753.0,
        201.0
      ]
    ],
    [
      [
        827.646240234375,
        135.70172119140625
      ],
      [
        792.0,
        124.0
      ],
      [
        804.0,
        81.0
      ],
      [
        842.0,
        92.0
      ]
    ],
    [
      [
        812.0,
        192.0
      ],
      [
        775.0,
        184.0
      ],
      [
        788.0,
        142.0
      ],
      [
        825.0,
        152.0
      ]
    ],
    [
      [
        724.0,
        298.0
      ],
      [
        685.0,
        293.0
      ],
      [
        696.0,
        253.0
      ],
      [
        737.8392944335938,
        260.3725280761719
      ]
    ],
    [
      [
        795.0,
        249.0
      ],
      [
        758.0,
        243.0
      ],
      [
        770.0,
        203.0
      ],
      [
        807.0,
        210.0
      ]
    ],
    [
      [
        896.0,
        90.0
      ],
      [
        863.0,
        78.0
      ],
      [
        875.0,
        38.0
      ],
      [
        908.0,
        51.0
      ]
    ],
    [
      [
        880.0,
        147.0
      ],
      [
        846.0,
        137.0
      ],
      [
        859.0,
        97.0
      ],
      [
        892.0,
        108.0
      ]
    ],
    [
      [
        776.0,
        304.0
      ],
      [
        741.0,
        299.0
      ],
      [
        753.0,
        261.0
      ],
      [
        790.0,
        267.0
      ]
    ],
    [
      [
        862.0,
        203.0
      ],
      [
        829.0,
        195.0
      ],
      [
        842.0,
        155.0
      ],
      [
        875.0,
        165.0
      ]
    ],
    [
      [
        965.0,
        174.0
      ],
      [
        938.0,
        165.0
      ],
      [
        950.0,
        126.0
      ],
      [
        977.0,
        136.0
      ]
    ],
    [
      [
        930.0,
        273.0
      ],
      [
        902.0,
        268.0
      ],
      [
        916.0,
        231.0
      ],
      [
        943.0,
        238.0
      ]
    ],
    [
      [
        911.0,
        320.0
      ],
      [
        883.0,
        316.0
      ],
      [
        897.0,
        281.0
      ],
      [
        925.0,
        286.0
      ]
    ],
    [
      [
        846.0,
        74.0
      ],
      [
        809.0,
        62.0
      ],
      [
        820.0,
        20.0
      ],
      [
        858.0,
        33.0
      ]
    ]
  ],