{
  "size": [
    1280,
    720
  ],
  "ids0": [
    0,
    8,
    1,
    9,
    16,
    2,
    10,
    17,
    18,
    24,
    3,
    11,
    25,
    19,
    26,
    32,
    27,
    33,
    12,
    34,
    35,
    5,
    28,
    13,
    21,
    30,
    29,
    6,
    38,
    14,
    20,
    36
  ],
  "ids1": [
    14,
    23,
    22,
    5,
    13,
    31,
    21,
    30,
    7,
    15,
    6,
    4,
    12,
    29,
    39,
    20,
    38,
    28,
    37,
    11,
    3,
    19,
    27,
    2,
    10,
    18,
    35,
    26,
    1,
    34,
    9,
    17,
    0,
    36
  ],
  "corners0": [
    [
      [
        529.0,
        343.0
      ],
      [
        481.0,
        347.0
      ],
      [
        478.0,
        298.0
      ],
      [
        525.0,
        295.0
      ]
    ],
    [
      [
        526.0,
        274.0
      ],
      [
        478.0,
        278.0
      ],
      [
        476.0,
        230.0
      ],
      [
        523.0,
        227.0
      ]
    ],
    [
      [
        596.0,
        340.0
      ],
      [
        549.0,
        343.0
      ],
      [
        546.0,
        295.0
      ],
      [
        593.0,
        293.0
      ]
    ],
    [
      [
        593.0,
        272.0
      ],
      [
        546.0,
        275.0
      ],
      [
        544.0,
        228.0
      ],
      [
        591.0,
        226.0
      ]
    ],
    [
      [
        524.0,
        207.0
      ],
      [
        477.0,
        210.0
      ],
      [
        475.0,
        164.0
      ],
      [
        522.0,
        162.0
      ]
    ],
    [
      [
        661.0,
        337.0
      ],
      [
        616.0,
        340.0
      ],
      [
        613.0,
        293.0
      ],
      [
        658.0,
        290.0
      ]
    ],
    [
      [
        660.7258911132812,
        268.2918701171875
      ],
      [
        613.0,
        273.0
      ],
      [
        610.0,
        227.0
      ],
      [
        655.0,
        225.0
      ]
    ],
    [
      [
        591.0,
        205.0
      ],
      [
        544.0,
        207.0
      ],
      [
        542.0,
        162.0
      ],
      [
        588.0,
        161.0
      ]
    ],
    [
      [
        655.0,
        205.0
      ],
      [
        611.0,
        206.0
      ],
      [
        608.0,
        162.0
      ],
      [
        652.0,
        161.0
      ]
    ],
    [
      [
        523.0,
        142.0
      ],
      [
        476.0,
        144.0
      ],
      [
        476.0,
        102.0
      ],
      [
        521.0,
        100.0
      ]
    ],
    [
      [
        722.0,
        335.0
      ],
      [
        679.0,
        335.0
      ],
      [
        679.0,
        290.0
      ],
      [
        721.0,
        290.0
      ]
    ],
    [
      [
        720.0,
        269.0
      ],
      [
        678.0,
        271.0
      ],
      [
        675.0,
        226.0
      ],
      [
        717.0,
        225.0
      ]
    ],
    [
      [
        588.0,
        141.0
      ],
      [
        543.0,
        143.0
      ],
      [
        541.0,
        101.0
      ],
      [
        586.0,
        100.0
      ]
    ],
    [
      [
        717.0,
        206.0
      ],
      [
        675.0,
        207.0
      ],
      [
        671.0,
        163.0
      ],
      [
        713.0,
        163.0
      ]
    ],
    [
      [
        652.0,
        143.0
      ],
      [
        609.0,
        143.0
      ],
      [
        606.0,
        101.0
      ],
      [
        649.0,
        101.0
      ]
    ],
    [
      [
        522.0,
        81.0
      ],
      [
        477.0,
        83.0
      ],
      [
        477.0,
        44.0
      ],
      [
        521.0,
        42.0
      ]
    ],
    [
      [
        713.0,
        145.0
      ],
      [
        671.0,
        144.0
      ],
      [
        668.0,
        103.0
      ],
      [
        709.0,
        104.0
      ]
    ],
    [
      [
        587.0,
        80.0
      ],
      [
        542.0,
        81.0
      ],
      [
        541.0,
        43.0
      ],
      [
        585.0,
        43.0
      ]
    ],
    [
      [
        776.0,
        270.0
      ],
      [
        738.0,
        269.0
      ],
      [
        737.0,
        225.0
      ],
      [
        776.0,
        227.0
      ]
    ],
    [
      [
        649.0,
        83.0
      ],
      [
        606.0,
        82.0
      ],
      [
        604.0,
        44.0
      ],
      [
        646.0,
        45.0
      ]
    ],
    [
      [
        709.0,
        86.0
      ],
      [
        668.0,
        85.0
      ],
      [
        665.0,
        47.0
      ],
      [
        704.0,
        49.0
      ]
    ],
    [
      [
        833.0,
        329.0
      ],
      [
        797.0,
        330.0
      ],
      [
        797.0,
        287.0
      ],
      [
        832.0,
        288.0
      ]
    ],
    [
      [
        770.0,
        147.0
      ],
      [
        731.0,
        146.0
      ],
      [
        728.0,
        107.0
      ],
      [
        766.0,
        109.0
      ]
    ],
    [
      [
        830.0,
        269.0
      ],
      [
        795.0,
        268.0
      ],
      [
        794.0,
        226.0
      ],
      [
        829.0,
        228.0
      ]
    ],
    [
      [
        826.0,
        210.0
      ],
      [
        791.0,
        207.0
      ],
      [
        789.0,
        167.0
      ],
      [
        825.0,
        171.0
      ]
    ],
    [
      [
        872.0,
        158.0
      ],
      [
        837.0,
        154.0
      ],
      [
        834.0,
        114.0
      ],
      [
        868.0,
        119.0
      ]
    ],
    [
      [
        822.0,
        152.0
      ],
      [
        786.0,
        148.0
      ],
      [
        785.0,
        110.0
      ],
      [
        819.0,
        115.0
      ]
    ],
    [
      [
        883.0,
        326.0
      ],
      [
        851.0,
        328.0
      ],
      [
        848.0,
        288.0
      ],
      [
        880.0,
        286.0
      ]
    ],
    [
      [
        866.0,
        105.0
      ],
      [
        832.0,
        100.0
      ],
      [
        828.0,
        62.0
      ],
      [
        862.0,
        68.0
      ]
    ],
    [
      [
        879.0,
        269.0
      ],
      [
        847.0,
        268.0
      ],
      [
        846.0,
        228.0
      ],
      [
        877.0,
        230.0
      ]
    ],
    [
      [
        773.0,
        208.0
      ],
      [
        734.0,
        206.0
      ],
      [
        733.0,
        164.0
      ],
      [
        772.0,
        167.0
      ]
    ],
    [
      [
        765.0,
        91.0
      ],
      [
        727.0,
        89.0
      ],
      [
        723.0,
        52.0
      ],
      [
        760.0,
        55.0
      ]
    ]
  ],