{
  "size": [
    1280,
    720
  ],
  "ids0": [
    0,
    2,
    8,
    1,
    18,
    16,
    26,
    17,
    24,
    12,
    28
  ],
  "ids1": [
    5,
    4,
    6,
    13,
    3,
    14,
    7,
    12,
    15,
    31,
    2,
    11,
    17,
    21,
    22,
    20,
    23,
    8,
    19,
    10,
    1,
    16,
    18,
    9,
    0
  ],
  "corners0": [
    [
      [
        552.0,
        291.0
      ],
      [
        516.0,
        299.0
      ],
      [
        508.0,
        261.0
      ],
      [
        545.0,
        254.0
      ]
    ],
    [
      [
        656.0,
        274.0
      ],
      [
        621.0,
        281.0
      ],
      [
        613.0,
        242.0
      ],
      [
        648.0,
        236.0
      ]
    ],
    [
      [
        542.0,
        236.0
      ],
      [
        506.0,
        243.0
      ],
      [
        498.0,
        207.0
      ],
      [
        535.0,
        200.0
      ]
    ],
    [
      [
        605.0,
        281.0
      ],
      [
        570.0,
        289.0
      ],
      [
        562.0,
        252.0
      ],
      [
        597.0,
        245.0
      ]
    ],
    [
      [
        636.0,
        171.0
      ],
      [
        600.0,
        176.0
      ],
      [
        592.0,
        140.0
      ],
      [
        628.0,
        136.0
      ]
    ],
    [
      [
        532.0,
        183.0
      ],
      [
        497.0,
        189.0
      ],
      [
        490.0,
        153.0
      ],
      [
        525.0,
        148.0
      ]
    ],
    [
      [
        626.0,
        122.0
      ],
      [
        591.0,
        126.0
      ],
      [
        583.0,
        92.0
      ],
      [
        618.0,
        88.0
      ]
    ],
    [
      [
        584.0,
        176.0
      ],
      [
        550.0,
        181.0
      ],
      [
        543.0,
        147.0
      ],
      [
        577.0,
        142.0
      ]
    ],
    [
      [
        523.0,
        131.0
      ],
      [
        487.0,
        136.0
      ],
      [
        482.0,
        103.0
      ],
      [
        516.0,
        98.0
      ]
    ],
    [
      [
        737.9092407226562,
        210.23681640625
      ],
      [
        706.0,
        215.0
      ],
      [
        698.0,
        179.0
      ],
      [
        728.0,
        175.0
      ]
    ],
    [
      [
        716.0,
        116.0
      ],
      [
        685.0,
        119.0
      ],
      [
        677.0,
        86.0
      ],
      [
        708.7890014648438,
        83.3437728881836
      ]
    ]
  ],
  "corners1": [
    [
      [
        661.0,
        284.0
      ],
      [
        624.0,
        287.0
      ],
      [
        621.0,
        250.0
      ],
      [
        658.0,
        247.0
      ]
    ],
    [
      [
        607.0,
        287.0
      ],
      [
        570.0,
        290.0
      ],
      [
        567.0,
        254.0
      ],
      [
        603.0,
        250.0
      ]
    ],
    [
      [
        716.0,
        280.0
      ],
      [
        679.0,
        283.0
      ],
      [
        676.0,
        247.0
      ],
      [
        712.0,
        244.0
      ]
    ],
    [
      [
        658.0,
        229.0
      ],
      [
        621.0,
        233.0
      ],
      [
        618.0,
        198.0
      ],
      [
        654.0,
        194.0
      ]
    ],
    [
      [
        552.0,
        291.0
      ],
      [
        517.0,
        295.0
      ],
      [
        514.0,
        259.0
      ],
      [
        550.0,
        255.0
      ]
    ],
    [
      [
        712.0,
        226.0
      ],
      [
        675.0,
        229.0
      ],
      [
        672.0,
        194.0
      ],
      [
        708.0,
        191.0
      ]
    ],
    [
      [
        769.0,
        278.0
      ],
      [
        733.0,
        280.0
      ],
      [
        730.0,
        244.0
      ],
      [
        765.0,
        242.0
      ]
    ],
    [
      [
        603.0,
        233.0
      ],
      [
        567.0,
        237.0
      ],
      [
        564.0,
        202.0
      ],
      [
        600.0,
        198.0
      ]
    ],
    [
      [
        765.0,
        225.0
      ],
      [
        729.0,
        227.0
      ],
      [
        725.0,
        192.0
      ],
      [
        761.0,
        190.0
      ]
    ],
    [
      [
        756.0,
        124.0
      ],
      [
        719.0,
        126.0
      ],
      [
        714.0,
        92.0
      ],
      [
        751.0,
        91.0
      ]
    ],
    [
      [
        500.0,
        294.0
      ],
      [
        465.0,
        299.0
      ],
      [
        463.0,
        263.0
      ],
      [
        497.0,
        259.0
      ]
    ],
    [
      [
        550.0,
        237.0
      ],
      [
        514.0,
        241.0
      ],
      [
        512.0,
        207.0
      ],
      [
        547.0,
        202.0
      ]
    ],
    [
      [
        447.0,
        198.0
      ],
      [
        412.0,
        203.0
      ],
      [
        411.0,
        169.0
      ],
      [
        445.0,
        163.0
      ]
    ],
    [
      [
        654.0,
        177.0
      ],
      [
        618.0,
        181.0
      ],
      [
        615.0,
        147.0
      ],
      [
        650.0,
        144.0
      ]
    ],
    [
      [
        707.0,
        175.0
      ],
      [
        671.0,
        177.0
      ],
      [
        668.0,
        144.0
      ],
      [
        703.0,
        141.0
      ]
    ],
    [
      [
        600.0,
        181.0
      ],
      [
        564.0,
        185.0
      ],
      [
        562.0,
        151.0
      ],
      [
        597.0,
        148.0
      ]
    ],
    [
      [
        760.0,
        173.0
      ],
      [
        725.0,
        175.0
      ],
      [
        721.0,
        141.0
      ],
      [
        756.0,
        140.0
      ]
    ],
    [
      [
        400.0,
        254.0
      ],
      [
        367.0,
        259.0
      ],
      [
        366.0,
        224.0
      ],
      [
        398.0,
        218.0
      ]
    ],
    [
      [
        547.0,
        186.0
      ],
      [
        512.0,
        190.0
      ],
      [
        510.0,
        157.0
      ],
      [
        544.0,
        152.0
      ]
    ],
    [
      [
        497.0,
        242.0
      ],
      [
        463.0,
        246.0
      ],
      [
        461.0,
        212.0
      ],
      [
        495.0,
        208.0
      ]
    ],
    [
      [
        449.0,
        299.0
      ],
      [
        416.0,
        303.0
      ],
      [
        414.0,
        269.0
      ],
      [
        446.0,
        264.0
      ]
    ],
    [
      [
        399.0,
        204.0
      ],
      [
        367.0,
        210.0
      ],
      [
        366.0,
        176.0
      ],
      [
        398.0,
        170.0
      ]
    ],
    [
      [
        495.0,
        191.0
      ],
      [
        462.0,
        196.0
      ],
      [
        460.0,
        163.0
      ],
      [
        493.0,
        158.0
      ]
    ],
    [
      [
        447.0,
        247.0
      ],
      [
        415.0,
        252.0
      ],
      [
        413.0,
        218.0
      ],
      [
        444.0,
        213.0
      ]
    ],
    [
      [
        400.0,
        304.0
      ],
      [
        370.0,
        308.0
      ],
      [
        368.0,
        274.0
      ],
      [
        398.0,
        270.0
      ]
    ]
  ]
}