{
  "size": [
    1280,
    720
  ],
  "ids0": [
    26,
    21,
    35,
    28,
    25,
    27,
    11,
    37,
    12,
    29,
    10,
    19,
    22,
    17,
    13,
    24,
    18,
    31,
    9,
    14,
    4,
    3,
    23,
    16,
    2,
    5,
    8,
    15,
    1,
    6,
    7,
    34,
    0,
    36
  ],
  "ids1": [
    25,
    26,
    24,
    17,
    16,
    18,
    27,
    19,
    1,
    9,
    2,
    0,
    12,
    10,
    8,
    3,
    29,
    11,
    13,
    38,
    22,
    14,
    39,
    31,
    6,
    15
  ],
  "corners0": [
    [
      [
        515.0,
        146.0
      ],
      [
        461.0,
        138.0
      ],
      [
        470.0,
        84.0
      ],
      [
        525.0,
        91.0
      ]
    ],
    [
      [
        730.0,
        258.0
      ],
      [
        679.0,
        248.0
      ],
      [
        690.0,
        196.0
      ],
      [
        743.0,
        207.0
      ]
    ],
    [
      [
        606.0,
        78.0
      ],
      [
        553.0,
        69.0
      ],
      [
        563.0,
        18.0
      ],
      [
        615.70703125,
        27.35297966003418
      ]
    ],
    [
      [
        670.0,
        169.0
      ],
      [
        618.0,
        159.0
      ],
      [
        628.0,
        108.0
      ],
      [
        681.0,
        118.0
      ]
    ],
    [
      [
        440.0,
        136.0
      ],
      [
        389.0,
        130.0
      ],
      [
        396.0,
        77.0
      ],
      [
        447.0,
        82.0
      ]
    ],
    [
      [
        592.0,
        155.0
      ],
      [
        540.0,
        147.0
      ],
      [
        549.0,
        96.0
      ],
      [
        602.0,
        104.0
      ]
    ],
    [
      [
        569.0,
        303.0
      ],
      [
        517.0,
        294.0
      ],
      [
        525.0,
        244.0
      ],
      [
        578.0,
        254.0
      ]
    ],
    [
      [
        762.0,
        109.0
      ],
      [
        712.0,
        97.0
      ],
      [
        723.0,
        47.0
      ],
      [
        774.0,
        59.0
      ]
    ],
    [
      [
        642.0,
        314.0
      ],
      [
        591.0,
        306.0
      ],
      [
        600.0,
        256.0
      ],
      [
        653.0,
        266.0
      ]
    ],
    [
      [
        746.0,
        183.0
      ],
      [
        696.0,
        172.0
      ],
      [
        707.0,
        123.0
      ],
      [
        758.0,
        134.0
      ]
    ],
    [
      [
        496.0,
        292.0
      ],
      [
        446.0,
        283.0
      ],
      [
        451.0,
        234.0
      ],
      [
        503.0,
        242.0
      ]
    ],
    [
      [
        579.0,
        230.0
      ],
      [
        529.0,
        222.0
      ],
      [
        537.0,
        172.0
      ],
      [
        588.0,
        181.0
      ]
    ],
    [
      [
        801.0,
        271.0
      ],
      [
        752.0,
        261.0
      ],
      [
        765.0,
        211.0
      ],
      [
        814.0,
        222.0
      ]
    ],
    [
      [
        431.0,
        210.0
      ],
      [
        382.0,
        203.0
      ],
      [
        388.0,
        152.0
      ],
      [
        437.0,
        158.0
      ]
    ],
    [
      [
        714.0,
        326.0
      ],
      [
        664.0,
        317.0
      ],
      [
        675.0,
        269.0
      ],
      [
        726.0,
        279.0
      ]
    ],
    [
      [
        368.0,
        129.0
      ],
      [
        323.0,
        124.0
      ],
      [
        329.0,
        72.0
      ],
      [
        375.0,
        76.0
      ]
    ],
    [
      [
        503.0,
        218.0
      ],
      [
        455.0,
        211.0
      ],
      [
        461.0,
        162.0
      ],
      [
        510.0,
        169.0
      ]
    ],
    [
      [
        885.0,
        216.0
      ],
      [
        840.0,
        205.0
      ],
      [
        853.0,
        155.0
      ],
      [
        899.0,
        168.0
      ]
    ],
    [
      [
        425.0,
        281.0
      ],
      [
        378.0,
        273.0
      ],
      [
        382.0,
        225.0
      ],
      [
        430.0,
        232.0
      ]
    ],
    [
      [
        782.0,
        337.0
      ],
      [
        735.0,
        328.0
      ],
      [
        747.0,
        282.0
      ],
      [
        796.0,
        291.0
      ]
    ],
    [
      [
        629.0,
        379.0
      ],
      [
        580.0,
        371.0
      ],
      [
        588.0,
        326.0
      ],
      [
        639.0,
        335.0
      ]
    ],
    [
      [
        559.0,
        368.0
      ],
      [
        510.0,
        360.0
      ],
      [
        516.0,
        315.0
      ],
      [
        566.0,
        323.0
      ]
    ],
    [
      [
        866.0,
        283.0
      ],
      [
        821.0,
        274.0
      ],
      [
        835.0,
        226.0
      ],
      [
        880.0,
        237.0
      ]
    ],
    [
      [
        362.0,
        201.0
      ],
      [
        318.0,
        195.0
      ],
      [
        322.0,
        145.0
      ],
      [
        367.0,
        151.0
      ]
    ],
    [
      [
        489.0,
        357.0
      ],
      [
        442.0,
        349.0
      ],
      [
        445.0,
        304.0
      ],
      [
        494.0,
        312.0
      ]
    ],
    [
      [
        698.0,
        389.0
      ],
      [
        650.0,
        381.0
      ],
      [
        660.0,
        338.0
      ],
      [
        709.0,
        346.0
      ]
    ],
    [
      [
        358.0,
        271.0
      ],
      [
        316.0,
        264.0
      ],
      [
        318.0,
        216.0
      ],
      [
        361.0,
        223.0
      ]
    ],
    [
      [
        846.0,
        347.0
      ],
      [
        803.0,
        340.0
      ],
      [
        817.0,
        294.0
      ],
      [
        860.0,
        303.0
      ]
    ],
    [
      [
        421.0,
        346.0
      ],
      [
        377.0,
        338.0
      ],
      [
        378.0,
        294.0
      ],
      [
        425.0,
        302.0
      ]
    ],
    [
      [
        764.0,
        398.0
      ],
      [
        719.0,
        391.0
      ],
      [
        731.0,
        348.0
      ],
      [
        777.0,
        357.0
      ]
    ],
    [
      [
        826.0,
        406.0
      ],
      [
        784.0,
        400.0
      ],
      [
        797.0,
        359.0
      ],
      [
        840.0,
        366.0
      ]
    ],
    [
      [
        525.0,
        67.0
      ],
      [
        475.0,
        60.0
      ],
      [
        484.0,
        9.0
      ],
      [
        536.0,
        16.0
      ]
    ],
    [
      [
        357.0,
        335.0
      ],
      [
        316.0,
        326.0
      ],
      [
        317.0,
        284.0
      ],
      [
        359.0,
        292.0
      ]
    ],
    [
      [
        686.0,
        92.0
      ],
      [
        632.0,
        81.0
      ],
      [
        643.0,
        31.0
      ],
      [
        697.0,
        42.0
      ]
    ]
  ],