{
  "size": [
    1280,
    720
  ],
  "ids0": [
    20,
    21,
    26,
    37,
    39,
    35,
    31,
    29,
    38,
    18,
    27,
    33,
    12,
    13,
    23,
    11,
    14,
    10,
    17,
    32,
    15,
    4,
    5,
    24,
    3,
    9,
    6,
    2,
    16,
    7,
    8,
    1,
    36,
    0,
    28
  ],
  "ids1": [
    24,
    17,
    33,
    26,
    35,
    16,
    25,
    27,
    32,
    9,
    18,
    19,
    12,
    8,
    38,
    3,
    13,
    1,
    4,
    22,
    0,
    5,
    34,
    39,
    14,
    31,
    23,
    6,
    15
  ],
  "corners0": [
    [
      [
        667.0,
        294.0
      ],
      [
        615.0,
        286.0
      ],
      [
        623.0,
        236.0
      ],
      [
        675.0,
        245.0
      ]
    ],
    [
      [
        740.0,
        305.0
      ],
      [
        689.0,
        297.0
      ],
      [
        697.0,
        247.0
      ],
      [
        749.0,
        256.0
      ]
    ],
    [
      [
        528.0,
        204.0
      ],
      [
        479.0,
        198.0
      ],
      [
        483.0,
        147.0
      ],
      [
        534.0,
        152.0
      ]
    ],
    [
      [
        763.0,
        159.0
      ],
      [
        713.0,
        150.0
      ],
      [
        721.0,
        100.0
      ],
      [
        772.0,
        109.0
      ]
    ],
    [
      [
        908.0,
        188.0
      ],
      [
        860.0,
        178.0
      ],
      [
        870.0,
        126.0
      ],
      [
        918.0,
        138.0
      ]
    ],
    [
      [
        609.0,
        137.0
      ],
      [
        559.0,
        130.0
      ],
      [
        566.0,
        81.0
      ],
      [
        616.0,
        87.0
      ]
    ],
    [
      [
        893.0,
        259.0
      ],
      [
        846.0,
        249.0
      ],
      [
        857.0,
        199.0
      ],
      [
        905.0,
        210.0
      ]
    ],
    [
      [
        751.1610717773438,
        232.2057342529297
      ],
      [
        702.0,
        224.0
      ],
      [
        711.0,
        175.0
      ],
      [
        760.0,
        184.0
      ]
    ],
    [
      [
        837.0,
        172.0
      ],
      [
        789.0,
        162.0
      ],
      [
        798.0,
        113.0
      ],
      [
        846.0,
        123.0
      ]
    ],
    [
      [
        523.0,
        275.0
      ],
      [
        475.0,
        268.0
      ],
      [
        478.0,
        219.0
      ],
      [
        527.0,
        225.0
      ]
    ],
    [
      [
        600.0,
        211.0
      ],
      [
        552.0,
        204.0
      ],
      [
        557.0,
        156.0
      ],
      [
        607.0,
        162.0
      ]
    ],
    [
      [
        463.0,
        125.0
      ],
      [
        417.0,
        121.0
      ],
      [
        422.0,
        71.0
      ],
      [
        469.0,
        73.0
      ]
    ],
    [
      [
        657.0,
        361.0
      ],
      [
        608.0,
        353.0
      ],
      [
        614.0,
        307.0
      ],
      [
        665.0,
        315.0
      ]
    ],
    [
      [
        727.0,
        371.0
      ],
      [
        678.0,
        363.0
      ],
      [
        686.0,
        318.0
      ],
      [
        737.0,
        326.0
      ]
    ],
    [
      [
        877.0,
        326.0
      ],
      [
        831.0,
        318.0
      ],
      [
        842.0,
        270.0
      ],
      [
        889.0,
        279.0
      ]
    ],
    [
      [
        587.0,
        351.0
      ],
      [
        539.0,
        343.0
      ],
      [
        543.0,
        297.0
      ],
      [
        593.0,
        305.0
      ]
    ],
    [
      [
        795.0,
        380.0
      ],
      [
        748.0,
        373.0
      ],
      [
        758.0,
        328.0
      ],
      [
        806.0,
        336.0
      ]
    ],
    [
      [
        518.0,
        341.0
      ],
      [
        473.0,
        334.0
      ],
      [
        475.0,
        288.0
      ],
      [
        522.0,
        295.0
      ]
    ],
    [
      [
        454.0,
        266.0
      ],
      [
        410.0,
        259.0
      ],
      [
        413.0,
        212.0
      ],
      [
        458.0,
        218.0
      ]
    ],
    [
      [
        396.0,
        121.0
      ],
      [
        355.0,
        118.0
      ],
      [
        359.0,
        70.0
      ],
      [
        401.0,
        71.0
      ]
    ],
    [
      [
        860.0,
        389.0
      ],
      [
        816.0,
        382.0
      ],
      [
        827.0,
        338.0
      ],
      [
        872.0,
        346.0
      ]
    ],
    [
      [
        648.0,
        422.0
      ],
      [
        601.0,
        414.0
      ],
      [
        607.0,
        373.0
      ],
      [
        655.0,
        381.0
      ]
    ],
    [
      [
        715.0,
        431.0
      ],
      [
        669.0,
        424.0
      ],
      [
        676.0,
        383.0
      ],
      [
        724.0,
        391.0
      ]
    ],
    [
      [
        392.0,
        191.0
      ],
      [
        352.0,
        186.0
      ],
      [
        355.0,
        139.0
      ],
      [
        396.0,
        142.0
      ]
    ],
    [
      [
        581.0,
        412.0
      ],
      [
        535.0,
        404.0
      ],
      [
        539.0,
        363.0
      ],
      [
        586.0,
        371.0
      ]
    ],
    [
      [
        453.0,
        331.0
      ],
      [
        410.0,
        324.0
      ],
      [
        411.0,
        280.0
      ],
      [
        455.0,
        287.0
      ]
    ],
    [
      [
        781.0,
        439.0
      ],
      [
        736.0,
        433.0
      ],
      [
        745.0,
        393.0
      ],
      [
        791.0,
        399.0
      ]
    ],
    [
      [
        515.0,
        402.0
      ],
      [
        472.0,
        394.0
      ],
      [
        473.0,
        353.0
      ],
      [
        518.0,
        361.0
      ]
    ],
    [
      [
        391.0,
        258.0
      ],
      [
        352.0,
        252.0
      ],
      [
        353.0,
        207.0
      ],
      [
        393.0,
        212.0
      ]
    ],
    [
      [
        842.0,
        447.0
      ],
      [
        801.0,
        441.0
      ],
      [
        812.0,
        401.0
      ],
      [
        855.0,
        408.0
      ]
    ],
    [
      [
        391.0,
        322.0
      ],
      [
        353.0,
        314.0
      ],
      [
        353.0,
        272.0
      ],
      [
        392.0,
        279.0
      ]
    ],
    [
      [
        452.0,
        391.0
      ],
      [
        412.0,
        384.0
      ],
      [
        412.0,
        344.0
      ],
      [
        453.0,
        351.0
      ]
    ],
    [
      [
        686.0,
        147.0
      ],
      [
        635.0,
        139.0
      ],
      [
        643.0,
        89.0
      ],
      [
        695.0,
        97.0
      ]
    ],
    [
      [
        393.0,
        381.0
      ],
      [
        356.0,
        372.0
      ],
      [
        355.0,
        334.0
      ],
      [
        393.0,
        342.0
      ]
    ],
    [
      [
        678.0,
        223.0
      ],
      [
        624.0,
        215.0
      ],
      [
        632.0,
        162.0
      ],
      [
        686.0,
        171.0
      ]
    ]
  ],