{
  "size": [
    1280,
    720
  ],
  "ids0": [
    19,
    12,
    11,
    3,
    18,
    10,
    2,
    20
  ],
  "ids1": [
    19,
    11,
    18,
    10,
    12,
    3,
    2,
    4,
    17,
    9,
    21,
    13,
    29,
    1,
    5,
    16,
    8,
    22,
    14,
    30,
    0,
    23,
    31,
    20
  ],
  "corners0": [
    [
      [
        595.0,
        159.0
      ],
      [
        530.0,
        145.0
      ],
      [
        544.0,
        77.0
      ],
      [
        610.0,
        89.0
      ]
    ],
    [
      [
        671.0,
        281.0
      ],
      [
        606.0,
        263.0
      ],
      [
        622.616455078125,
        199.55963134765625
      ],
      [
        687.0,
        215.0
      ]
    ],
    [
      [
        575.0,
        258.0
      ],
      [
        513.0,
        242.0
      ],
      [
        525.0,
        175.0
      ],
      [
        589.0,
        189.0
      ]
    ],
    [
      [
        558.0,
        351.0
      ],
      [
        500.0,
        333.0
      ],
      [
        509.0,
        271.0
      ],
      [
        570.0,
        288.0
      ]
    ],
    [
      [
        502.0,
        141.0
      ],
      [
        446.0,
        130.0
      ],
      [
        459.0,
        66.0
      ],
      [
        516.0,
        74.0
      ]
    ],
    [
      [
        486.0,
        236.0
      ],
      [
        432.0,
        222.0
      ],
      [
        442.0,
        159.0
      ],
      [
        497.0,
        170.0
      ]
    ],
    [
      [
        473.0,
        326.0
      ],
      [
        422.0,
        309.0
      ],
      [
        429.0,
        250.0
      ],
      [
        482.0,
        264.0
      ]
    ],
    [
      [
        693.0,
        180.0
      ],
      [
        627.0,
        163.0
      ],
      [
        641.5079956054688,
        96.84652709960938
      ],
      [
        711.0,
        111.0
      ]
    ]
  ],
  "corners1": [
    [
      [
        745.0,
        136.0
      ],
      [
        674.0,
        118.0
      ],
      [
        690.0,
        52.0
      ],
      [
        761.0,
        69.0
      ]
    ],
    [
      [
        722.0,
        233.0
      ],
      [
        653.0,
        217.0
      ],
      [
        669.0,
        149.0
      ],
      [
        739.0,
        167.0
      ]
    ],
    [
      [
        644.0,
        113.0
      ],
      [
        574.0,
        98.0
      ],
      [
        589.0,
        33.0
      ],
      [
        659.0,
        46.0
      ]
    ],
    [
      [
        623.0,
        210.0
      ],
      [
        555.0,
        195.0
      ],
      [
        569.0,
        129.0
      ],
      [
        638.0,
        143.0
      ]
    ],
    [
      [
        818.0,
        258.0
      ],
      [
        751.0,
        240.0
      ],
      [
        769.0,
        173.0
      ],
      [
        836.0,
        193.0
      ]
    ],
    [
      [
        698.0,
        326.0
      ],
      [
        632.0,
        310.0
      ],
      [
        647.0,
        246.0
      ],
      [
        715.0,
        263.0
      ]
    ],
    [
      [
        603.0,
        304.0
      ],
      [
        539.0,
        289.0
      ],
      [
        551.0,
        225.0
      ],
      [
        617.0,
        240.0
      ]
    ],
    [
      [
        791.0,
        349.0
      ],
      [
        727.0,
        333.0
      ],
      [
        744.0,
        270.0
      ],
      [
        810.0,
        288.0
      ]
    ],
    [
      [
        544.0,
        94.0
      ],
      [
        480.0,
        84.0
      ],
      [
        494.1844177246094,
        21.402238845825195
      ],
      [
        558.0,
        29.0
      ]
    ],
    [
      [
        526.0,
        190.0
      ],
      [
        463.0,
        177.0
      ],
      [
        475.0,
        113.0
      ],
      [
        539.0,
        124.0
      ]
    ],
    [
      [
        933.0,
        191.0
      ],
      [
        872.0,
        171.0
      ],
      [
        889.0,
        106.0
      ],
      [
        949.0,
        129.0
      ]
    ],
    [
      [
        906.0,
        283.0
      ],
      [
        846.0,
        265.0
      ],
      [
        865.0,
        201.0
      ],
      [
        923.923095703125,
        221.6116485595703
      ]
    ],
    [
      [
        956.0,
        99.0
      ],
      [
        894.0,
        77.0
      ],
      [
        908.0,
        16.0
      ],
      [
        968.0,
        39.0
      ]
    ],
    [
      [
        510.0,
        283.0
      ],
      [
        451.0,
        269.0
      ],
      [
        460.0,
        207.0
      ],
      [
        521.0,
        220.0
      ]
    ],
    [
      [
        877.0,
        371.0
      ],
      [
        819.0,
        356.0
      ],
      [
        838.757568359375,
        296.3955383300781
      ],
      [
        897.0,
        312.0
      ]
    ],
    [
      [
        450.0,
        81.0
      ],
      [
        394.0,
        74.0
      ],
      [
        406.0,
        13.0
      ],
      [
        464.0,
        18.0
      ]
    ],
    [
      [
        435.0,
        174.0
      ],
      [
        380.0,
        164.0
      ],
      [
        391.0,
        102.0
      ],
      [
        446.0,
        110.0
      ]
    ],
    [
      [
        1013.0,
        220.0
      ],
      [
        960.0,
        200.0
      ],
      [
        976.0,
        139.0
      ],
      [
        1029.0,
        161.0
      ]
    ],
    [
      [
        985.0,
        308.0
      ],
      [
        934.0,
        291.0
      ],
      [
        953.0,
        230.0
      ],
      [
        1005.0,
        249.0
      ]
    ],
    [
      [
        1035.0,
        132.0
      ],
      [
        982.0,
        109.0
      ],
      [
        995.0,
        51.0
      ],
      [
        1047.0,
        75.0
      ]
    ],
    [
      [
        423.0,
        264.0
      ],
      [
        371.0,
        252.0
      ],
      [
        377.0,
        193.0
      ],
      [
        432.0,
        203.0
      ]
    ],
    [
      [
        1082.0,
        249.0
      ],
      [
        1037.0,
        230.0
      ],
      [
        1054.0,
        171.0
      ],
      [
        1097.0,
        192.0
      ]
    ],
    [
      [
        1103.0,
        165.0
      ],
      [
        1059.0,
        143.0
      ],
      [
        1071.0,
        87.0
      ],
      [
        1115.0,
        111.0
      ]
    ],
    [
      [
        842.0,
        163.0
      ],
      [
        775.0,
        143.0
      ],
      [
        791.0,
        77.0
      ],
      [
        859.0,
        97.0
      ]
    ]
  ]
}