{
  "size": [
    1280,
    720
  ],
  "ids0": [
    12,
    19,
    4,
    3,
    11,
    18,
    10,
    2,
    20,
    17,
    1,
    9
  ],
  "ids1": [
    19,
    11,
    20,
    12,
    18,
    10,
    3,
    4,
    21,
    2,
    13,
    17,
    9,
    29,
    5,
    1,
    22,
    14,
    30,
    16,
    8,
    6,
    0,
    23,
    31
  ],
  "corners0": [
    [
      [
        662.0,
        286.0
      ],
      [
        596.0,
        269.0
      ],
      [
        609.0,
        201.0
      ],
      [
        678.0,
        217.0
      ]
    ],
    [
      [
        583.0,
        163.0
      ],
      [
        522.0,
        150.0
      ],
      [
        535.0,
        85.0
      ],
      [
        597.2626953125,
        94.15751647949219
      ]
    ],
    [
      [
        642.0,
        381.0
      ],
      [
        580.0,
        364.0
      ],
      [
        591.0,
        301.0
      ],
      [
        656.0,
        319.0
      ]
    ],
    [
      [
        551.0,
        357.0
      ],
      [
        492.0,
        339.0
      ],
      [
        501.0,
        275.0
      ],
      [
        563.0,
        292.0
      ]
    ],
    [
      [
        564.0,
        262.0
      ],
      [
        506.0,
        246.0
      ],
      [
        517.0,
        182.0
      ],
      [
        578.0,
        195.0
      ]
    ],
    [
      [
        494.0,
        148.0
      ],
      [
        438.0,
        138.0
      ],
      [
        450.0,
        73.0
      ],
      [
        507.0,
        80.0
      ]
    ],
    [
      [
        478.0,
        243.0
      ],
      [
        425.0,
        229.0
      ],
      [
        435.0,
        165.0
      ],
      [
        490.0,
        176.0
      ]
    ],
    [
      [
        467.0,
        332.0
      ],
      [
        416.0,
        316.0
      ],
      [
        422.0,
        256.0
      ],
      [
        475.0,
        270.0
      ]
    ],
    [
      [
        684.0,
        184.0
      ],
      [
        615.0,
        168.0
      ],
      [
        630.0,
        99.0
      ],
      [
        700.0,
        113.0
      ]
    ],
    [
      [
        414.0,
        135.0
      ],
      [
        368.0,
        128.0
      ],
      [
        379.0,
        67.0
      ],
      [
        426.0,
        72.0
      ]
    ],
    [
      [
        394.0,
        312.0
      ],
      [
        348.0,
        296.0
      ],
      [
        352.2220153808594,
        235.3479766845703
      ],
      [
        401.0,
        250.0
      ]
    ],
    [
      [
        401.0,
        224.0
      ],
      [
        357.0,
        214.0
      ],
      [
        365.0,
        154.0
      ],
      [
        411.0,
        163.0
      ]
    ]
  ],
  "corners1": [
    [
      [
        738.0,
        136.0
      ],
      [
        668.0,
        119.0
      ],
      [
        683.0,
        53.0
      ],
      [
        753.0,
        69.0
      ]
    ],
    [
      [
        716.0,
        233.0
      ],
      [
        648.0,
        216.0
      ],
      [
        663.0,
        149.0
      ],
      [
        733.0,
        166.0
      ]
    ],
    [
      [
        836.0,
        161.0
      ],
      [
        768.0,
        142.0
      ],
      [
        784.0,
        76.0
      ],
      [
        852.0,
        95.0
      ]
    ],
    [
      [
        812.0,
        257.0
      ],
      [
        746.0,
        239.0
      ],
      [
        763.0,
        172.0
      ],
      [
        830.0,
        191.0
      ]
    ],
    [
      [
        637.0,
        114.0
      ],
      [
        569.0,
        100.0
      ],
      [
        583.0,
        36.0
      ],
      [
        652.0,
        48.0
      ]
    ],
    [
      [
        618.0,
        211.0
      ],
      [
        552.0,
        197.0
      ],
      [
        564.0,
        131.0
      ],
      [
        632.0,
        144.0
      ]
    ],
    [
      [
        694.0,
        326.0
      ],
      [
        629.0,
        310.0
      ],
      [
        643.0,
        246.0
      ],
      [
        710.0,
        262.0
      ]
    ],
    [
      [
        787.0,
        348.0
      ],
      [
        723.0,
        332.0
      ],
      [
        740.0,
        268.0
      ],
      [
        806.0,
        286.0
      ]
    ],
    [
      [
        927.0,
        189.0
      ],
      [
        866.0,
        169.0
      ],
      [
        881.0,
        104.0
      ],
      [
        943.0,
        125.0
      ]
    ],
    [
      [
        600.0,
        304.0
      ],
      [
        536.0,
        289.0
      ],
      [
        548.0,
        226.0
      ],
      [
        613.0,
        240.0
      ]
    ],
    [
      [
        903.0,
        281.0
      ],
      [
        842.0,
        264.0
      ],
      [
        860.0,
        198.0
      ],
      [
        921.0,
        218.0
      ]
    ],
    [
      [
        539.0,
        97.0
      ],
      [
        476.0,
        87.0
      ],
      [
        489.0,
        25.0
      ],
      [
        553.0,
        33.0
      ]
    ],
    [
      [
        522.0,
        192.0
      ],
      [
        461.0,
        180.0
      ],
      [
        472.0,
        117.0
      ],
      [
        535.0,
        127.0
      ]
    ],
    [
      [
        949.0,
        96.0
      ],
      [
        887.0,
        74.0
      ],
      [
        899.0,
        13.0
      ],
      [
        961.0,
        35.0
      ]
    ],
    [
      [
        874.0,
        370.0
      ],
      [
        816.0,
        354.0
      ],
      [
        834.0,
        293.0
      ],
      [
        894.0,
        310.0
      ]
    ],
    [
      [
        508.0,
        284.0
      ],
      [
        450.0,
        271.0
      ],
      [
        458.0,
        210.0
      ],
      [
        518.0,
        221.0
      ]
    ],
    [
      [
        1009.0,
        217.0
      ],
      [
        956.0,
        197.0
      ],
      [
        971.0,
        135.0
      ],
      [
        1025.0,
        157.0
      ]
    ],
    [
      [
        984.0,
        305.0
      ],
      [
        930.0,
        288.0
      ],
      [
        949.0,
        226.0
      ],
      [
        1002.0,
        245.0
      ]
    ],
    [
      [
        1030.0,
        128.0
      ],
      [
        977.0,
        106.0
      ],
      [
        988.0,
        46.0
      ],
      [
        1042.0,
        70.0
      ]
    ],
    [
      [
        448.0,
        85.0
      ],
      [
        393.0,
        79.0
      ],
      [
        405.0,
        19.0
      ],
      [
        460.0,
        23.0
      ]
    ],
    [
      [
        434.0,
        177.0
      ],
      [
        381.0,
        168.0
      ],
      [
        390.0,
        107.0
      ],
      [
        444.0,
        114.0
      ]
    ],
    [
      [
        954.0,
        390.0
      ],
      [
        902.0,
        376.0
      ],
      [
        923.0,
        317.0
      ],
      [
        975.0,
        333.0
      ]
    ],
    [
      [
        422.0,
        266.0
      ],
      [
        372.0,
        254.0
      ],
      [
        378.0,
        196.0
      ],
      [
        431.0,
        206.0
      ]
    ],
    [
      [
        1080.0,
        245.0
      ],
      [
        1035.0,
        226.0
      ],
      [
        1050.0,
        166.0
      ],
      [
        1095.0,
        187.0
      ]
    ],
    [
      [
        1100.0,
        160.0
      ],
      [
        1055.0,
        137.0
      ],
      [
        1067.0,
        81.0
      ],
      [
        1112.0,
        105.0
      ]
    ]
  ]
}