{
  "size": [
    1280,
    720
  ],
  "ids0": [
    29,
    27,
    21,
    30,
    38,
    19,
    22,
    26,
    12,
    13,
    4,
    18,
    39,
    5,
    17,
    11,
    31,
    14,
    6,
    9,
    10,
    2,
    7,
    24,
    15,
    16,
    1,
    8,
    20,
    0,
    28
  ],
  "ids1": [
    26,
    25,
    27,
    18,
    17,
    19,
    10,
    28,
    16,
    9,
    20,
    8,
    12,
    2,
    1,
    29,
    3,
    21,
    38,
    0,
    4,
    31,
    6,
    15,
    7,
    11
  ],
  "corners0": [
    [
      [
        713.0,
        157.0
      ],
      [
        654.0,
        146.0
      ],
      [
        665.0,
        87.0
      ],
      [
        726.0,
        99.0
      ]
    ],
    [
      [
        536.0,
        128.0
      ],
      [
        477.0,
        119.0
      ],
      [
        487.0,
        61.0
      ],
      [
        546.0,
        69.0
      ]
    ],
    [
      [
        696.0,
        241.0
      ],
      [
        638.0,
        231.0
      ],
      [
        649.0,
        174.0
      ],
      [
        708.0,
        185.0
      ]
    ],
    [
      [
        798.0,
        175.0
      ],
      [
        741.6854248046875,
        161.85289001464844
      ],
      [
        754.0,
        105.0
      ],
      [
        811.0,
        119.0
      ]
    ],
    [
      [
        816.0,
        92.0
      ],
      [
        759.0,
        77.0
      ],
      [
        771.0,
        21.0
      ],
      [
        829.0,
        37.0
      ]
    ],
    [
      [
        523.0,
        213.0
      ],
      [
        467.0,
        205.0
      ],
      [
        475.0,
        147.0
      ],
      [
        532.0,
        156.0
      ]
    ],
    [
      [
        778.0,
        257.0
      ],
      [
        723.0,
        246.0
      ],
      [
        736.0,
        190.0
      ],
      [
        792.0,
        202.0
      ]
    ],
    [
      [
        450.0,
        117.0
      ],
      [
        396.0,
        111.0
      ],
      [
        404.0,
        54.0
      ],
      [
        459.0,
        59.0
      ]
    ],
    [
      [
        595.0,
        308.0
      ],
      [
        540.0,
        298.0
      ],
      [
        548.0,
        244.0
      ],
      [
        605.0,
        254.0
      ]
    ],
    [
      [
        678.0,
        321.0
      ],
      [
        623.0,
        311.0
      ],
      [
        633.0,
        258.0
      ],
      [
        690.0,
        269.0
      ]
    ],
    [
      [
        584.0,
        384.0
      ],
      [
        529.0,
        374.0
      ],
      [
        535.0,
        322.0
      ],
      [
        594.0,
        332.0
      ]
    ],
    [
      [
        440.0,
        201.0
      ],
      [
        387.0,
        194.0
      ],
      [
        394.0,
        138.0
      ],
      [
        447.0,
        145.0
      ]
    ],
    [
      [
        895.0,
        113.0
      ],
      [
        843.0,
        98.0
      ],
      [
        855.0,
        43.0
      ],
      [
        907.0,
        60.0
      ]
    ],
    [
      [
        663.0,
        396.0
      ],
      [
        608.0,
        387.0
      ],
      [
        618.0,
        335.0
      ],
      [
        675.0,
        345.0
      ]
    ],
    [
      [
        363.0,
        194.0
      ],
      [
        313.0,
        187.0
      ],
      [
        318.0,
        130.0
      ],
      [
        369.0,
        135.0
      ]
    ],
    [
      [
        513.0,
        294.0
      ],
      [
        459.0,
        285.0
      ],
      [
        464.0,
        232.0
      ],
      [
        520.0,
        241.0
      ]
    ],
    [
      [
        875.0,
        194.0
      ],
      [
        825.2467651367188,
        181.6598358154297
      ],
      [
        838.0,
        125.0
      ],
      [
        889.0,
        140.0
      ]
    ],
    [
      [
        758.0,
        334.0
      ],
      [
        706.0,
        325.0
      ],
      [
        718.0,
        273.0
      ],
      [
        772.0,
        283.0
      ]
    ],
    [
      [
        740.0,
        407.0
      ],
      [
        686.0,
        398.0
      ],
      [
        699.0,
        348.0
      ],
      [
        754.0,
        358.0
      ]
    ],
    [
      [
        358.0,
        273.0
      ],
      [
        311.0,
        264.0
      ],
      [
        313.0,
        210.0
      ],
      [
        362.0,
        217.0
      ]
    ],
    [
      [
        432.0,
        282.0
      ],
      [
        382.0,
        272.0
      ],
      [
        387.0,
        221.0
      ],
      [
        438.0,
        229.0
      ]
    ],
    [
      [
        429.0,
        358.0
      ],
      [
        379.0,
        348.0
      ],
      [
        381.0,
        297.0
      ],
      [
        433.0,
        306.0
      ]
    ],
    [
      [
        812.0,
        417.0
      ],
      [
        762.0,
        409.0
      ],
      [
        777.0,
        361.0
      ],
      [
        828.0,
        369.0
      ]
    ],
    [
      [
        298.0,
        106.0
      ],
      [
        253.0,
        102.0
      ],
      [
        260.0,
        47.0
      ],
      [
        305.0,
        49.0
      ]
    ],
    [
      [
        833.0,
        346.0
      ],
      [
        785.0,
        338.0
      ],
      [
        799.0,
        288.0
      ],
      [
        848.0,
        298.0
      ]
    ],
    [
      [
        292.0,
        186.0
      ],
      [
        249.0,
        180.0
      ],
      [
        253.0,
        126.0
      ],
      [
        297.0,
        129.0
      ]
    ],
    [
      [
        357.0,
        345.0
      ],
      [
        312.0,
        336.0
      ],
      [
        312.0,
        286.0
      ],
      [
        359.0,
        295.0
      ]
    ],
    [
      [
        290.0,
        262.0
      ],
      [
        248.0,
        254.0
      ],
      [
        249.0,
        203.0
      ],
      [
        292.0,
        208.0
      ]
    ],
    [
      [
        609.0,
        227.0
      ],
      [
        551.0,
        217.0
      ],
      [
        561.0,
        159.0
      ],
      [
        620.0,
        169.0
      ]
    ],
    [
      [
        291.0,
        333.0
      ],
      [
        251.0,
        324.0
      ],
      [
        250.0,
        276.0
      ],
      [
        291.0,
        284.0
      ]
    ],
    [
      [
        624.0,
        142.0
      ],
      [
        564.0,
        131.0
      ],
      [
        575.0,
        72.0
      ],
      [
        637.0,
        83.0
      ]
    ]
  ],