{
  "size": [
    1280,
    720
  ],
  "ids0": [
    28,
    19,
    32,
    17,
    35,
    24,
    26,
    33,
    27,
    29,
    10,
    25,
    11,
    16,
    9,
    18,
    21,
    12,
    38,
    30,
    8,
    13,
    3,
    2,
    22,
    1,
    4,
    39,
    0,
    31,
    5,
    23,
    34,
    6,
    15,
    7,
    36
  ],
  "ids1": [
    32,
    24,
    33,
    25,
    16,
    17,
    34,
    26,
    8,
    18,
    0,
    1,
    9,
    11,
    27,
    2,
    35,
    3,
    12,
    29,
    4,
    13,
    38,
    30,
    5,
    22
  ],
  "corners0": [
    [
      [
        705.0,
        219.0
      ],
      [
        652.0,
        210.0
      ],
      [
        663.0,
        157.0
      ],
      [
        716.0,
        167.0
      ]
    ],
    [
      [
        617.0,
        281.0
      ],
      [
        564.0,
        273.0
      ],
      [
        573.0,
        221.0
      ],
      [
        627.0,
        229.0
      ]
    ],
    [
      [
        410.0,
        102.0
      ],
      [
        359.0,
        97.0
      ],
      [
        367.0,
        44.0
      ],
      [
        419.0,
        48.0
      ]
    ],
    [
      [
        466.0,
        262.0
      ],
      [
        416.0,
        255.0
      ],
      [
        421.0,
        202.0
      ],
      [
        474.0,
        209.0
      ]
    ],
    [
      [
        642.0,
        130.0
      ],
      [
        591.0,
        121.0
      ],
      [
        600.0,
        70.0
      ],
      [
        653.0,
        79.0
      ]
    ],
    [
      [
        401.0,
        179.0
      ],
      [
        351.0,
        173.0
      ],
      [
        357.0,
        120.0
      ],
      [
        408.0,
        125.0
      ]
    ],
    [
      [
        552.2628173828125,
        193.24264526367188
      ],
      [
        500.0,
        187.0
      ],
      [
        509.0,
        136.0
      ],
      [
        560.1343994140625,
        145.67733764648438
      ]
    ],
    [
      [
        485.0,
        108.0
      ],
      [
        434.0,
        101.0
      ],
      [
        443.0,
        51.0
      ],
      [
        494.0,
        56.0
      ]
    ],
    [
      [
        629.0,
        205.0
      ],
      [
        578.0,
        197.0
      ],
      [
        587.0,
        147.0
      ],
      [
        638.0,
        155.0
      ]
    ],
    [
      [
        776.0,
        232.0
      ],
      [
        727.0,
        222.0
      ],
      [
        738.0,
        171.0
      ],
      [
        788.0,
        182.0
      ]
    ],
    [
      [
        533.0,
        341.0
      ],
      [
        482.0,
        334.0
      ],
      [
        487.0,
        285.0
      ],
      [
        540.0,
        293.0
      ]
    ],
    [
      [
        474.0,
        185.0
      ],
      [
        425.0,
        179.0
      ],
      [
        432.0,
        128.0
      ],
      [
        482.0,
        134.0
      ]
    ],
    [
      [
        605.0,
        350.0
      ],
      [
        554.0,
        343.0
      ],
      [
        562.0,
        294.0
      ],
      [
        614.0,
        302.0
      ]
    ],
    [
      [
        394.0,
        253.0
      ],
      [
        346.0,
        247.0
      ],
      [
        350.0,
        195.0
      ],
      [
        399.0,
        201.0
      ]
    ],
    [
      [
        460.0,
        332.0
      ],
      [
        411.0,
        325.0
      ],
      [
        415.0,
        276.0
      ],
      [
        466.0,
        283.0
      ]
    ],
    [
      [
        540.0,
        269.0
      ],
      [
        491.0,
        262.0
      ],
      [
        498.0,
        213.0
      ],
      [
        548.0,
        220.0
      ]
    ],
    [
      [
        759.0,
        301.0
      ],
      [
        712.0,
        293.0
      ],
      [
        723.0,
        244.0
      ],
      [
        772.0,
        253.0
      ]
    ],
    [
      [
        676.0,
        358.0
      ],
      [
        626.0,
        351.0
      ],
      [
        636.0,
        304.0
      ],
      [
        686.0,
        312.0
      ]
    ],
    [
      [
        857.0,
        175.0
      ],
      [
        812.0,
        164.0
      ],
      [
        823.0,
        114.0
      ],
      [
        868.0,
        127.0
      ]
    ],
    [
      [
        841.0,
        244.0
      ],
      [
        796.0,
        235.0
      ],
      [
        808.0,
        185.0
      ],
      [
        853.0,
        196.0
      ]
    ],
    [
      [
        390.0,
        323.0
      ],
      [
        344.0,
        316.0
      ],
      [
        346.0,
        268.0
      ],
      [
        393.0,
        274.0
      ]
    ],
    [
      [
        743.0,
        366.0
      ],
      [
        697.0,
        360.0
      ],
      [
        708.0,
        314.0
      ],
      [
        755.0,
        321.0
      ]
    ],
    [
      [
        594.0,
        413.0
      ],
      [
        546.0,
        407.0
      ],
      [
        552.0,
        363.0
      ],
      [
        602.0,
        370.0
      ]
    ],
    [
      [
        524.0,
        405.0
      ],
      [
        476.0,
        398.0
      ],
      [
        481.0,
        354.0
      ],
      [
        531.0,
        362.0
      ]
    ],
    [
      [
        823.0,
        311.0
      ],
      [
        780.0,
        303.0
      ],
      [
        792.0,
        256.0
      ],
      [
        836.0,
        264.0
      ]
    ],
    [
      [
        455.0,
        397.0
      ],
      [
        408.0,
        390.0
      ],
      [
        411.0,
        346.0
      ],
      [
        459.0,
        353.0
      ]
    ],
    [
      [
        662.0,
        420.0
      ],
      [
        615.0,
        415.0
      ],
      [
        624.0,
        372.0
      ],
      [
        672.0,
        378.0
      ]
    ],
    [
      [
        916.0,
        190.0
      ],
      [
        876.0,
        179.0
      ],
      [
        887.0,
        131.0
      ],
      [
        927.0,
        144.0
      ]
    ],
    [
      [
        388.0,
        388.0
      ],
      [
        344.0,
        381.0
      ],
      [
        344.0,
        337.0
      ],
      [
        390.0,
        344.0
      ]
    ],
    [
      [
        899.0,
        256.0
      ],
      [
        860.0,
        247.0
      ],
      [
        872.0,
        200.0
      ],
      [
        912.0,
        210.0
      ]
    ],
    [
      [
        727.0,
        427.0
      ],
      [
        683.0,
        422.0
      ],
      [
        693.0,
        380.0
      ],
      [
        739.0,
        386.0
      ]
    ],
    [
      [
        882.0,
        319.0
      ],
      [
        843.0,
        313.0
      ],
      [
        856.0,
        267.0
      ],
      [
        895.0,
        275.0
      ]
    ],
    [
      [
        564.0,
        118.0
      ],
      [
        512.0,
        110.0
      ],
      [
        522.7276611328125,
        58.95529556274414
      ],
      [
        574.0,
        67.0
      ]
    ],
    [
      [
        788.0,
        432.0
      ],
      [
        747.0,
        427.0
      ],
      [
        759.0,
        387.0
      ],
      [
        801.0,
        393.0
      ]
    ],
    [
      [
        863.0,
        380.0
      ],
      [
        825.0,
        375.0
      ],
      [
        838.0,
        332.0
      ],
      [
        877.0,
        339.0
      ]
    ],
    [
      [
        844.0,
        436.0
      ],
      [
        807.0,
        432.0
      ],
      [
        820.0,
        394.0
      ],
      [
        858.0,
        398.0
      ]
    ],
    [
      [
        719.0,
        143.0
      ],
      [
        669.0,
        133.0
      ],
      [
        679.0,
        83.0
      ],
      [
        729.0,
        94.0
      ]
    ]
  ],