{
  "size": [
    1280,
    720
  ],
  "ids0": [
    8,
    16,
    0,
    24,
    9,
    17,
    1,
    32,
    25,
    10,
    2,
    18,
    33,
    26,
    11,
    34,
    3,
    19,
    27,
    35,
    12,
    21,
    5,
    28
  ],
  "ids1": [
    13,
    30,
    14,
    37,
    23,
    5,
    38,
    31,
    27,
    19,
    4,
    15,
    6,
    35,
    3,
    21,
    20,
    7,
    29,
    18,
    10,
    12,
    26,
    34,
    17,
    25,
    9,
    33,
    1,
    16,
    8,
    24,
    0,
    32,
    28
  ],
  "corners0": [
    [
      [
        705.0,
        313.0
      ],
      [
        662.0,
        311.0
      ],
      [
        664.0,
        266.0
      ],
      [
        708.0,
        269.0
      ]
    ],
    [
      [
        708.0,
        250.0
      ],
      [
        664.0,
        246.0
      ],
      [
        667.0,
        203.0
      ],
      [
        710.0,
        207.0
      ]
    ],
    [
      [
        701.0,
        376.0
      ],
      [
        659.0,
        374.0
      ],
      [
        662.0,
        330.0
      ],
      [
        705.0,
        333.0
      ]
    ],
    [
      [
        709.0,
        188.0
      ],
      [
        667.0,
        183.0
      ],
      [
        670.0,
        141.0
      ],
      [
        712.0,
        146.0
      ]
    ],
    [
      [
        764.0,
        316.0
      ],
      [
        721.03955078125,
        311.9023132324219
      ],
      [
        727.0,
        269.0
      ],
      [
        767.0,
        273.0
      ]
    ],
    [
      [
        767.0,
        254.0
      ],
      [
        726.0,
        250.0
      ],
      [
        729.0,
        207.0
      ],
      [
        769.0,
        212.0
      ]
    ],
    [
      [
        760.0,
        377.0
      ],
      [
        720.0,
        375.0
      ],
      [
        724.0,
        332.0
      ],
      [
        764.0,
        335.0
      ]
    ],
    [
      [
        711.0,
        127.0
      ],
      [
        669.0,
        122.0
      ],
      [
        672.0,
        82.0
      ],
      [
        713.0,
        88.0
      ]
    ],
    [
      [
        768.0,
        193.0
      ],
      [
        728.0,
        188.0
      ],
      [
        730.0,
        147.0
      ],
      [
        770.0,
        152.0
      ]
    ],
    [
      [
        819.0,
        318.0
      ],
      [
        782.0,
        316.0
      ],
      [
        785.0,
        273.0
      ],
      [
        822.0,
        276.0
      ]
    ],
    [
      [
        815.0,
        378.0
      ],
      [
        778.0,
        376.0
      ],
      [
        782.0,
        334.0
      ],
      [
        819.0,
        336.0
      ]
    ],
    [
      [
        822.0,
        258.0
      ],
      [
        785.0,
        254.0
      ],
      [
        787.0,
        212.0
      ],
      [
        824.0,
        217.0
      ]
    ],
    [
      [
        769.0,
        134.0
      ],
      [
        730.0,
        128.0
      ],
      [
        732.0,
        89.0
      ],
      [
        771.0,
        96.0
      ]
    ],
    [
      [
        823.0,
        199.0
      ],
      [
        787.0,
        194.0
      ],
      [
        789.0,
        153.0
      ],
      [
        825.0,
        159.0
      ]
    ],
    [
      [
        870.0,
        320.0
      ],
      [
        836.0,
        318.0
      ],
      [
        839.0,
        277.0
      ],
      [
        873.0,
        280.0
      ]
    ],
    [
      [
        824.0,
        141.0
      ],
      [
        787.0,
        135.0
      ],
      [
        789.0,
        97.0
      ],
      [
        825.0,
        104.0
      ]
    ],
    [
      [
        866.0,
        378.0
      ],
      [
        832.0,
        376.0
      ],
      [
        836.0,
        336.0
      ],
      [
        870.0,
        338.0
      ]
    ],
    [
      [
        873.0,
        262.0
      ],
      [
        839.0,
        258.0
      ],
      [
        841.0,
        218.0
      ],
      [
        875.0,
        223.0
      ]
    ],
    [
      [
        874.0,
        205.0
      ],
      [
        840.0,
        199.0
      ],
      [
        842.0,
        161.0
      ],
      [
        876.0,
        167.0
      ]
    ],
    [
      [
        874.0,
        149.0
      ],
      [
        841.0,
        143.0
      ],
      [
        842.0,
        106.0
      ],
      [
        875.0,
        113.0
      ]
    ],
    [
      [
        917.0,
        322.0
      ],
      [
        886.0,
        320.0
      ],
      [
        889.0,
        281.0
      ],
      [
        920.0,
        284.0
      ]
    ],
    [
      [
        963.0,
        272.0
      ],
      [
        934.0,
        268.0
      ],
      [
        935.0,
        228.0
      ],
      [
        965.0,
        233.0
      ]
    ],
    [
      [
        956.0,
        379.0
      ],
      [
        927.0,
        378.0
      ],
      [
        931.0,
        338.0
      ],
      [
        961.0,
        340.0
      ]
    ],
    [
      [
        921.0,
        211.0
      ],
      [
        890.0,
        206.0
      ],
      [
        892.0,
        168.0
      ],
      [
        922.0,
        175.0
      ]
    ]
  ],