{
  "size": [
    1280,
    720
  ],
  "ids0": [
    9,
    8,
    16,
    1,
    0,
    24,
    33,
    10,
    17,
    18,
    32,
    2,
    26,
    34,
    11,
    19,
    3,
    27,
    35,
    20,
    12,
    28,
    15,
    7
  ],
  "ids1": [
    21,
    22,
    13,
    29,
    14,
    20,
    30,
    12,
    23,
    15,
    5,
    31,
    6,
    37,
    19,
    18,
    38,
    4,
    26,
    7,
    27,
    2,
    34,
    3,
    35,
    17,
    10,
    25,
    1,
    33,
    16,
    24,
    8,
    0,
    32,
    28,
    11,
    36
  ],
  "corners0": [
    [
      [
        693.0,
        306.0
      ],
      [
        641.0,
        311.0
      ],
      [
        638.0,
        253.0
      ],
      [
        690.0,
        250.0
      ]
    ],
    [
      [
        616.0,
        309.0
      ],
      [
        563.0,
        313.0
      ],
      [
        560.0,
        257.0
      ],
      [
        614.0,
        254.0
      ]
    ],
    [
      [
        614.0,
        227.0
      ],
      [
        561.0,
        229.0
      ],
      [
        558.0,
        173.0
      ],
      [
        612.0,
        172.0
      ]
    ],
    [
      [
        693.0,
        384.0
      ],
      [
        642.0,
        390.0
      ],
      [
        640.0,
        333.0
      ],
      [
        692.0,
        329.0
      ]
    ],
    [
      [
        618.0,
        390.0
      ],
      [
        567.0,
        396.0
      ],
      [
        563.0,
        341.0
      ],
      [
        616.0,
        336.0
      ]
    ],
    [
      [
        613.0,
        145.0
      ],
      [
        560.0,
        146.0
      ],
      [
        558.0,
        92.0
      ],
      [
        610.0,
        93.0
      ]
    ],
    [
      [
        686.0,
        76.0
      ],
      [
        634.0,
        70.0
      ],
      [
        634.0,
        20.0
      ],
      [
        685.0,
        26.0
      ]
    ],
    [
      [
        760.0,
        303.0
      ],
      [
        715.13720703125,
        308.68670654296875
      ],
      [
        712.0,
        251.0
      ],
      [
        758.0,
        249.0
      ]
    ],
    [
      [
        688.0,
        227.0
      ],
      [
        640.0,
        226.0
      ],
      [
        640.0,
        172.0
      ],
      [
        688.0,
        175.0
      ]
    ],
    [
      [
        758.0,
        229.0
      ],
      [
        712.0,
        228.0
      ],
      [
        711.0,
        173.0
      ],
      [
        758.0,
        176.0
      ]
    ],
    [
      [
        611.0,
        67.0
      ],
      [
        559.0,
        66.0
      ],
      [
        558.0,
        17.0
      ],
      [
        608.0,
        19.0
      ]
    ],
    [
      [
        759.0,
        377.0
      ],
      [
        714.0,
        383.0
      ],
      [
        713.0,
        329.0
      ],
      [
        759.0,
        325.0
      ]
    ],
    [
      [
        755.4398803710938,
        156.80703735351562
      ],
      [
        709.0,
        150.0
      ],
      [
        709.0,
        98.0
      ],
      [
        755.0,
        104.0
      ]
    ],
    [
      [
        752.0,
        83.0
      ],
      [
        707.0,
        77.0
      ],
      [
        706.0,
        28.0
      ],
      [
        751.0,
        35.0
      ]
    ],
    [
      [
        819.0,
        301.0
      ],
      [
        778.0,
        302.0
      ],
      [
        779.0,
        249.0
      ],
      [
        820.0,
        251.0
      ]
    ],
    [
      [
        818.0,
        230.0
      ],
      [
        777.0,
        228.0
      ],
      [
        777.0,
        176.0
      ],
      [
        818.0,
        180.0
      ]
    ],
    [
      [
        819.0,
        369.0
      ],
      [
        779.0,
        376.0
      ],
      [
        778.0,
        324.0
      ],
      [
        818.0,
        321.0
      ]
    ],
    [
      [
        816.0,
        159.0
      ],
      [
        775.0,
        154.0
      ],
      [
        775.0,
        105.0
      ],
      [
        815.0,
        111.0
      ]
    ],
    [
      [
        812.0,
        91.0
      ],
      [
        772.0,
        84.0
      ],
      [
        771.0,
        38.0
      ],
      [
        810.0,
        46.0
      ]
    ],
    [
      [
        871.0,
        231.0
      ],
      [
        836.0,
        229.0
      ],
      [
        836.0,
        180.0
      ],
      [
        871.0,
        184.0
      ]
    ],
    [
      [
        872.0,
        300.0
      ],
      [
        835.0,
        300.0
      ],
      [
        836.0,
        248.0
      ],
      [
        873.0,
        250.0
      ]
    ],
    [
      [
        869.0,
        164.0
      ],
      [
        834.0,
        160.0
      ],
      [
        833.0,
        113.0
      ],
      [
        868.0,
        119.0
      ]
    ],
    [
      [
        993.0,
        294.0
      ],
      [
        970.0,
        294.0
      ],
      [
        971.0,
        251.0
      ],
      [
        995.0,
        253.0
      ]
    ],
    [
      [
        991.0,
        350.0
      ],
      [
        969.0,
        353.0
      ],
      [
        969.0,
        311.0
      ],
      [
        992.0,
        308.0
      ]
    ]
  ],