{
  "size": [
    1280,
    720
  ],
  "ids0": [
    8,
    0,
    9,
    1,
    17,
    24,
    2,
    10,
    25,
    32,
    18,
    26,
    33,
    3,
    11,
    19,
    34,
    27,
    12,
    4,
    20,
    35,
    28,
    30,
    38,
    7,
    31
  ],
  "ids1": [
    22,
    21,
    13,
    14,
    30,
    29,
    20,
    12,
    23,
    5,
    15,
    6,
    28,
    31,
    4,
    37,
    7,
    38,
    19,
    11,
    27,
    39,
    3,
    35,
    18,
    10,
    26,
    17,
    2,
    1,
    34,
    8,
    16,
    0,
    24,
    36,
    32
  ],
  "corners0": [
    [
      [
        817.0,
        279.0
      ],
      [
        767.0,
        273.0
      ],
      [
        771.0,
        222.0
      ],
      [
        821.0,
        228.0
      ]
    ],
    [
      [
        811.0,
        351.0
      ],
      [
        761.0,
        346.0
      ],
      [
        766.0,
        295.0
      ],
      [
        816.0,
        300.0
      ]
    ],
    [
      [
        884.0,
        286.0
      ],
      [
        837.0,
        280.0
      ],
      [
        842.0,
        229.0
      ],
      [
        888.0,
        236.0
      ]
    ],
    [
      [
        878.0,
        356.0
      ],
      [
        831.0,
        352.0
      ],
      [
        837.0,
        301.0
      ],
      [
        883.0,
        306.0
      ]
    ],
    [
      [
        888.0,
        215.0
      ],
      [
        842.0,
        209.0
      ],
      [
        845.0,
        160.0
      ],
      [
        891.0,
        167.0
      ]
    ],
    [
      [
        824.0,
        138.0
      ],
      [
        776.0,
        131.0
      ],
      [
        778.0,
        85.0
      ],
      [
        826.0,
        92.0
      ]
    ],
    [
      [
        940.0,
        361.0
      ],
      [
        897.0,
        357.0
      ],
      [
        904.7997436523438,
        305.4664001464844
      ],
      [
        946.0,
        313.0
      ]
    ],
    [
      [
        946.0,
        293.0
      ],
      [
        904.0,
        287.0
      ],
      [
        909.0054931640625,
        235.46002197265625
      ],
      [
        950.0,
        244.0
      ]
    ],
    [
      [
        890.0,
        147.0
      ],
      [
        845.0,
        140.0
      ],
      [
        847.0,
        94.0
      ],
      [
        892.0,
        102.0
      ]
    ],
    [
      [
        827.0,
        71.0
      ],
      [
        779.0,
        66.0
      ],
      [
        779.0,
        24.0
      ],
      [
        826.0,
        29.0
      ]
    ],
    [
      [
        950.0,
        224.0
      ],
      [
        908.0,
        217.0
      ],
      [
        912.75244140625,
        167.43814086914062
      ],
      [
        952.0,
        177.0
      ]
    ],
    [
      [
        950.7608032226562,
        159.55239868164062
      ],
      [
        910.0,
        149.0
      ],
      [
        911.0,
        104.0
      ],
      [
        952.0,
        113.0
      ]
    ],
    [
      [
        891.0,
        82.0
      ],
      [
        846.0,
        74.0
      ],
      [
        847.0,
        32.0
      ],
      [
        891.0,
        41.0
      ]
    ],
    [
      [
        996.0,
        366.0
      ],
      [
        958.0,
        362.0
      ],
      [
        964.0,
        314.0
      ],
      [
        1002.0,
        319.0
      ]
    ],
    [
      [
        1003.0,
        299.0
      ],
      [
        965.0,
        294.0
      ],
      [
        968.0,
        246.0
      ],
      [
        1007.0,
        253.0
      ]
    ],
    [
      [
        1007.0,
        233.0
      ],
      [
        968.0,
        225.0
      ],
      [
        971.0,
        180.0
      ],
      [
        1008.0,
        187.0
      ]
    ],
    [
      [
        951.0,
        94.0
      ],
      [
        910.0,
        85.0
      ],
      [
        910.0,
        44.0
      ],
      [
        951.0,
        54.0
      ]
    ],
    [
      [
        1008.0,
        168.0
      ],
      [
        970.0,
        160.0
      ],
      [
        971.0,
        116.0
      ],
      [
        1008.0,
        125.0
      ]
    ],
    [
      [
        1054.0,
        306.0
      ],
      [
        1020.0,
        301.0
      ],
      [
        1024.0,
        254.0
      ],
      [
        1058.0,
        262.0
      ]
    ],
    [
      [
        1048.0,
        370.0
      ],
      [
        1014.0,
        366.0
      ],
      [
        1020.0,
        320.0
      ],
      [
        1053.0,
        325.0
      ]
    ],
    [
      [
        1057.0,
        242.0
      ],
      [
        1024.0,
        235.0
      ],
      [
        1026.0,
        190.0
      ],
      [
        1059.0,
        198.0
      ]
    ],
    [
      [
        1006.0,
        106.0
      ],
      [
        969.0,
        97.0
      ],
      [
        969.0,
        56.0
      ],
      [
        1005.0,
        66.0
      ]
    ],
    [
      [
        1058.0,
        179.0
      ],
      [
        1025.0,
        171.0
      ],
      [
        1025.0,
        129.0
      ],
      [
        1058.0,
        138.0
      ]
    ],
    [
      [
        1145.0,
        202.0
      ],
      [
        1117.0,
        194.0
      ],
      [
        1117.0,
        152.0
      ],
      [
        1145.0,
        161.0
      ]
    ],
    [
      [
        1143.0,
        146.0
      ],
      [
        1115.0,
        136.0
      ],
      [
        1113.0,
        96.0
      ],
      [
        1141.0,
        107.0
      ]
    ],
    [
      [
        1170.0,
        381.0
      ],
      [
        1146.0,
        378.0
      ],
      [
        1151.0,
        335.0
      ],
      [
        1176.0,
        339.0
      ]
    ],
    [
      [
        1180.0,
        212.0
      ],
      [
        1156.0,
        204.0
      ],
      [
        1155.0,
        164.0
      ],
      [
        1180.7213134765625,
        172.77267456054688
      ]
    ]
  ],