{
  "size": [
    1280,
    720
  ],
  "ids0": [
    10,
    2,
    1,
    3,
    9,
    18,
    0,
    12,
    8,
    17,
    19,
    20,
    16,
    26,
    25,
    5,
    13,
    24,
    21,
    28,
    34,
    33,
    35,
    14,
    29,
    6,
    32,
    22,
    37,
    30,
    11,
    36,
    15
  ],
  "ids1": [
    23,
    31,
    14,
    15,
    22,
    39,
    30,
    7,
    21,
    29,
    38,
    6,
    13,
    37,
    5,
    28,
    12,
    11,
    4,
    35,
    3,
    18,
    26,
    10,
    34,
    20,
    36,
    2,
    17,
    32
  ],
  "corners0": [
    [
      [
        915.0,
        287.0
      ],
      [
        869.0,
        276.0
      ],
      [
        879.0,
        229.0
      ],
      [
        925.0,
        241.0
      ]
    ],
    [
      [
        900.0,
        354.0
      ],
      [
        855.0,
        342.0
      ],
      [
        866.0,
        295.0
      ],
      [
        911.0,
        307.0
      ]
    ],
    [
      [
        836.0,
        338.0
      ],
      [
        790.0,
        327.0
      ],
      [
        801.0,
        281.0
      ],
      [
        846.0,
        292.0
      ]
    ],
    [
      [
        963.0,
        369.0
      ],
      [
        919.0,
        358.0
      ],
      [
        930.0,
        311.0
      ],
      [
        975.0,
        323.0
      ]
    ],
    [
      [
        850.0,
        272.0
      ],
      [
        804.0,
        261.0
      ],
      [
        814.0,
        216.0
      ],
      [
        859.0,
        225.0
      ]
    ],
    [
      [
        927.0,
        221.0
      ],
      [
        882.0,
        210.0
      ],
      [
        890.0,
        165.0
      ],
      [
        937.60400390625,
        176.61154174804688
      ]
    ],
    [
      [
        771.0,
        323.0
      ],
      [
        727.0,
        312.0
      ],
      [
        737.0,
        267.0
      ],
      [
        781.0,
        277.0
      ]
    ],
    [
      [
        1038.0,
        319.0
      ],
      [
        996.0,
        307.0
      ],
      [
        1006.0,
        260.0
      ],
      [
        1048.0,
        272.0
      ]
    ],
    [
      [
        784.0,
        258.0
      ],
      [
        740.0,
        248.0
      ],
      [
        750.0,
        203.0
      ],
      [
        794.0,
        212.0
      ]
    ],
    [
      [
        862.0,
        206.0
      ],
      [
        817.0,
        196.0
      ],
      [
        826.0,
        152.0
      ],
      [
        871.0,
        161.0
      ]
    ],
    [
      [
        990.0,
        236.0
      ],
      [
        946.0,
        224.0
      ],
      [
        955.8358154296875,
        177.169921875
      ],
      [
        998.0,
        191.0
      ]
    ],
    [
      [
        1050.0,
        253.0
      ],
      [
        1009.0,
        241.0
      ],
      [
        1017.7600708007812,
        193.03988647460938
      ],
      [
        1058.0,
        207.0
      ]
    ],
    [
      [
        797.0,
        193.0
      ],
      [
        753.0,
        184.0
      ],
      [
        762.0,
        141.0
      ],
      [
        806.0,
        149.0
      ]
    ],
    [
      [
        938.0,
        156.0
      ],
      [
        893.0,
        145.0
      ],
      [
        900.0,
        103.0
      ],
      [
        944.0,
        113.0
      ]
    ],
    [
      [
        873.0,
        142.0
      ],
      [
        828.0,
        132.0
      ],
      [
        836.0,
        91.0
      ],
      [
        881.0,
        100.0
      ]
    ],
    [
      [
        1080.0,
        399.0
      ],
      [
        1041.0,
        389.0
      ],
      [
        1053.0,
        342.0
      ],
      [
        1092.0,
        354.0
      ]
    ],
    [
      [
        1095.0,
        334.0
      ],
      [
        1056.0,
        323.0
      ],
      [
        1066.0,
        276.0
      ],
      [
        1104.0,
        288.0
      ]
    ],
    [
      [
        808.0,
        130.0
      ],
      [
        765.0,
        122.0
      ],
      [
        773.0,
        81.0
      ],
      [
        817.0,
        89.0
      ]
    ],
    [
      [
        1107.0,
        269.0
      ],
      [
        1068.0,
        257.0
      ],
      [
        1076.0,
        212.0
      ],
      [
        1114.0,
        225.0
      ]
    ],
    [
      [
        1057.5438232421875,
        189.86453247070312
      ],
      [
        1019.0,
        176.0
      ],
      [
        1025.0,
        133.0
      ],
      [
        1065.0,
        145.0
      ]
    ],
    [
      [
        946.0,
        94.0
      ],
      [
        902.0,
        84.0
      ],
      [
        908.0,
        45.0
      ],
      [
        951.0,
        55.0
      ]
    ],
    [
      [
        882.0,
        81.0
      ],
      [
        838.0,
        72.0
      ],
      [
        845.0,
        34.0
      ],
      [
        888.0,
        42.0
      ]
    ],
    [
      [
        1007.0,
        109.0
      ],
      [
        965.0,
        98.0
      ],
      [
        970.0,
        58.0
      ],
      [
        1011.0,
        69.0
      ]
    ],
    [
      [
        1147.0,
        349.0
      ],
      [
        1112.0,
        338.0
      ],
      [
        1121.0,
        293.0
      ],
      [
        1156.0,
        304.0
      ]
    ],
    [
      [
        1115.0,
        205.0
      ],
      [
        1077.0,
        192.0
      ],
      [
        1083.0,
        150.0
      ],
      [
        1120.0,
        162.0
      ]
    ],
    [
      [
        1131.0,
        413.0
      ],
      [
        1097.0,
        403.0
      ],
      [
        1108.0,
        358.0
      ],
      [
        1143.0,
        368.0
      ]
    ],
    [
      [
        819.0,
        70.0
      ],
      [
        776.0,
        63.0
      ],
      [
        783.0,
        25.0
      ],
      [
        826.0,
        32.0
      ]
    ],
    [
      [
        1158.0,
        285.0
      ],
      [
        1124.0,
        274.0
      ],
      [
        1132.16015625,
        227.11241149902344
      ],
      [
        1165.0,
        241.0
      ]
    ],
    [
      [
        1121.0,
        143.0
      ],
      [
        1084.0,
        131.0
      ],
      [
        1087.0,
        91.0
      ],
      [
        1124.0,
        104.0
      ]
    ],
    [
      [
        1167.0,
        222.0
      ],
      [
        1133.0,
        210.0
      ],
      [
        1137.0,
        168.0
      ],
      [
        1171.0,
        180.0
      ]
    ],
    [
      [
        978.0,
        303.0
      ],
      [
        934.0,
        291.0
      ],
      [
        944.0,
        244.0
      ],
      [
        988.0,
        256.0
      ]
    ],
    [
      [
        1066.0,
        126.0
      ],
      [
        1026.0,
        114.0
      ],
      [
        1030.0,
        74.0
      ],
      [
        1069.0,
        86.0
      ]
    ],
    [
      [
        1194.0,
        363.0
      ],
      [
        1163.0,
        353.0
      ],
      [
        1172.0,
        309.0
      ],
      [
        1203.0,
        321.0
      ]
    ]
  ],