{
  "size": [
    1280,
    720
  ],
  "ids0": [
    8,
    1,
    0,
    9,
    2,
    16,
    17,
    10,
    18,
    11,
    3,
    24,
    25,
    26,
    19,
    4,
    27,
    33,
    32,
    20,
    34,
    28,
    5,
    13,
    35,
    29,
    7,
    37,
    31,
    36
  ],
  "ids1": [
    23,
    31,
    14,
    15,
    21,
    22,
    13,
    29,
    30,
    39,
    38,
    6,
    7,
    5,
    37,
    12,
    28,
    4,
    19,
    27,
    11,
    18,
    35,
    10,
    3,
    26,
    2,
    34,
    20,
    17,
    36,
    25,
    1,
    33,
    32
  ],
  "corners0": [
    [
      [
        818.0,
        267.0
      ],
      [
        771.0,
        259.0
      ],
      [
        778.0,
        212.0
      ],
      [
        825.0,
        220.0
      ]
    ],
    [
      [
        873.0,
        346.0
      ],
      [
        827.0,
        337.0
      ],
      [
        835.0,
        290.0
      ],
      [
        881.0,
        298.0
      ]
    ],
    [
      [
        807.0,
        335.0
      ],
      [
        761.0,
        326.0
      ],
      [
        769.0,
        279.0
      ],
      [
        815.0,
        287.0
      ]
    ],
    [
      [
        883.0,
        279.0
      ],
      [
        837.0,
        269.0
      ],
      [
        845.0,
        223.0
      ],
      [
        891.0,
        232.0
      ]
    ],
    [
      [
        937.0,
        357.0
      ],
      [
        892.0,
        348.0
      ],
      [
        901.0,
        301.0
      ],
      [
        945.0,
        310.0
      ]
    ],
    [
      [
        827.0,
        200.0
      ],
      [
        780.0,
        193.0
      ],
      [
        787.0,
        147.0
      ],
      [
        833.0,
        155.0
      ]
    ],
    [
      [
        892.0,
        212.0
      ],
      [
        846.0,
        202.0
      ],
      [
        853.0,
        157.0
      ],
      [
        898.0,
        166.0
      ]
    ],
    [
      [
        947.0,
        290.0
      ],
      [
        903.0,
        281.0
      ],
      [
        910.0,
        234.0
      ],
      [
        954.0,
        243.0
      ]
    ],
    [
      [
        953.8692626953125,
        225.6522979736328
      ],
      [
        912.0,
        215.0
      ],
      [
        917.0,
        169.0
      ],
      [
        961.0,
        178.0
      ]
    ],
    [
      [
        1008.0,
        302.0
      ],
      [
        966.0,
        293.0
      ],
      [
        973.0,
        246.0
      ],
      [
        1015.0,
        256.0
      ]
    ],
    [
      [
        997.0,
        368.0
      ],
      [
        955.0,
        359.0
      ],
      [
        964.0,
        313.0
      ],
      [
        1005.0,
        321.0
      ]
    ],
    [
      [
        834.0,
        136.0
      ],
      [
        788.0,
        128.0
      ],
      [
        794.0,
        86.0
      ],
      [
        839.0,
        93.0
      ]
    ],
    [
      [
        899.0,
        146.0
      ],
      [
        854.0,
        138.0
      ],
      [
        859.0,
        95.0
      ],
      [
        904.0,
        104.0
      ]
    ],
    [
      [
        962.0,
        159.0
      ],
      [
        919.0,
        150.0
      ],
      [
        923.0,
        106.0
      ],
      [
        966.0,
        116.0
      ]
    ],
    [
      [
        1016.0,
        236.0
      ],
      [
        974.0,
        226.0
      ],
      [
        980.0,
        181.0
      ],
      [
        1021.0,
        192.0
      ]
    ],
    [
      [
        1053.0,
        378.0
      ],
      [
        1014.0,
        370.0
      ],
      [
        1023.0,
        324.0
      ],
      [
        1062.0,
        333.0
      ]
    ],
    [
      [
        1022.0,
        172.0
      ],
      [
        981.0,
        162.0
      ],
      [
        986.0045166015625,
        117.26654052734375
      ],
      [
        1025.0,
        130.0
      ]
    ],
    [
      [
        904.0,
        85.0
      ],
      [
        860.0,
        76.0
      ],
      [
        864.0,
        37.0
      ],
      [
        907.0,
        45.0
      ]
    ],
    [
      [
        840.0,
        74.0
      ],
      [
        795.0,
        67.0
      ],
      [
        801.0,
        28.0
      ],
      [
        844.0,
        35.0
      ]
    ],
    [
      [
        1072.0,
        249.0
      ],
      [
        1034.0,
        240.0
      ],
      [
        1039.0,
        195.0
      ],
      [
        1076.0,
        205.0
      ]
    ],
    [
      [
        966.0,
        97.0
      ],
      [
        923.0,
        87.0
      ],
      [
        926.0,
        48.0
      ],
      [
        968.0,
        57.0
      ]
    ],
    [
      [
        1077.0,
        186.0
      ],
      [
        1039.0,
        176.0
      ],
      [
        1044.1561279296875,
        131.34097290039062
      ],
      [
        1080.0,
        145.0
      ]
    ],
    [
      [
        1104.0,
        388.0
      ],
      [
        1070.0,
        381.0
      ],
      [
        1079.0,
        335.0
      ],
      [
        1113.0,
        344.0
      ]
    ],
    [
      [
        1115.0,
        325.0
      ],
      [
        1081.0,
        317.0
      ],
      [
        1087.0,
        272.0
      ],
      [
        1122.0,
        281.0
      ]
    ],
    [
      [
        1024.0,
        111.0
      ],
      [
        985.0,
        101.0
      ],
      [
        987.0,
        61.0
      ],
      [
        1026.0,
        71.0
      ]
    ],
    [
      [
        1127.0,
        200.0
      ],
      [
        1094.0,
        190.0
      ],
      [
        1097.0,
        148.0
      ],
      [
        1130.0,
        159.0
      ]
    ],
    [
      [
        1194.0,
        406.0
      ],
      [
        1164.0,
        400.0
      ],
      [
        1173.0,
        355.0
      ],
      [
        1202.0,
        363.0
      ]
    ],
    [
      [
        1129.0,
        140.0
      ],
      [
        1096.0,
        129.0
      ],
      [
        1097.0,
        91.0
      ],
      [
        1130.0,
        102.0
      ]
    ],
    [
      [
        1216.0,
        229.0
      ],
      [
        1187.0,
        219.0
      ],
      [
        1189.0,
        177.0
      ],
      [
        1218.0,
        188.0
      ]
    ],
    [
      [
        1079.0,
        125.0
      ],
      [
        1042.0,
        114.0
      ],
      [
        1044.0,
        75.0
      ],
      [
        1080.0,
        86.0
      ]
    ]
  ],