{
  "size": [
    1280,
    720
  ],
  "ids0": [
    2,
    3,
    1,
    4,
    0,
    10,
    11,
    9,
    12,
    5,
    8,
    18,
    19,
    17,
    13,
    6,
    20,
    16,
    21,
    26,
    27,
    25,
    7,
    28,
    24,
    22,
    15,
    29,
    23,
    30
  ],
  "ids1": [
    15,
    23,
    7,
    14,
    22,
    6,
    31,
    30,
    13,
    5,
    21,
    39,
    12,
    38,
    29,
    37,
    28,
    11,
    3,
    27,
    35,
    10,
    18,
    2,
    36,
    32
  ],
  "corners0": [
    [
      [
        860.0,
        351.0
      ],
      [
        814.0,
        340.0
      ],
      [
        825.0,
        293.0
      ],
      [
        870.0,
        304.0
      ]
    ],
    [
      [
        926.0,
        366.0
      ],
      [
        880.0,
        355.0
      ],
      [
        890.0,
        308.0
      ],
      [
        935.0,
        320.0
      ]
    ],
    [
      [
        794.0,
        335.0
      ],
      [
        747.0,
        324.0
      ],
      [
        759.0,
        279.0
      ],
      [
        805.0,
        290.0
      ]
    ],
    [
      [
        987.0,
        382.0
      ],
      [
        944.0,
        370.0
      ],
      [
        954.0,
        323.0
      ],
      [
        996.0,
        335.0
      ]
    ],
    [
      [
        728.0,
        320.0
      ],
      [
        683.0,
        310.0
      ],
      [
        695.0,
        266.0
      ],
      [
        739.0,
        276.0
      ]
    ],
    [
      [
        873.0,
        285.0
      ],
      [
        828.0,
        274.0
      ],
      [
        837.0,
        231.0
      ],
      [
        882.0,
        241.0
      ]
    ],
    [
      [
        937.0,
        300.0
      ],
      [
        893.0,
        289.0
      ],
      [
        901.0,
        245.0
      ],
      [
        945.0,
        256.0
      ]
    ],
    [
      [
        808.0,
        270.0
      ],
      [
        763.0,
        260.0
      ],
      [
        773.0,
        218.0
      ],
      [
        818.0,
        227.0
      ]
    ],
    [
      [
        997.46337890625,
        317.8153381347656
      ],
      [
        956.0,
        304.0
      ],
      [
        964.0,
        260.0
      ],
      [
        1005.0,
        271.0
      ]
    ],
    [
      [
        1046.0,
        396.0
      ],
      [
        1006.0,
        385.0
      ],
      [
        1014.0,
        339.0
      ],
      [
        1054.0,
        350.0
      ]
    ],
    [
      [
        743.0,
        257.0
      ],
      [
        699.0,
        247.0
      ],
      [
        710.0,
        206.0
      ],
      [
        754.0,
        215.0
      ]
    ],
    [
      [
        884.0,
        223.0
      ],
      [
        840.0,
        212.0
      ],
      [
        849.0,
        172.0
      ],
      [
        892.0,
        183.0
      ]
    ],
    [
      [
        946.046142578125,
        239.80686950683594
      ],
      [
        903.0,
        226.0
      ],
      [
        910.0,
        186.0
      ],
      [
        953.0,
        197.0
      ]
    ],
    [
      [
        821.0,
        209.0
      ],
      [
        777.0,
        199.0
      ],
      [
        786.0,
        160.0
      ],
      [
        829.0,
        169.0
      ]
    ],
    [
      [
        1056.0,
        331.0
      ],
      [
        1017.0,
        320.0
      ],
      [
        1023.0,
        276.0
      ],
      [
        1062.0,
        288.0
      ]
    ],
    [
      [
        1100.0,
        410.0
      ],
      [
        1064.0,
        400.0
      ],
      [
        1072.0,
        354.0
      ],
      [
        1109.474365234375,
        366.9300231933594
      ]
    ],
    [
      [
        1006.0,
        253.0
      ],
      [
        965.0,
        241.0
      ],
      [
        971.0,
        201.0
      ],
      [
        1011.0,
        212.0
      ]
    ],
    [
      [
        757.0,
        196.0
      ],
      [
        714.0,
        188.0
      ],
      [
        725.0,
        150.0
      ],
      [
        767.0,
        158.0
      ]
    ],
    [
      [
        1062.0,
        269.0
      ],
      [
        1024.0,
        256.0
      ],
      [
        1029.0,
        216.0
      ],
      [
        1067.0,
        229.0
      ]
    ],
    [
      [
        893.0,
        165.0
      ],
      [
        851.0,
        155.0
      ],
      [
        858.0,
        119.0
      ],
      [
        899.0,
        128.0
      ]
    ],
    [
      [
        954.0,
        179.0
      ],
      [
        912.0,
        168.0
      ],
      [
        918.0,
        132.0
      ],
      [
        958.0,
        142.0
      ]
    ],
    [
      [
        832.0,
        151.0
      ],
      [
        789.0,
        142.0
      ],
      [
        797.0,
        108.0
      ],
      [
        839.0,
        116.0
      ]
    ],
    [
      [
        1148.0,
        423.0
      ],
      [
        1116.0,
        413.0
      ],
      [
        1124.0,
        369.0
      ],
      [
        1156.0,
        380.0
      ]
    ],
    [
      [
        1012.0,
        194.0
      ],
      [
        972.0,
        183.0
      ],
      [
        977.0,
        146.0
      ],
      [
        1015.0,
        157.0
      ]
    ],
    [
      [
        770.0,
        140.0
      ],
      [
        728.0,
        132.0
      ],
      [
        738.0,
        98.0
      ],
      [
        778.0,
        105.0
      ]
    ],
    [
      [
        1115.0,
        284.0
      ],
      [
        1080.0,
        273.0
      ],
      [
        1084.0,
        233.0
      ],
      [
        1118.0,
        245.0
      ]
    ],
    [
      [
        1157.0,
        360.0
      ],
      [
        1125.0,
        350.0
      ],
      [
        1131.0,
        307.0
      ],
      [
        1162.0,
        319.0
      ]
    ],
    [
      [
        1067.0,
        210.0
      ],
      [
        1030.0,
        199.0
      ],
      [
        1033.0,
        162.0
      ],
      [
        1069.0,
        173.0
      ]
    ],
    [
      [
        1162.0,
        300.0
      ],
      [
        1131.0,
        289.0
      ],
      [
        1134.0,
        249.0
      ],
      [
        1164.0,
        260.0
      ]
    ],
    [
      [
        1117.0,
        226.0
      ],
      [
        1084.0,
        215.0
      ],
      [
        1086.0,
        178.0
      ],
      [
        1119.0,
        190.0
      ]
    ]
  ],