{
  "size": [
    1280,
    720
  ],
  "ids0": [
    2,
    1,
    3,
    0,
    4,
    10,
    9,
    11,
    8,
    5,
    12,
    18,
    19,
    17,
    13,
    16,
    6,
    20,
    26,
    35,
    27,
    14,
    21,
    23,
    7,
    15,
    29,
    22,
    28
  ],
  "ids1": [
    15,
    7,
    23,
    14,
    22,
    31,
    30,
    38,
    13,
    5,
    12,
    21,
    4,
    37,
    28,
    11,
    3,
    19,
    27,
    35,
    10,
    2,
    18,
    6,
    26,
    17,
    34,
    8,
    36,
    24
  ],
  "corners0": [
    [
      [
        853.0,
        381.0
      ],
      [
        808.0,
        370.0
      ],
      [
        818.0,
        327.0
      ],
      [
        862.0,
        337.0
      ]
    ],
    [
      [
        789.0,
        367.0
      ],
      [
        745.0,
        357.0
      ],
      [
        755.0,
        314.0
      ],
      [
        799.0,
        324.0
      ]
    ],
    [
      [
        914.0,
        395.0
      ],
      [
        869.404541015625,
        382.3033142089844
      ],
      [
        881.0,
        340.0
      ],
      [
        923.0,
        351.0
      ]
    ],
    [
      [
        726.0,
        353.0
      ],
      [
        682.0,
        343.0
      ],
      [
        693.0,
        302.0
      ],
      [
        736.0,
        311.0
      ]
    ],
    [
      [
        974.0,
        407.0
      ],
      [
        933.0,
        398.0
      ],
      [
        941.0,
        354.0
      ],
      [
        982.0,
        364.0
      ]
    ],
    [
      [
        864.0,
        318.0
      ],
      [
        821.0,
        308.0
      ],
      [
        830.0,
        267.0
      ],
      [
        872.0,
        277.0
      ]
    ],
    [
      [
        802.0,
        305.0
      ],
      [
        759.0,
        295.0
      ],
      [
        768.0,
        255.0
      ],
      [
        811.0,
        264.0
      ]
    ],
    [
      [
        925.0,
        332.0
      ],
      [
        883.0,
        321.0
      ],
      [
        891.0,
        280.0
      ],
      [
        932.0,
        290.0
      ]
    ],
    [
      [
        740.0,
        292.0
      ],
      [
        697.0,
        283.0
      ],
      [
        708.0,
        244.0
      ],
      [
        749.0,
        252.0
      ]
    ],
    [
      [
        1030.0,
        420.0
      ],
      [
        992.0,
        411.0
      ],
      [
        999.0,
        367.0
      ],
      [
        1037.0,
        377.0
      ]
    ],
    [
      [
        983.0,
        345.0
      ],
      [
        943.0,
        335.0
      ],
      [
        950.0,
        294.0
      ],
      [
        989.0,
        303.0
      ]
    ],
    [
      [
        874.0,
        258.0
      ],
      [
        832.0,
        248.0
      ],
      [
        840.0,
        211.0
      ],
      [
        881.0,
        220.0
      ]
    ],
    [
      [
        933.0,
        272.0
      ],
      [
        893.0,
        262.0
      ],
      [
        900.2721557617188,
        221.20513916015625
      ],
      [
        939.0,
        233.0
      ]
    ],
    [
      [
        813.0,
        246.0
      ],
      [
        772.0,
        237.0
      ],
      [
        780.0,
        200.0
      ],
      [
        821.0,
        208.0
      ]
    ],
    [
      [
        1038.0,
        358.0
      ],
      [
        1001.0,
        349.0
      ],
      [
        1007.0,
        307.0
      ],
      [
        1043.0,
        317.0
      ]
    ],
    [
      [
        753.0,
        234.0
      ],
      [
        712.0,
        226.0
      ],
      [
        722.0,
        189.0
      ],
      [
        762.0,
        197.0
      ]
    ],
    [
      [
        1081.0,
        432.0
      ],
      [
        1047.0,
        423.0
      ],
      [
        1054.0,
        380.0
      ],
      [
        1088.0,
        390.0
      ]
    ],
    [
      [
        990.0,
        285.0
      ],
      [
        951.0,
        275.0
      ],
      [
        957.0,
        237.0
      ],
      [
        994.0,
        247.0
      ]
    ],
    [
      [
        882.0,
        203.0
      ],
      [
        842.0,
        193.0
      ],
      [
        848.0,
        159.0
      ],
      [
        888.0,
        168.0
      ]
    ],
    [
      [
        946.0,
        165.0
      ],
      [
        905.0,
        155.0
      ],
      [
        909.0,
        121.0
      ],
      [
        949.0,
        131.0
      ]
    ],
    [
      [
        940.0,
        216.0
      ],
      [
        900.0,
        205.0
      ],
      [
        906.0,
        171.0
      ],
      [
        944.0,
        181.0
      ]
    ],
    [
      [
        1088.0,
        371.0
      ],
      [
        1055.0,
        361.0
      ],
      [
        1060.0,
        321.0
      ],
      [
        1093.0,
        330.0
      ]
    ],
    [
      [
        1044.0,
        299.0
      ],
      [
        1008.0,
        289.0
      ],
      [
        1012.0,
        251.0
      ],
      [
        1047.0,
        261.0
      ]
    ],
    [
      [
        1140.0,
        327.0
      ],
      [
        1108.0,
        317.0
      ],
      [
        1111.0,
        277.0
      ],
      [
        1143.0,
        288.0
      ]
    ],
    [
      [
        1128.0,
        442.0
      ],
      [
        1097.0,
        434.0
      ],
      [
        1104.0,
        393.0
      ],
      [
        1134.0,
        401.0
      ]
    ],
    [
      [
        1135.0,
        383.0
      ],
      [
        1105.0,
        374.0
      ],
      [
        1109.0,
        334.0
      ],
      [
        1139.0,
        344.0
      ]
    ],
    [
      [
        1047.0,
        243.0
      ],
      [
        1012.0,
        233.0
      ],
      [
        1015.0,
        198.0
      ],
      [
        1049.0,
        208.0
      ]
    ],
    [
      [
        1093.0,
        312.0
      ],
      [
        1061.0,
        303.0
      ],
      [
        1064.0,
        265.0
      ],
      [
        1096.0,
        275.0
      ]
    ],
    [
      [
        995.0,
        229.0
      ],
      [
        958.0,
        219.0
      ],
      [
        962.0,
        184.0
      ],
      [
        998.0,
        194.0
      ]
    ]
  ],