{
  "size": [
    1280,
    720
  ],
  "ids0": [
    2,
    3,
    1,
    10,
    4,
    11,
    12,
    9,
    0,
    5,
    18,
    19,
    8,
    20,
    17,
    13,
    16,
    26,
    21,
    6,
    25,
    28,
    14,
    24,
    22,
    34,
    29,
    35,
    7,
    33,
    15,
    30,
    32,
    23,
    36
  ],
  "ids1": [
    15,
    23,
    31,
    22,
    39,
    30,
    14,
    7,
    38,
    6,
    21,
    29,
    13,
    37,
    5,
    12,
    19,
    11,
    27,
    35,
    3,
    18,
    26,
    10,
    2,
    17,
    8
  ],
  "corners0": [
    [
      [
        871.0,
        349.0
      ],
      [
        825.0,
        335.0
      ],
      [
        837.0,
        288.0
      ],
      [
        884.0,
        300.0
      ]
    ],
    [
      [
        937.0,
        367.0
      ],
      [
        891.0,
        353.0
      ],
      [
        904.0,
        305.0
      ],
      [
        951.6179809570312,
        320.32830810546875
      ]
    ],
    [
      [
        805.0,
        331.0
      ],
      [
        759.0,
        318.0
      ],
      [
        772.0,
        271.0
      ],
      [
        818.0,
        283.0
      ]
    ],
    [
      [
        888.0,
        281.0
      ],
      [
        842.0,
        268.0
      ],
      [
        855.2433471679688,
        219.2568359375
      ],
      [
        900.0,
        234.0
      ]
    ],
    [
      [
        1000.0,
        385.0
      ],
      [
        956.0,
        372.0
      ],
      [
        969.0,
        323.0
      ],
      [
        1013.0,
        337.0
      ]
    ],
    [
      [
        953.0,
        299.0
      ],
      [
        908.0,
        285.0
      ],
      [
        919.0,
        238.0
      ],
      [
        965.0,
        252.0
      ]
    ],
    [
      [
        1016.0,
        317.0
      ],
      [
        972.0,
        303.0
      ],
      [
        983.0,
        256.0
      ],
      [
        1027.0,
        270.0
      ]
    ],
    [
      [
        822.0,
        263.0
      ],
      [
        776.0,
        251.0
      ],
      [
        787.0,
        206.0
      ],
      [
        833.0,
        217.0
      ]
    ],
    [
      [
        740.0,
        313.0
      ],
      [
        695.0,
        301.0
      ],
      [
        707.0,
        256.0
      ],
      [
        752.0,
        267.0
      ]
    ],
    [
      [
        1060.0,
        402.0
      ],
      [
        1018.0,
        389.0
      ],
      [
        1031.0,
        341.0
      ],
      [
        1072.0,
        355.0
      ]
    ],
    [
      [
        903.0,
        214.0
      ],
      [
        857.0,
        202.0
      ],
      [
        867.0,
        158.0
      ],
      [
        912.0,
        169.0
      ]
    ],
    [
      [
        967.0,
        232.0
      ],
      [
        922.0,
        218.0
      ],
      [
        932.0,
        174.0
      ],
      [
        976.0,
        186.0
      ]
    ],
    [
      [
        756.0,
        247.0
      ],
      [
        709.3670654296875,
        234.08383178710938
      ],
      [
        723.0,
        192.0
      ],
      [
        768.0,
        202.0
      ]
    ],
    [
      [
        1027.817138671875,
        251.80662536621094
      ],
      [
        986.0,
        236.0
      ],
      [
        995.0,
        191.0
      ],
      [
        1038.0,
        205.0
      ]
    ],
    [
      [
        837.0,
        198.0
      ],
      [
        791.0,
        186.0
      ],
      [
        802.0,
        144.0
      ],
      [
        847.0,
        154.0
      ]
    ],
    [
      [
        1075.0,
        335.0
      ],
      [
        1035.0,
        322.0
      ],
      [
        1045.0,
        275.0
      ],
      [
        1085.0,
        288.0
      ]
    ],
    [
      [
        772.0,
        183.0
      ],
      [
        728.0,
        173.0
      ],
      [
        739.0,
        131.0
      ],
      [
        782.0,
        140.0
      ]
    ],
    [
      [
        915.0,
        150.0
      ],
      [
        870.0,
        139.0
      ],
      [
        879.0,
        98.0
      ],
      [
        923.0,
        109.0
      ]
    ],
    [
      [
        1088.0,
        268.0
      ],
      [
        1048.0,
        255.0
      ],
      [
        1056.0,
        210.0
      ],
      [
        1096.0,
        224.0
      ]
    ],
    [
      [
        1114.0,
        418.0
      ],
      [
        1077.0,
        406.0
      ],
      [
        1089.0,
        359.0
      ],
      [
        1126.0,
        372.0
      ]
    ],
    [
      [
        850.0,
        135.0
      ],
      [
        806.0,
        125.0
      ],
      [
        815.0,
        85.0
      ],
      [
        859.0,
        94.0
      ]
    ],
    [
      [
        1038.908447265625,
        187.92506408691406
      ],
      [
        997.0,
        172.0
      ],
      [
        1005.0,
        130.0
      ],
      [
        1046.0,
        144.0
      ]
    ],
    [
      [
        1130.0,
        352.0
      ],
      [
        1093.0,
        340.0
      ],
      [
        1103.6298828125,
        291.0867004394531
      ],
      [
        1139.0,
        306.0
      ]
    ],
    [
      [
        786.0,
        121.0
      ],
      [
        743.0,
        113.0
      ],
      [
        753.0,
        74.0
      ],
      [
        796.0,
        82.0
      ]
    ],
    [
      [
        1142.0,
        287.0
      ],
      [
        1105.0,
        273.0
      ],
      [
        1114.2265625,
        227.1927032470703
      ],
      [
        1149.0,
        243.0
      ]
    ],
    [
      [
        925.0,
        91.0
      ],
      [
        881.0,
        79.0
      ],
      [
        889.0,
        42.0
      ],
      [
        932.0,
        53.0
      ]
    ],
    [
      [
        1097.0,
        204.0
      ],
      [
        1058.0,
        191.0
      ],
      [
        1064.0,
        149.0
      ],
      [
        1102.0,
        162.0
      ]
    ],
    [
      [
        987.0,
        107.0
      ],
      [
        944.0,
        94.0
      ],
      [
        951.0,
        57.0
      ],
      [
        993.0,
        69.0
      ]
    ],
    [
      [
        1164.0,
        433.0
      ],
      [
        1131.0,
        423.0
      ],
      [
        1142.0,
        377.0
      ],
      [
        1175.0,
        388.0
      ]
    ],
    [
      [
        862.0,
        76.0
      ],
      [
        818.0,
        66.0
      ],
      [
        827.0,
        30.0
      ],
      [
        869.0,
        39.0
      ]
    ],
    [
      [
        1179.0,
        369.0
      ],
      [
        1146.0,
        357.0
      ],
      [
        1156.0,
        312.0
      ],
      [
        1188.0,
        324.0
      ]
    ],
    [
      [
        1150.0,
        224.0
      ],
      [
        1115.0,
        210.0
      ],
      [
        1120.0,
        168.0
      ],
      [
        1155.0,
        182.0
      ]
    ],
    [
      [
        799.0,
        64.0
      ],
      [
        757.0,
        56.0
      ],
      [
        766.0,
        21.0
      ],
      [
        807.0,
        28.0
      ]
    ],
    [
      [
        1190.0,
        305.0
      ],
      [
        1158.0,
        292.0
      ],
      [
        1165.0,
        249.0
      ],
      [
        1197.0,
        262.0
      ]
    ],
    [
      [
        1047.0,
        125.0
      ],
      [
        1006.0,
        112.0
      ],
      [
        1011.0,
        73.0
      ],
      [
        1051.0,
        86.0
      ]
    ]
  ],