{
  "size": [
    1280,
    720
  ],
  "ids0": [
    2,
    1,
    11,
    4,
    10,
    12,
    0,
    18,
    5,
    19,
    8,
    17,
    20,
    16,
    6,
    26,
    27,
    21,
    25,
    14,
    28,
    24,
    29,
    22,
    7,
    35,
    34,
    33,
    15,
    30,
    32,
    23,
    37,
    36
  ],
  "ids1": [
    23,
    22,
    15,
    31,
    14,
    7,
    30,
    39,
    6,
    38,
    21,
    13,
    29,
    5,
    37,
    4,
    12,
    19,
    27,
    3,
    35,
    18,
    10,
    26,
    2,
    34
  ],
  "corners0": [
    [
      [
        867.0,
        348.0
      ],
      [
        817.1753540039062,
        332.95123291015625
      ],
      [
        832.0,
        287.0
      ],
      [
        879.0,
        300.0
      ]
    ],
    [
      [
        799.0,
        330.0
      ],
      [
        752.0,
        317.0
      ],
      [
        765.0,
        270.0
      ],
      [
        812.0,
        282.0
      ]
    ],
    [
      [
        949.0,
        298.0
      ],
      [
        903.0,
        285.0
      ],
      [
        914.0,
        237.0
      ],
      [
        960.0,
        251.0
      ]
    ],
    [
      [
        997.0,
        384.0
      ],
      [
        952.0,
        371.0
      ],
      [
        965.0,
        322.0
      ],
      [
        1009.0,
        336.0
      ]
    ],
    [
      [
        883.0,
        280.0
      ],
      [
        836.0,
        267.0
      ],
      [
        848.0,
        221.0
      ],
      [
        894.0,
        233.0
      ]
    ],
    [
      [
        1012.0,
        316.0
      ],
      [
        968.0,
        303.0
      ],
      [
        979.0,
        255.0
      ],
      [
        1022.0,
        269.0
      ]
    ],
    [
      [
        732.0,
        313.0
      ],
      [
        688.0,
        301.0
      ],
      [
        700.0,
        255.0
      ],
      [
        745.0,
        266.0
      ]
    ],
    [
      [
        896.7757568359375,
        215.79934692382812
      ],
      [
        851.0,
        201.0
      ],
      [
        861.0,
        158.0
      ],
      [
        907.0,
        169.0
      ]
    ],
    [
      [
        1056.0,
        402.0
      ],
      [
        1015.0,
        389.0
      ],
      [
        1027.0,
        341.0
      ],
      [
        1068.0,
        354.0
      ]
    ],
    [
      [
        963.0,
        231.0
      ],
      [
        917.0,
        218.0
      ],
      [
        926.0,
        174.0
      ],
      [
        971.0,
        187.0
      ]
    ],
    [
      [
        750.0,
        246.0
      ],
      [
        705.0,
        235.0
      ],
      [
        718.0,
        191.0
      ],
      [
        762.0,
        202.0
      ]
    ],
    [
      [
        832.0,
        197.0
      ],
      [
        786.0,
        186.0
      ],
      [
        797.0,
        143.0
      ],
      [
        842.0,
        154.0
      ]
    ],
    [
      [
        1024.0,
        250.0
      ],
      [
        981.0,
        236.0
      ],
      [
        990.0,
        191.0
      ],
      [
        1032.0,
        205.0
      ]
    ],
    [
      [
        766.0,
        182.0
      ],
      [
        721.0,
        172.0
      ],
      [
        733.0,
        131.0
      ],
      [
        777.0,
        140.0
      ]
    ],
    [
      [
        1111.0,
        418.0
      ],
      [
        1074.0,
        406.0
      ],
      [
        1085.0,
        359.0
      ],
      [
        1122.0,
        371.0
      ]
    ],
    [
      [
        910.0,
        151.0
      ],
      [
        865.0,
        139.0
      ],
      [
        873.0,
        99.0
      ],
      [
        917.0,
        110.0
      ]
    ],
    [
      [
        973.0,
        168.0
      ],
      [
        929.0,
        155.0
      ],
      [
        937.0,
        114.0
      ],
      [
        980.0,
        127.0
      ]
    ],
    [
      [
        1083.0,
        268.0
      ],
      [
        1043.0,
        255.0
      ],
      [
        1050.0,
        210.0
      ],
      [
        1090.0,
        225.0
      ]
    ],
    [
      [
        845.0,
        135.0
      ],
      [
        800.0,
        125.0
      ],
      [
        810.0,
        86.0
      ],
      [
        854.0,
        96.0
      ]
    ],
    [
      [
        1125.0,
        352.0
      ],
      [
        1089.0,
        339.0
      ],
      [
        1098.0,
        293.0
      ],
      [
        1134.0,
        306.0
      ]
    ],
    [
      [
        1034.0,
        186.0
      ],
      [
        992.0,
        173.0
      ],
      [
        998.0,
        132.0
      ],
      [
        1039.0,
        145.0
      ]
    ],
    [
      [
        780.0,
        122.0
      ],
      [
        737.0,
        113.0
      ],
      [
        748.0,
        75.0
      ],
      [
        790.0,
        83.0
      ]
    ],
    [
      [
        1091.0,
        205.0
      ],
      [
        1052.0,
        191.0
      ],
      [
        1057.0,
        150.0
      ],
      [
        1096.0,
        164.0
      ]
    ],
    [
      [
        1137.0,
        286.0
      ],
      [
        1100.0,
        273.0
      ],
      [
        1107.0,
        230.0
      ],
      [
        1143.0,
        243.0
      ]
    ],
    [
      [
        1161.0,
        433.0
      ],
      [
        1128.0,
        422.0
      ],
      [
        1139.0,
        376.0
      ],
      [
        1172.0,
        388.0
      ]
    ],
    [
      [
        981.0,
        109.0
      ],
      [
        938.0,
        96.0
      ],
      [
        944.0,
        60.0
      ],
      [
        986.0,
        72.0
      ]
    ],
    [
      [
        919.0,
        92.0
      ],
      [
        876.0,
        81.0
      ],
      [
        883.0,
        45.0
      ],
      [
        926.0,
        56.0
      ]
    ],
    [
      [
        856.0,
        78.0
      ],
      [
        813.0,
        68.0
      ],
      [
        822.0,
        33.0
      ],
      [
        864.0,
        42.0
      ]
    ],
    [
      [
        1175.0,
        368.0
      ],
      [
        1142.0,
        356.0
      ],
      [
        1151.0,
        312.0
      ],
      [
        1183.0,
        324.0
      ]
    ],
    [
      [
        1144.0,
        224.0
      ],
      [
        1109.0,
        210.0
      ],
      [
        1113.0,
        169.0
      ],
      [
        1148.0,
        184.0
      ]
    ],
    [
      [
        794.0,
        65.0
      ],
      [
        752.0,
        58.0
      ],
      [
        761.0,
        24.0
      ],
      [
        803.0,
        31.0
      ]
    ],
    [
      [
        1185.0,
        304.0
      ],
      [
        1153.0,
        291.0
      ],
      [
        1159.0,
        249.0
      ],
      [
        1191.0,
        262.0
      ]
    ],
    [
      [
        1096.0,
        145.0
      ],
      [
        1058.0,
        131.0
      ],
      [
        1062.0,
        95.0
      ],
      [
        1099.0,
        108.0
      ]
    ],
    [
      [
        1040.0,
        127.0
      ],
      [
        1000.0,
        113.0
      ],
      [
        1005.0,
        76.0
      ],
      [
        1044.0,
        89.0
      ]
    ]
  ],