{
  "size": [
    1280,
    720
  ],
  "ids0": [
    7,
    15,
    23,
    6,
    14,
    31,
    39,
    30,
    5,
    13,
    21,
    38,
    29,
    12,
    4,
    20,
    11,
    37,
    28,
    27,
    18,
    26,
    1,
    36
  ],
  "ids1": [
    0,
    8,
    1,
    16,
    24,
    9,
    2,
    10,
    17,
    32,
    18,
    33,
    26,
    11,
    19,
    4,
    12,
    20,
    35,
    28,
    6,
    37
  ],
  "corners0": [
    [
      [
        686.0,
        132.0
      ],
      [
        731.0,
        136.0
      ],
      [
        729.0,
        182.0
      ],
      [
        684.0,
        179.0
      ]
    ],
    [
      [
        685.0,
        198.0
      ],
      [
        729.0,
        201.0
      ],
      [
        726.0,
        247.0
      ],
      [
        681.0,
        245.0
      ]
    ],
    [
      [
        682.0,
        265.0
      ],
      [
        726.0,
        267.0
      ],
      [
        722.0,
        312.0
      ],
      [
        679.0,
        311.0
      ]
    ],
    [
      [
        751.0,
        136.0
      ],
      [
        792.0,
        141.0
      ],
      [
        790.0,
        185.0
      ],
      [
        748.0,
        182.0
      ]
    ],
    [
      [
        748.0,
        201.0
      ],
      [
        790.0,
        205.0
      ],
      [
        786.0,
        249.0
      ],
      [
        745.0,
        247.0
      ]
    ],
    [
      [
        679.0,
        330.0
      ],
      [
        722.0,
        331.0
      ],
      [
        718.0,
        374.0
      ],
      [
        675.0,
        374.0
      ]
    ],
    [
      [
        675.0,
        394.0
      ],
      [
        716.0,
        391.0
      ],
      [
        715.0,
        432.0
      ],
      [
        674.0,
        435.0
      ]
    ],
    [
      [
        740.0,
        331.0
      ],
      [
        780.0,
        329.0
      ],
      [
        778.0,
        370.0
      ],
      [
        738.0,
        373.0
      ]
    ],
    [
      [
        810.0,
        142.0
      ],
      [
        848.0,
        147.0
      ],
      [
        843.5795288085938,
        191.71600341796875
      ],
      [
        807.0,
        185.0
      ]
    ],
    [
      [
        808.0,
        205.0
      ],
      [
        845.0,
        208.0
      ],
      [
        841.0,
        251.0
      ],
      [
        804.0,
        249.0
      ]
    ],
    [
      [
        803.0,
        268.0
      ],
      [
        841.0,
        270.0
      ],
      [
        837.0,
        311.0
      ],
      [
        799.0,
        310.0
      ]
    ],
    [
      [
        735.0,
        392.0
      ],
      [
        775.0,
        389.0
      ],
      [
        772.0,
        428.0
      ],
      [
        734.0,
        432.0
      ]
    ],
    [
      [
        799.0,
        329.0
      ],
      [
        836.0,
        330.0
      ],
      [
        831.0,
        370.0
      ],
      [
        794.0,
        370.0
      ]
    ],
    [
      [
        862.0,
        209.0
      ],
      [
        896.0,
        213.0
      ],
      [
        891.0,
        254.0
      ],
      [
        858.0,
        251.0
      ]
    ],
    [
      [
        866.0,
        148.0
      ],
      [
        899.0,
        154.0
      ],
      [
        896.0,
        194.0
      ],
      [
        862.0,
        190.0
      ]
    ],
    [
      [
        858.0,
        269.0
      ],
      [
        892.0,
        272.0
      ],
      [
        886.0,
        312.0
      ],
      [
        853.0,
        310.0
      ]
    ],
    [
      [
        911.0,
        212.0
      ],
      [
        943.0,
        216.0
      ],
      [
        939.0,
        257.0
      ],
      [
        907.0,
        254.0
      ]
    ],
    [
      [
        792.0,
        390.0
      ],
      [
        828.0,
        387.0
      ],
      [
        825.0,
        425.0
      ],
      [
        790.0,
        428.0
      ]
    ],
    [
      [
        853.0,
        328.0
      ],
      [
        886.0,
        330.0
      ],
      [
        880.0,
        368.0
      ],
      [
        847.0,
        368.0
      ]
    ],
    [
      [
        900.0,
        327.0
      ],
      [
        932.0,
        328.0
      ],
      [
        926.0,
        367.0
      ],
      [
        894.0,
        368.0
      ]
    ],
    [
      [
        951.0,
        272.0
      ],
      [
        980.0,
        275.0
      ],
      [
        974.0,
        313.0
      ],
      [
        946.0,
        312.0
      ]
    ],
    [
      [
        945.0,
        327.0
      ],
      [
        973.0,
        328.0
      ],
      [
        967.0,
        365.0
      ],
      [
        939.0,
        365.0
      ]
    ],
    [
      [
        998.50439453125,
        166.01539611816406
      ],
      [
        1025.0,
        173.0
      ],
      [
        1022.0,
        211.0
      ],
      [
        996.0,
        206.0
      ]
    ],
    [
      [
        845.0,
        387.0
      ],
      [
        877.0,
        384.0
      ],
      [
        874.0,
        420.0
      ],
      [
        842.0,
        424.0
      ]
    ]
  ],