{
  "size": [
    1280,
    720
  ],
  "ids0": [
    31,
    39,
    23,
    30,
    38,
    15,
    22,
    14,
    7,
    21,
    6,
    13,
    28,
    20,
    5,
    12,
    4,
    35,
    19,
    11,
    3,
    26,
    34,
    25,
    18,
    17,
    10,
    1,
    2,
    24,
    8,
    36
  ],
  "ids1": [
    8,
    0,
    16,
    24,
    9,
    17,
    32,
    25,
    2,
    10,
    18,
    26,
    27,
    34,
    12,
    4,
    35,
    5,
    19
  ],
  "corners0": [
    [
      [
        555.0,
        367.0
      ],
      [
        603.0,
        371.0
      ],
      [
        600.0,
        419.0
      ],
      [
        552.0,
        416.0
      ]
    ],
    [
      [
        551.0,
        436.0
      ],
      [
        600.0,
        440.0
      ],
      [
        596.0,
        487.0
      ],
      [
        548.0,
        484.0
      ]
    ],
    [
      [
        560.0,
        298.0
      ],
      [
        607.0,
        303.0
      ],
      [
        601.3306274414062,
        352.8304138183594
      ],
      [
        555.0,
        346.0
      ]
    ],
    [
      [
        623.0,
        371.0
      ],
      [
        669.0,
        375.0
      ],
      [
        666.0,
        422.0
      ],
      [
        619.0,
        419.0
      ]
    ],
    [
      [
        620.0,
        439.0
      ],
      [
        666.0,
        442.0
      ],
      [
        660.4146118164062,
        490.8731689453125
      ],
      [
        616.0,
        487.0
      ]
    ],
    [
      [
        564.0,
        232.0
      ],
      [
        611.0,
        237.0
      ],
      [
        607.0,
        283.0
      ],
      [
        560.0,
        278.0
      ]
    ],
    [
      [
        627.0,
        304.0
      ],
      [
        672.0,
        309.0
      ],
      [
        669.0,
        355.0
      ],
      [
        623.0,
        351.0
      ]
    ],
    [
      [
        631.0,
        238.0
      ],
      [
        675.0,
        244.0
      ],
      [
        672.0,
        289.0
      ],
      [
        627.0,
        284.0
      ]
    ],
    [
      [
        570.0,
        169.0
      ],
      [
        615.0,
        175.0
      ],
      [
        611.0,
        218.0
      ],
      [
        565.0,
        212.0
      ]
    ],
    [
      [
        691.0,
        309.0
      ],
      [
        733.0,
        314.0
      ],
      [
        730.0,
        360.0
      ],
      [
        688.0,
        355.0
      ]
    ],
    [
      [
        634.0,
        176.0
      ],
      [
        677.0,
        183.0
      ],
      [
        675.0,
        225.0
      ],
      [
        631.0,
        219.0
      ]
    ],
    [
      [
        694.0,
        245.0
      ],
      [
        735.0,
        251.0
      ],
      [
        733.0,
        295.0
      ],
      [
        691.0,
        290.0
      ]
    ],
    [
      [
        749.0,
        379.0
      ],
      [
        789.0,
        382.0
      ],
      [
        785.0,
        427.0
      ],
      [
        746.0,
        424.0
      ]
    ],
    [
      [
        752.0,
        315.0
      ],
      [
        791.0,
        320.0
      ],
      [
        788.0,
        364.0
      ],
      [
        749.0,
        360.0
      ]
    ],
    [
      [
        696.0,
        185.0
      ],
      [
        736.0,
        192.0
      ],
      [
        735.0,
        233.0
      ],
      [
        693.0,
        226.0
      ]
    ],
    [
      [
        753.0,
        253.0
      ],
      [
        792.0,
        260.0
      ],
      [
        791.0,
        301.0
      ],
      [
        751.0,
        296.0
      ]
    ],
    [
      [
        754.0,
        194.0
      ],
      [
        792.0,
        201.0
      ],
      [
        791.0,
        241.0
      ],
      [
        752.0,
        234.0
      ]
    ],
    [
      [
        803.0,
        444.0
      ],
      [
        839.0,
        446.0
      ],
      [
        835.0,
        488.0
      ],
      [
        799.0,
        487.0
      ]
    ],
    [
      [
        808.0,
        320.0
      ],
      [
        843.0,
        325.0
      ],
      [
        841.0,
        367.0
      ],
      [
        805.0,
        363.0
      ]
    ],
    [
      [
        809.0,
        260.0
      ],
      [
        843.0,
        266.0
      ],
      [
        842.0,
        307.0
      ],
      [
        807.0,
        302.0
      ]
    ],
    [
      [
        809.0,
        203.0
      ],
      [
        843.0,
        211.0
      ],
      [
        842.0,
        248.0
      ],
      [
        808.0,
        243.0
      ]
    ],
    [
      [
        858.0,
        385.0
      ],
      [
        890.0,
        389.0
      ],
      [
        887.0,
        428.0
      ],
      [
        855.0,
        427.0
      ]
    ],
    [
      [
        855.0,
        445.0
      ],
      [
        887.0,
        446.0
      ],
      [
        883.0,
        486.0
      ],
      [
        851.0,
        486.0
      ]
    ],
    [
      [
        904.0,
        387.0
      ],
      [
        934.0,
        389.0
      ],
      [
        932.0,
        430.0
      ],
      [
        901.0,
        429.0
      ]
    ],
    [
      [
        859.0,
        326.0
      ],
      [
        891.0,
        331.0
      ],
      [
        889.0,
        370.0
      ],
      [
        857.0,
        366.0
      ]
    ],
    [
      [
        905.0,
        330.0
      ],
      [
        935.0,
        334.0
      ],
      [
        934.0,
        374.0
      ],
      [
        903.0,
        371.0
      ]
    ],
    [
      [
        860.0,
        268.0
      ],
      [
        891.0,
        274.0
      ],
      [
        890.0,
        312.0
      ],
      [
        858.0,
        307.0
      ]
    ],
    [
      [
        903.0,
        220.0
      ],
      [
        933.0,
        227.0
      ],
      [
        933.0,
        265.0
      ],
      [
        904.0,
        259.0
      ]
    ],
    [
      [
        859.0,
        212.0
      ],
      [
        889.0,
        219.0
      ],
      [
        889.0,
        256.0
      ],
      [
        859.0,
        250.0
      ]
    ],
    [
      [
        946.0,
        389.0
      ],
      [
        973.0,
        391.0
      ],
      [
        970.0,
        430.0
      ],
      [
        943.0,
        429.0
      ]
    ],
    [
      [
        947.0,
        281.0
      ],
      [
        973.0,
        286.0
      ],
      [
        971.4755859375,
        324.7000732421875
      ],
      [
        946.0,
        320.0
      ]
    ],
    [
      [
        746.0,
        443.0
      ],
      [
        786.0,
        445.0
      ],
      [
        782.0,
        489.0
      ],
      [
        742.0,
        488.0
      ]
    ]
  ],