{
  "size": [
    1280,
    720
  ],
  "ids0": [
    7,
    15,
    23,
    31,
    6,
    22,
    39,
    30,
    13,
    5,
    21,
    38,
    29,
    36,
    12,
    4,
    37,
    3,
    27,
    28,
    10,
    2,
    20
  ],
  "ids1": [
    0,
    8,
    1,
    16,
    9,
    24,
    10,
    2,
    17,
    25,
    3,
    32,
    11,
    26,
    18,
    33,
    19,
    4,
    34,
    12,
    20,
    35,
    28,
    30,
    38,
    36
  ],
  "corners0": [
    [
      [
        741.0,
        129.0
      ],
      [
        783.0,
        136.0
      ],
      [
        776.69580078125,
        181.505615234375
      ],
      [
        736.0,
        174.0
      ]
    ],
    [
      [
        736.0,
        193.0
      ],
      [
        778.0,
        199.0
      ],
      [
        773.0,
        242.0
      ],
      [
        731.0,
        238.0
      ]
    ],
    [
      [
        730.0,
        258.0
      ],
      [
        772.0,
        262.0
      ],
      [
        766.0,
        305.0
      ],
      [
        725.0,
        302.0
      ]
    ],
    [
      [
        724.0,
        321.0
      ],
      [
        765.0,
        323.0
      ],
      [
        759.0,
        365.0
      ],
      [
        719.0,
        363.0
      ]
    ],
    [
      [
        802.0,
        137.0
      ],
      [
        841.0,
        145.0
      ],
      [
        836.0,
        186.0
      ],
      [
        797.0,
        181.0
      ]
    ],
    [
      [
        790.0,
        262.0
      ],
      [
        829.0,
        266.0
      ],
      [
        823.0,
        308.0
      ],
      [
        785.0,
        305.0
      ]
    ],
    [
      [
        718.0,
        381.0
      ],
      [
        758.0,
        384.0
      ],
      [
        752.0,
        422.0
      ],
      [
        712.0,
        421.0
      ]
    ],
    [
      [
        783.0,
        324.0
      ],
      [
        822.0,
        327.0
      ],
      [
        815.0,
        366.0
      ],
      [
        777.0,
        364.0
      ]
    ],
    [
      [
        853.0,
        206.0
      ],
      [
        888.0,
        212.0
      ],
      [
        882.0,
        253.0
      ],
      [
        847.0,
        248.0
      ]
    ],
    [
      [
        857.0,
        144.0
      ],
      [
        895.0,
        152.0
      ],
      [
        890.0,
        195.0
      ],
      [
        852.0,
        188.0
      ]
    ],
    [
      [
        846.0,
        267.0
      ],
      [
        882.0,
        271.0
      ],
      [
        875.0,
        311.0
      ],
      [
        840.0,
        308.0
      ]
    ],
    [
      [
        776.0,
        383.0
      ],
      [
        813.0,
        384.0
      ],
      [
        807.0,
        422.0
      ],
      [
        770.0,
        421.0
      ]
    ],
    [
      [
        839.0,
        326.0
      ],
      [
        874.0,
        329.0
      ],
      [
        866.0,
        368.0
      ],
      [
        832.0,
        366.0
      ]
    ],
    [
      [
        880.0,
        383.0
      ],
      [
        913.0,
        384.0
      ],
      [
        905.0,
        422.0
      ],
      [
        872.0,
        422.0
      ]
    ],
    [
      [
        904.0,
        213.0
      ],
      [
        936.0,
        218.0
      ],
      [
        930.0,
        258.0
      ],
      [
        899.0,
        253.0
      ]
    ],
    [
      [
        910.0,
        155.0
      ],
      [
        941.0,
        161.0
      ],
      [
        937.0,
        201.0
      ],
      [
        905.0,
        194.0
      ]
    ],
    [
      [
        830.0,
        384.0
      ],
      [
        865.0,
        385.0
      ],
      [
        857.0,
        422.0
      ],
      [
        824.0,
        421.0
      ]
    ],
    [
      [
        956.0,
        163.0
      ],
      [
        986.0,
        169.0
      ],
      [
        982.0,
        209.0
      ],
      [
        951.0,
        203.0
      ]
    ],
    [
      [
        935.0,
        330.0
      ],
      [
        966.0,
        332.0
      ],
      [
        958.0,
        370.0
      ],
      [
        928.0,
        369.0
      ]
    ],
    [
      [
        890.0,
        329.0
      ],
      [
        921.0,
        331.0
      ],
      [
        914.0,
        368.0
      ],
      [
        883.0,
        367.0
      ]
    ],
    [
      [
        993.0,
        225.0
      ],
      [
        1020.0,
        231.0
      ],
      [
        1014.0,
        269.0
      ],
      [
        987.0,
        264.0
      ]
    ],
    [
      [
        998.0,
        171.0
      ],
      [
        1025.0,
        178.0
      ],
      [
        1021.0,
        216.0
      ],
      [
        994.0,
        210.0
      ]
    ],
    [
      [
        898.0,
        271.0
      ],
      [
        929.0,
        275.0
      ],
      [
        923.0,
        314.0
      ],
      [
        891.0,
        311.0
      ]
    ]
  ],