{
  "size": [
    1280,
    720
  ],
  "ids0": [
    31,
    23,
    30,
    15,
    38,
    22,
    14,
    29,
    7,
    21,
    37,
    13,
    6,
    28,
    20,
    5,
    12,
    27,
    4,
    19,
    35,
    11,
    26,
    3,
    18,
    34,
    17,
    25,
    2,
    1
  ],
  "ids1": [
    0,
    8,
    16,
    24,
    1,
    9,
    32,
    25,
    2,
    10,
    33,
    18,
    26,
    34,
    4,
    27,
    12,
    35
  ],
  "corners0": [
    [
      [
        557.0,
        369.0
      ],
      [
        605.0,
        373.0
      ],
      [
        602.0,
        421.0
      ],
      [
        554.0,
        418.0
      ]
    ],
    [
      [
        561.0,
        300.0
      ],
      [
        608.0,
        304.0
      ],
      [
        605.0,
        352.0
      ],
      [
        557.0,
        349.0
      ]
    ],
    [
      [
        625.0,
        373.0
      ],
      [
        671.0,
        376.0
      ],
      [
        668.0,
        424.0
      ],
      [
        622.0,
        421.0
      ]
    ],
    [
      [
        565.0,
        233.0
      ],
      [
        611.0,
        238.0
      ],
      [
        608.0,
        285.0
      ],
      [
        561.0,
        280.0
      ]
    ],
    [
      [
        622.0,
        441.0
      ],
      [
        668.0,
        443.0
      ],
      [
        665.0,
        490.0
      ],
      [
        619.0,
        489.0
      ]
    ],
    [
      [
        628.0,
        305.0
      ],
      [
        673.0,
        310.0
      ],
      [
        671.0,
        356.0
      ],
      [
        625.0,
        353.0
      ]
    ],
    [
      [
        632.8070068359375,
        237.28854370117188
      ],
      [
        675.0,
        245.0
      ],
      [
        673.0,
        290.0
      ],
      [
        628.0,
        285.0
      ]
    ],
    [
      [
        690.0,
        376.0
      ],
      [
        733.0,
        380.0
      ],
      [
        730.0,
        426.0
      ],
      [
        687.0,
        423.0
      ]
    ],
    [
      [
        570.0,
        170.0
      ],
      [
        614.0,
        176.0
      ],
      [
        611.0,
        219.0
      ],
      [
        565.0,
        214.0
      ]
    ],
    [
      [
        692.0,
        310.0
      ],
      [
        735.0,
        315.0
      ],
      [
        732.0,
        360.0
      ],
      [
        689.0,
        356.0
      ]
    ],
    [
      [
        687.0,
        443.0
      ],
      [
        730.0,
        445.0
      ],
      [
        727.0,
        490.0
      ],
      [
        684.0,
        489.0
      ]
    ],
    [
      [
        694.0,
        246.0
      ],
      [
        736.0,
        252.0
      ],
      [
        734.0,
        296.0
      ],
      [
        692.0,
        291.0
      ]
    ],
    [
      [
        634.0,
        177.0
      ],
      [
        677.0,
        184.0
      ],
      [
        675.0,
        226.0
      ],
      [
        631.0,
        220.0
      ]
    ],
    [
      [
        751.0,
        379.0
      ],
      [
        790.0,
        382.0
      ],
      [
        788.0,
        426.0
      ],
      [
        748.0,
        424.0
      ]
    ],
    [
      [
        753.0,
        315.0
      ],
      [
        792.0,
        320.0
      ],
      [
        789.0,
        364.0
      ],
      [
        750.0,
        360.0
      ]
    ],
    [
      [
        696.0,
        185.0
      ],
      [
        736.0,
        192.0
      ],
      [
        735.0,
        233.0
      ],
      [
        694.0,
        227.0
      ]
    ],
    [
      [
        754.0,
        253.0
      ],
      [
        792.0,
        259.0
      ],
      [
        791.0,
        301.0
      ],
      [
        752.0,
        297.0
      ]
    ],
    [
      [
        807.0,
        382.0
      ],
      [
        843.0,
        385.0
      ],
      [
        840.0,
        427.0
      ],
      [
        805.0,
        426.0
      ]
    ],
    [
      [
        754.0,
        194.0
      ],
      [
        791.0,
        200.0
      ],
      [
        790.0,
        241.0
      ],
      [
        753.0,
        235.0
      ]
    ],
    [
      [
        809.0,
        320.0
      ],
      [
        844.0,
        325.0
      ],
      [
        842.0,
        367.0
      ],
      [
        807.0,
        363.0
      ]
    ],
    [
      [
        805.0,
        444.0
      ],
      [
        841.0,
        446.0
      ],
      [
        837.0,
        487.0
      ],
      [
        802.0,
        487.0
      ]
    ],
    [
      [
        809.0,
        260.0
      ],
      [
        843.0,
        266.0
      ],
      [
        843.0,
        306.0
      ],
      [
        808.0,
        302.0
      ]
    ],
    [
      [
        859.0,
        384.0
      ],
      [
        891.0,
        387.0
      ],
      [
        888.0,
        427.0
      ],
      [
        856.0,
        426.0
      ]
    ],
    [
      [
        808.0,
        203.0
      ],
      [
        842.0,
        210.0
      ],
      [
        842.0,
        248.0
      ],
      [
        808.0,
        242.0
      ]
    ],
    [
      [
        860.0,
        325.0
      ],
      [
        891.0,
        329.0
      ],
      [
        890.0,
        369.0
      ],
      [
        858.0,
        366.0
      ]
    ],
    [
      [
        857.0,
        444.0
      ],
      [
        888.0,
        445.0
      ],
      [
        885.0,
        485.0
      ],
      [
        853.0,
        485.0
      ]
    ],
    [
      [
        904.0681762695312,
        327.21832275390625
      ],
      [
        935.0,
        332.0
      ],
      [
        934.0,
        373.0
      ],
      [
        904.0,
        370.0
      ]
    ],
    [
      [
        905.03564453125,
        384.2939147949219
      ],
      [
        935.0,
        388.0
      ],
      [
        932.0,
        428.0
      ],
      [
        902.0,
        427.0
      ]
    ],
    [
      [
        858.0,
        212.0
      ],
      [
        888.0,
        218.0
      ],
      [
        889.0,
        255.0
      ],
      [
        858.0,
        248.0
      ]
    ],
    [
      [
        903.0,
        219.0
      ],
      [
        932.0,
        226.0
      ],
      [
        932.0,
        263.0
      ],
      [
        903.0,
        258.0
      ]
    ]
  ],