{
  "size": [
    1280,
    720
  ],
  "ids0": [
    7,
    23,
    31,
    39,
    14,
    6,
    22,
    30,
    38,
    13,
    21,
    37,
    5,
    29,
    20,
    27,
    18,
    2
  ],
  "ids1": [
    1,
    0,
    8,
    9,
    17,
    16,
    2,
    10,
    3,
    11,
    24,
    25,
    18,
    19,
    26,
    12,
    4,
    32,
    20,
    27,
    6,
    33,
    14,
    34,
    5,
    35,
    28,
    13
  ],
  "corners0": [
    [
      [
        441.0,
        231.0
      ],
      [
        488.0,
        233.0
      ],
      [
        490.0,
        288.0
      ],
      [
        444.0,
        290.0
      ]
    ],
    [
      [
        453.0,
        396.0
      ],
      [
        499.0,
        387.0
      ],
      [
        505.0,
        442.0
      ],
      [
        461.0,
        453.0
      ]
    ],
    [
      [
        462.0,
        476.0
      ],
      [
        507.0,
        464.0
      ],
      [
        514.0,
        514.0
      ],
      [
        471.0,
        529.0
      ]
    ],
    [
      [
        473.0,
        550.0
      ],
      [
        515.0,
        536.0
      ],
      [
        522.0,
        583.0
      ],
      [
        481.0,
        599.0
      ]
    ],
    [
      [
        511.0,
        309.0
      ],
      [
        551.0,
        305.0
      ],
      [
        556.0,
        356.0
      ],
      [
        517.0,
        363.0
      ]
    ],
    [
      [
        507.0,
        231.0
      ],
      [
        547.0,
        233.0
      ],
      [
        549.0,
        284.0
      ],
      [
        509.0,
        285.0
      ]
    ],
    [
      [
        518.0,
        385.0
      ],
      [
        554.28662109375,
        375.449951171875
      ],
      [
        562.0,
        428.0
      ],
      [
        524.0,
        438.0
      ]
    ],
    [
      [
        525.0,
        460.0
      ],
      [
        563.0,
        449.0
      ],
      [
        569.0,
        497.0
      ],
      [
        533.564453125,
        511.812744140625
      ]
    ],
    [
      [
        533.0,
        531.0
      ],
      [
        570.0,
        517.0
      ],
      [
        576.0,
        561.0
      ],
      [
        540.0,
        577.0
      ]
    ],
    [
      [
        568.0,
        305.0
      ],
      [
        602.0,
        301.0
      ],
      [
        607.0,
        348.0
      ],
      [
        573.0,
        355.0
      ]
    ],
    [
      [
        574.0,
        375.0
      ],
      [
        607.0,
        369.0
      ],
      [
        612.0,
        416.0
      ],
      [
        579.0,
        425.0
      ]
    ],
    [
      [
        583.465087890625,
        509.3408508300781
      ],
      [
        619.0,
        498.0
      ],
      [
        625.50439453125,
        544.0239868164062
      ],
      [
        591.0,
        557.0
      ]
    ],
    [
      [
        565.0,
        232.0
      ],
      [
        598.0,
        235.0
      ],
      [
        600.0,
        282.0
      ],
      [
        567.0,
        282.0
      ]
    ],
    [
      [
        580.0,
        445.0
      ],
      [
        613.0,
        436.0
      ],
      [
        617.0,
        481.0
      ],
      [
        586.0,
        492.0
      ]
    ],
    [
      [
        622.0,
        366.0
      ],
      [
        652.0,
        360.0
      ],
      [
        657.7338256835938,
        406.552734375
      ],
      [
        626.0,
        415.0
      ]
    ],
    [
      [
        668.0,
        420.0
      ],
      [
        694.0,
        412.0
      ],
      [
        698.0,
        453.0
      ],
      [
        672.0,
        463.0
      ]
    ],
    [
      [
        701.0,
        352.0
      ],
      [
        724.0,
        348.0
      ],
      [
        727.0,
        388.0
      ],
      [
        705.0,
        394.0
      ]
    ],
    [
      [
        694.0,
        236.0
      ],
      [
        717.0,
        238.0
      ],
      [
        719.0,
        278.0
      ],
      [
        696.0,
        278.0
      ]
    ]
  ],