{
  "size": [
    1280,
    720
  ],
  "ids0": [
    31,
    39,
    23,
    15,
    30,
    22,
    38,
    7,
    21,
    29,
    6,
    37,
    13,
    5,
    28,
    20,
    12,
    4,
    27,
    19,
    35,
    26,
    11,
    34,
    18,
    10,
    2,
    17,
    25,
    36
  ],
  "ids1": [
    0,
    16,
    24,
    9,
    1,
    17,
    25,
    32,
    10,
    2,
    18,
    33,
    26,
    11,
    3,
    34,
    19,
    27,
    35,
    12,
    4,
    20
  ],
  "corners0": [
    [
      [
        581.0,
        376.0
      ],
      [
        629.0,
        379.0
      ],
      [
        627.0,
        430.0
      ],
      [
        579.0,
        428.0
      ]
    ],
    [
      [
        580.0,
        449.0
      ],
      [
        628.0,
        450.0
      ],
      [
        626.0,
        500.0
      ],
      [
        578.0,
        500.0
      ]
    ],
    [
      [
        583.0,
        305.0
      ],
      [
        630.0,
        309.0
      ],
      [
        628.0,
        359.0
      ],
      [
        580.0,
        356.0
      ]
    ],
    [
      [
        585.0,
        235.0
      ],
      [
        632.0,
        241.0
      ],
      [
        629.2619018554688,
        290.8676452636719
      ],
      [
        582.0,
        284.0
      ]
    ],
    [
      [
        649.0,
        379.0
      ],
      [
        693.0,
        381.0
      ],
      [
        692.0,
        429.0
      ],
      [
        647.0,
        429.0
      ]
    ],
    [
      [
        650.0,
        309.0
      ],
      [
        694.0,
        313.0
      ],
      [
        693.0,
        361.0
      ],
      [
        648.0,
        358.0
      ]
    ],
    [
      [
        647.0,
        450.0
      ],
      [
        691.0,
        448.0
      ],
      [
        691.0,
        496.0
      ],
      [
        647.0,
        499.0
      ]
    ],
    [
      [
        588.0,
        169.0
      ],
      [
        633.0,
        176.0
      ],
      [
        631.0,
        221.0
      ],
      [
        585.0,
        215.0
      ]
    ],
    [
      [
        712.0,
        314.0
      ],
      [
        752.0,
        317.0
      ],
      [
        751.0,
        363.0
      ],
      [
        711.0,
        361.0
      ]
    ],
    [
      [
        712.0,
        381.0
      ],
      [
        752.0,
        383.0
      ],
      [
        750.0,
        429.0
      ],
      [
        710.0,
        428.0
      ]
    ],
    [
      [
        652.0,
        178.0
      ],
      [
        694.0,
        184.0
      ],
      [
        693.0,
        228.0
      ],
      [
        651.0,
        222.0
      ]
    ],
    [
      [
        710.0,
        449.0
      ],
      [
        750.0,
        447.0
      ],
      [
        750.0,
        492.0
      ],
      [
        710.0,
        496.0
      ]
    ],
    [
      [
        713.0,
        249.0
      ],
      [
        752.0,
        254.0
      ],
      [
        752.0,
        298.0
      ],
      [
        712.0,
        294.0
      ]
    ],
    [
      [
        713.0,
        186.0
      ],
      [
        751.0,
        194.0
      ],
      [
        751.0,
        235.0
      ],
      [
        712.0,
        230.0
      ]
    ],
    [
      [
        770.0,
        382.0
      ],
      [
        805.0,
        384.0
      ],
      [
        803.0,
        428.0
      ],
      [
        768.0,
        428.0
      ]
    ],
    [
      [
        770.0,
        318.0
      ],
      [
        806.0,
        323.0
      ],
      [
        804.0,
        366.0
      ],
      [
        768.0,
        362.0
      ]
    ],
    [
      [
        769.0,
        256.0
      ],
      [
        804.0,
        261.0
      ],
      [
        804.0,
        303.0
      ],
      [
        769.0,
        299.0
      ]
    ],
    [
      [
        768.0,
        196.0
      ],
      [
        802.0,
        202.0
      ],
      [
        802.0,
        243.0
      ],
      [
        768.0,
        237.0
      ]
    ],
    [
      [
        822.0,
        383.0
      ],
      [
        853.0,
        385.0
      ],
      [
        851.0,
        426.0
      ],
      [
        820.0,
        427.0
      ]
    ],
    [
      [
        822.0,
        322.0
      ],
      [
        853.0,
        326.0
      ],
      [
        852.0,
        367.0
      ],
      [
        820.0,
        364.0
      ]
    ],
    [
      [
        819.0,
        446.0
      ],
      [
        850.0,
        443.0
      ],
      [
        851.0,
        484.0
      ],
      [
        819.0,
        488.0
      ]
    ],
    [
      [
        867.0,
        383.0
      ],
      [
        897.0,
        385.0
      ],
      [
        895.0,
        426.0
      ],
      [
        865.0,
        426.0
      ]
    ],
    [
      [
        821.0,
        262.0
      ],
      [
        851.0,
        267.0
      ],
      [
        851.0,
        308.0
      ],
      [
        820.0,
        303.0
      ]
    ],
    [
      [
        865.0,
        443.0
      ],
      [
        895.0,
        440.0
      ],
      [
        894.0,
        481.0
      ],
      [
        864.0,
        485.0
      ]
    ],
    [
      [
        867.0,
        325.0
      ],
      [
        896.0,
        328.0
      ],
      [
        896.0,
        369.0
      ],
      [
        866.0,
        368.0
      ]
    ],
    [
      [
        865.0,
        267.0
      ],
      [
        895.0,
        273.0
      ],
      [
        895.0,
        313.0
      ],
      [
        866.0,
        309.0
      ]
    ],
    [
      [
        863.6053466796875,
        211.3391571044922
      ],
      [
        892.0,
        219.0
      ],
      [
        893.0,
        258.0
      ],
      [
        864.0,
        252.0
      ]
    ],
    [
      [
        908.0,
        328.0
      ],
      [
        934.0,
        331.0
      ],
      [
        934.0,
        371.0
      ],
      [
        908.0,
        369.0
      ]
    ],
    [
      [
        909.0,
        384.0
      ],
      [
        935.0,
        385.0
      ],
      [
        933.0,
        425.0
      ],
      [
        907.0,
        425.0
      ]
    ],
    [
      [
        767.0,
        448.0
      ],
      [
        803.0,
        445.0
      ],
      [
        803.0,
        488.0
      ],
      [
        767.0,
        492.0
      ]
    ]
  ],