{
  "size": [
    1280,
    720
  ],
  "ids0": [
    15,
    7,
    23,
    31,
    6,
    22,
    39,
    30,
    13,
    5,
    21,
    38,
    4,
    12,
    37,
    28,
    27,
    18,
    20
  ],
  "ids1": [
    0,
    8,
    1,
    16,
    9,
    24,
    17,
    2,
    25,
    10,
    3,
    32,
    11,
    26,
    33,
    19,
    4,
    34,
    27,
    12,
    20,
    35,
    5,
    22,
    30,
    7,
    28,
    36
  ],
  "corners0": [
    [
      [
        728.0,
        194.0
      ],
      [
        771.0,
        199.0
      ],
      [
        766.0,
        243.0
      ],
      [
        724.0,
        240.0
      ]
    ],
    [
      [
        732.0,
        130.0
      ],
      [
        775.0,
        136.0
      ],
      [
        771.0,
        180.0
      ],
      [
        728.0,
        174.0
      ]
    ],
    [
      [
        723.0,
        259.0
      ],
      [
        767.5064697265625,
        264.2868957519531
      ],
      [
        760.0,
        306.0
      ],
      [
        718.0,
        303.0
      ]
    ],
    [
      [
        718.0,
        322.0
      ],
      [
        759.0,
        325.0
      ],
      [
        753.0,
        367.0
      ],
      [
        713.0,
        365.0
      ]
    ],
    [
      [
        794.0,
        137.0
      ],
      [
        833.0,
        143.0
      ],
      [
        829.0,
        186.0
      ],
      [
        790.0,
        181.0
      ]
    ],
    [
      [
        784.0,
        263.0
      ],
      [
        823.0,
        267.0
      ],
      [
        817.0,
        308.0
      ],
      [
        778.0,
        305.0
      ]
    ],
    [
      [
        712.0,
        383.0
      ],
      [
        753.0,
        385.0
      ],
      [
        747.0,
        424.0
      ],
      [
        707.0,
        423.0
      ]
    ],
    [
      [
        778.0,
        324.0
      ],
      [
        816.0,
        327.0
      ],
      [
        810.0,
        367.0
      ],
      [
        772.0,
        366.0
      ]
    ],
    [
      [
        846.0,
        206.0
      ],
      [
        882.0,
        211.0
      ],
      [
        876.0,
        252.0
      ],
      [
        841.0,
        248.0
      ]
    ],
    [
      [
        851.0,
        145.0
      ],
      [
        886.0,
        151.0
      ],
      [
        882.0,
        192.0
      ],
      [
        847.0,
        187.0
      ]
    ],
    [
      [
        841.0,
        266.0
      ],
      [
        875.0,
        270.0
      ],
      [
        869.0,
        311.0
      ],
      [
        834.0,
        308.0
      ]
    ],
    [
      [
        771.0,
        384.0
      ],
      [
        808.0,
        385.0
      ],
      [
        802.0,
        423.0
      ],
      [
        765.0,
        423.0
      ]
    ],
    [
      [
        903.0,
        153.0
      ],
      [
        935.0,
        160.0
      ],
      [
        931.0,
        199.0
      ],
      [
        899.0,
        194.0
      ]
    ],
    [
      [
        898.0,
        212.0
      ],
      [
        930.0,
        217.0
      ],
      [
        925.0,
        256.0
      ],
      [
        893.0,
        253.0
      ]
    ],
    [
      [
        825.0,
        384.0
      ],
      [
        860.0,
        385.0
      ],
      [
        853.0,
        422.0
      ],
      [
        819.0,
        422.0
      ]
    ],
    [
      [
        884.0,
        328.0
      ],
      [
        916.0,
        330.0
      ],
      [
        909.0,
        368.0
      ],
      [
        878.0,
        366.0
      ]
    ],
    [
      [
        930.0,
        328.0
      ],
      [
        960.0,
        331.0
      ],
      [
        953.0,
        369.0
      ],
      [
        923.0,
        368.0
      ]
    ],
    [
      [
        981.0,
        277.0
      ],
      [
        1007.0,
        281.0
      ],
      [
        1001.0,
        318.0
      ],
      [
        974.0,
        316.0
      ]
    ],
    [
      [
        892.0,
        270.0
      ],
      [
        924.0,
        274.0
      ],
      [
        917.0,
        313.0
      ],
      [
        886.0,
        310.0
      ]
    ]
  ],