{
  "size": [
    1280,
    720
  ],
  "ids0": [
    6,
    7,
    15,
    14,
    5,
    13,
    23,
    4,
    22,
    12,
    21,
    31,
    30,
    20,
    3,
    11,
    29,
    19,
    38,
    39,
    1,
    2,
    28,
    17,
    37,
    10,
    27,
    18,
    0,
    8,
    35,
    16,
    33,
    24,
    36
  ],
  "ids1": [
    0,
    1,
    16,
    9,
    24,
    17,
    2,
    10,
    25,
    11,
    4,
    35
  ],
  "corners0": [
    [
      [
        750.4464111328125,
        174.22280883789062
      ],
      [
        791.0,
        181.0
      ],
      [
        787.0,
        223.0
      ],
      [
        745.0,
        219.0
      ]
    ],
    [
      [
        687.0,
        172.0
      ],
      [
        730.0,
        176.0
      ],
      [
        726.0,
        218.0
      ],
      [
        683.0,
        213.0
      ]
    ],
    [
      [
        683.0,
        232.0
      ],
      [
        725.0,
        236.0
      ],
      [
        721.0,
        278.0
      ],
      [
        679.0,
        273.0
      ]
    ],
    [
      [
        744.0,
        237.0
      ],
      [
        786.0,
        242.0
      ],
      [
        781.0,
        283.0
      ],
      [
        740.0,
        279.0
      ]
    ],
    [
      [
        810.0,
        182.0
      ],
      [
        851.0,
        188.0
      ],
      [
        846.0,
        229.0
      ],
      [
        805.0,
        224.0
      ]
    ],
    [
      [
        804.0,
        243.0
      ],
      [
        845.0,
        248.0
      ],
      [
        839.0,
        288.0
      ],
      [
        799.0,
        284.0
      ]
    ],
    [
      [
        679.0,
        292.0
      ],
      [
        720.0,
        296.0
      ],
      [
        716.0,
        336.0
      ],
      [
        675.0,
        331.0
      ]
    ],
    [
      [
        869.0,
        189.0
      ],
      [
        908.0,
        195.0
      ],
      [
        902.0,
        236.0
      ],
      [
        864.0,
        231.0
      ]
    ],
    [
      [
        739.0,
        297.0
      ],
      [
        780.0,
        301.0
      ],
      [
        775.0,
        340.0
      ],
      [
        734.0,
        336.0
      ]
    ],
    [
      [
        863.0,
        248.0
      ],
      [
        901.0,
        253.0
      ],
      [
        894.0,
        294.0
      ],
      [
        857.0,
        289.0
      ]
    ],
    [
      [
        798.0,
        302.0
      ],
      [
        838.0,
        306.0
      ],
      [
        832.0,
        345.0
      ],
      [
        793.0,
        341.0
      ]
    ],
    [
      [
        675.0,
        349.0
      ],
      [
        715.0,
        353.0
      ],
      [
        711.0,
        391.0
      ],
      [
        671.0,
        386.0
      ]
    ],
    [
      [
        733.0,
        354.0
      ],
      [
        773.0,
        358.0
      ],
      [
        768.0,
        395.0
      ],
      [
        729.0,
        391.0
      ]
    ],
    [
      [
        855.0,
        307.0
      ],
      [
        893.0,
        311.0
      ],
      [
        886.0,
        350.0
      ],
      [
        849.0,
        345.0
      ]
    ],
    [
      [
        926.0,
        196.0
      ],
      [
        961.0,
        203.0
      ],
      [
        956.0,
        242.0
      ],
      [
        919.0,
        236.0
      ]
    ],
    [
      [
        918.0,
        255.0
      ],
      [
        954.0,
        260.0
      ],
      [
        947.0,
        299.0
      ],
      [
        912.0,
        295.0
      ]
    ],
    [
      [
        791.0,
        359.0
      ],
      [
        830.0,
        363.0
      ],
      [
        824.0,
        399.0
      ],
      [
        785.0,
        395.0
      ]
    ],
    [
      [
        910.0,
        312.0
      ],
      [
        945.0,
        316.0
      ],
      [
        938.0,
        354.0
      ],
      [
        903.0,
        350.0
      ]
    ],
    [
      [
        728.0,
        408.0
      ],
      [
        766.0,
        412.0
      ],
      [
        760.0,
        447.0
      ],
      [
        723.0,
        443.0
      ]
    ],
    [
      [
        670.0,
        405.0
      ],
      [
        709.0,
        407.0
      ],
      [
        707.0,
        441.0
      ],
      [
        668.0,
        439.0
      ]
    ],
    [
      [
        1025.0,
        211.0
      ],
      [
        1057.0,
        218.0
      ],
      [
        1051.0,
        257.0
      ],
      [
        1019.0,
        252.0
      ]
    ],
    [
      [
        978.0,
        204.0
      ],
      [
        1011.0,
        211.0
      ],
      [
        1005.0,
        249.0
      ],
      [
        972.0,
        244.0
      ]
    ],
    [
      [
        847.0,
        363.0
      ],
      [
        884.0,
        367.0
      ],
      [
        876.0,
        403.0
      ],
      [
        841.0,
        399.0
      ]
    ],
    [
      [
        1009.0,
        321.0
      ],
      [
        1041.0,
        325.0
      ],
      [
        1032.0,
        363.0
      ],
      [
        1000.0,
        359.0
      ]
    ],
    [
      [
        784.0,
        413.0
      ],
      [
        821.0,
        416.0
      ],
      [
        815.0,
        450.0
      ],
      [
        778.0,
        446.0
      ]
    ],
    [
      [
        971.0,
        261.0
      ],
      [
        1003.0,
        267.0
      ],
      [
        996.0,
        304.0
      ],
      [
        964.0,
        300.0
      ]
    ],
    [
      [
        901.0,
        367.0
      ],
      [
        936.0,
        371.0
      ],
      [
        927.0,
        406.0
      ],
      [
        894.0,
        403.0
      ]
    ],
    [
      [
        962.0,
        317.0
      ],
      [
        994.0,
        322.0
      ],
      [
        986.0,
        358.0
      ],
      [
        954.0,
        354.0
      ]
    ],
    [
      [
        1069.410400390625,
        218.0754852294922
      ],
      [
        1099.0,
        226.0
      ],
      [
        1092.0,
        264.0
      ],
      [
        1064.0,
        258.0
      ]
    ],
    [
      [
        1062.0,
        273.0
      ],
      [
        1091.0,
        278.0
      ],
      [
        1083.0,
        316.0
      ],
      [
        1055.0,
        312.0
      ]
    ],
    [
      [
        892.0,
        419.0
      ],
      [
        925.0,
        422.0
      ],
      [
        917.0,
        455.0
      ],
      [
        884.0,
        453.0
      ]
    ],
    [
      [
        1053.0,
        326.0
      ],
      [
        1081.0,
        330.0
      ],
      [
        1073.0,
        366.0
      ],
      [
        1044.0,
        363.0
      ]
    ],
    [
      [
        987.0,
        423.0
      ],
      [
        1017.0,
        426.0
      ],
      [
        1008.0,
        459.0
      ],
      [
        977.0,
        458.0
      ]
    ],
    [
      [
        1042.0,
        377.0
      ],
      [
        1070.0,
        380.0
      ],
      [
        1061.0,
        414.0
      ],
      [
        1032.0,
        412.0
      ]
    ],
    [
      [
        839.0,
        416.0
      ],
      [
        874.0,
        419.0
      ],
      [
        867.0,
        453.0
      ],
      [
        832.0,
        450.0
      ]
    ]
  ],