{
  "size": [
    1280,
    720
  ],
  "ids0": [
    7,
    15,
    6,
    14,
    23,
    5,
    13,
    22,
    21,
    31,
    4,
    12,
    30,
    29,
    39,
    38,
    3,
    28,
    11,
    19,
    37,
    1,
    27,
    2,
    10,
    17,
    18,
    35,
    0,
    8,
    16,
    24,
    20
  ],
  "ids1": [
    0,
    8,
    16,
    1,
    9,
    24,
    17,
    2,
    10,
    25,
    32,
    18,
    26,
    4,
    12,
    20,
    35
  ],
  "corners0": [
    [
      [
        708.0,
        137.0
      ],
      [
        750.0,
        142.0
      ],
      [
        746.0,
        183.0
      ],
      [
        704.0,
        178.0
      ]
    ],
    [
      [
        703.0,
        197.0
      ],
      [
        745.0,
        202.0
      ],
      [
        739.0,
        243.0
      ],
      [
        698.0,
        237.0
      ]
    ],
    [
      [
        769.0,
        143.0
      ],
      [
        810.0,
        149.0
      ],
      [
        805.0,
        190.0
      ],
      [
        764.0,
        184.0
      ]
    ],
    [
      [
        763.0,
        203.0
      ],
      [
        804.0,
        209.0
      ],
      [
        799.0,
        249.0
      ],
      [
        758.0,
        244.0
      ]
    ],
    [
      [
        697.0,
        256.0
      ],
      [
        738.0,
        261.0
      ],
      [
        733.0,
        301.0
      ],
      [
        693.0,
        296.0
      ]
    ],
    [
      [
        829.0,
        150.0
      ],
      [
        868.0,
        157.0
      ],
      [
        860.9169311523438,
        199.7471160888672
      ],
      [
        823.0,
        191.0
      ]
    ],
    [
      [
        822.0,
        210.0
      ],
      [
        862.0,
        216.0
      ],
      [
        856.0,
        256.0
      ],
      [
        816.0,
        250.0
      ]
    ],
    [
      [
        757.0,
        262.0
      ],
      [
        797.0,
        267.0
      ],
      [
        791.0,
        307.0
      ],
      [
        751.0,
        302.0
      ]
    ],
    [
      [
        816.0,
        268.0
      ],
      [
        854.0,
        274.0
      ],
      [
        848.0,
        313.0
      ],
      [
        809.0,
        308.0
      ]
    ],
    [
      [
        692.0,
        314.0
      ],
      [
        732.0,
        319.0
      ],
      [
        727.0,
        357.0
      ],
      [
        687.0,
        352.0
      ]
    ],
    [
      [
        886.0,
        159.0
      ],
      [
        923.0,
        166.0
      ],
      [
        918.0,
        206.0
      ],
      [
        880.0,
        199.0
      ]
    ],
    [
      [
        879.0,
        218.0
      ],
      [
        917.0,
        224.0
      ],
      [
        910.0,
        263.0
      ],
      [
        873.0,
        258.0
      ]
    ],
    [
      [
        750.0,
        320.0
      ],
      [
        790.0,
        325.0
      ],
      [
        783.0,
        363.0
      ],
      [
        745.0,
        358.0
      ]
    ],
    [
      [
        807.0,
        326.0
      ],
      [
        846.0,
        331.0
      ],
      [
        839.0,
        368.0
      ],
      [
        801.0,
        363.0
      ]
    ],
    [
      [
        686.0,
        370.0
      ],
      [
        725.0,
        374.0
      ],
      [
        720.0,
        410.0
      ],
      [
        682.0,
        406.0
      ]
    ],
    [
      [
        743.0,
        375.0
      ],
      [
        782.0,
        380.0
      ],
      [
        775.0,
        416.0
      ],
      [
        738.0,
        411.0
      ]
    ],
    [
      [
        940.0,
        168.0
      ],
      [
        975.0,
        176.0
      ],
      [
        969.0,
        214.0
      ],
      [
        935.0,
        208.0
      ]
    ],
    [
      [
        863.0,
        331.0
      ],
      [
        899.0,
        336.0
      ],
      [
        892.0,
        373.0
      ],
      [
        856.0,
        369.0
      ]
    ],
    [
      [
        934.0,
        225.0
      ],
      [
        968.0,
        232.0
      ],
      [
        961.0,
        270.0
      ],
      [
        926.0,
        264.0
      ]
    ],
    [
      [
        925.0,
        282.0
      ],
      [
        959.0,
        287.0
      ],
      [
        952.0,
        325.0
      ],
      [
        918.0,
        320.0
      ]
    ],
    [
      [
        799.0,
        381.0
      ],
      [
        836.0,
        385.0
      ],
      [
        829.0,
        420.0
      ],
      [
        793.0,
        416.0
      ]
    ],
    [
      [
        1037.0,
        187.0
      ],
      [
        1068.89599609375,
        193.63027954101562
      ],
      [
        1062.0,
        233.0
      ],
      [
        1031.0,
        226.0
      ]
    ],
    [
      [
        916.0,
        337.0
      ],
      [
        949.0,
        342.0
      ],
      [
        941.0,
        378.0
      ],
      [
        908.0,
        374.0
      ]
    ],
    [
      [
        991.0,
        178.0
      ],
      [
        1022.0,
        185.0
      ],
      [
        1017.0,
        223.0
      ],
      [
        985.0,
        216.0
      ]
    ],
    [
      [
        984.0,
        234.0
      ],
      [
        1015.0,
        240.0
      ],
      [
        1009.0,
        277.0
      ],
      [
        977.0,
        272.0
      ]
    ],
    [
      [
        1021.0,
        295.0
      ],
      [
        1051.0,
        300.0
      ],
      [
        1043.0,
        338.0
      ],
      [
        1013.0,
        333.0
      ]
    ],
    [
      [
        975.0,
        289.0
      ],
      [
        1006.0,
        294.0
      ],
      [
        998.0,
        331.0
      ],
      [
        968.0,
        326.0
      ]
    ],
    [
      [
        905.0,
        391.0
      ],
      [
        938.0,
        394.0
      ],
      [
        930.0,
        428.0
      ],
      [
        898.0,
        425.0
      ]
    ],
    [
      [
        1080.33740234375,
        195.28353881835938
      ],
      [
        1108.0,
        204.0
      ],
      [
        1102.0,
        241.0
      ],
      [
        1074.0,
        234.0
      ]
    ],
    [
      [
        1073.0,
        249.0
      ],
      [
        1100.0,
        255.0
      ],
      [
        1093.0,
        292.0
      ],
      [
        1064.1181640625,
        287.6334228515625
      ]
    ],
    [
      [
        1064.0,
        301.0
      ],
      [
        1091.0,
        306.0
      ],
      [
        1083.33056640625,
        343.75335693359375
      ],
      [
        1056.0,
        338.0
      ]
    ],
    [
      [
        1053.0,
        352.0
      ],
      [
        1081.931396484375,
        355.8091735839844
      ],
      [
        1071.0,
        391.0
      ],
      [
        1044.0,
        388.0
      ]
    ],
    [
      [
        871.0,
        275.0
      ],
      [
        908.0,
        280.0
      ],
      [
        901.0,
        319.0
      ],
      [
        865.0,
        314.0
      ]
    ]
  ],