{
  "size": [
    1280,
    720
  ],
  "ids0": [
    31,
    23,
    39,
    15,
    22,
    38,
    14,
    7,
    29,
    21,
    37,
    6,
    13,
    5,
    28,
    12,
    4,
    27,
    19,
    35,
    11,
    3,
    26,
    17,
    18,
    34,
    10,
    16,
    20,
    36
  ],
  "ids1": [
    0,
    8,
    16,
    1,
    9,
    24,
    17,
    32,
    25,
    2,
    10,
    18,
    33,
    26,
    11,
    34,
    4,
    27,
    36,
    5,
    29,
    19
  ],
  "corners0": [
    [
      [
        554.0,
        426.0
      ],
      [
        601.0,
        429.0
      ],
      [
        598.0,
        477.0
      ],
      [
        551.0,
        474.0
      ]
    ],
    [
      [
        557.9306030273438,
        356.1592712402344
      ],
      [
        604.0,
        363.0
      ],
      [
        601.0,
        409.0
      ],
      [
        554.0,
        406.0
      ]
    ],
    [
      [
        550.0,
        495.0
      ],
      [
        597.0,
        495.0
      ],
      [
        597.0,
        541.0
      ],
      [
        551.0,
        542.0
      ]
    ],
    [
      [
        561.0,
        292.0
      ],
      [
        606.0,
        297.0
      ],
      [
        603.0,
        343.0
      ],
      [
        557.0,
        338.0
      ]
    ],
    [
      [
        623.0,
        363.0
      ],
      [
        668.0,
        367.0
      ],
      [
        664.0,
        413.0
      ],
      [
        620.0,
        409.0
      ]
    ],
    [
      [
        618.0,
        496.0
      ],
      [
        663.0,
        497.0
      ],
      [
        660.0,
        542.0
      ],
      [
        615.0,
        541.0
      ]
    ],
    [
      [
        626.0,
        298.0
      ],
      [
        669.0,
        303.0
      ],
      [
        667.0,
        347.0
      ],
      [
        623.0,
        343.0
      ]
    ],
    [
      [
        565.0,
        230.0
      ],
      [
        609.0,
        235.0
      ],
      [
        606.0,
        278.0
      ],
      [
        561.0,
        273.0
      ]
    ],
    [
      [
        684.0,
        432.0
      ],
      [
        726.0,
        434.0
      ],
      [
        723.0,
        479.0
      ],
      [
        681.0,
        477.0
      ]
    ],
    [
      [
        686.0,
        367.0
      ],
      [
        728.0,
        371.0
      ],
      [
        726.0,
        415.0
      ],
      [
        684.0,
        412.0
      ]
    ],
    [
      [
        682.0,
        496.0
      ],
      [
        724.0,
        498.0
      ],
      [
        721.0,
        541.0
      ],
      [
        679.0,
        541.0
      ]
    ],
    [
      [
        628.0,
        236.0
      ],
      [
        671.0,
        242.0
      ],
      [
        669.0,
        284.0
      ],
      [
        625.0,
        278.0
      ]
    ],
    [
      [
        688.0,
        304.0
      ],
      [
        729.0,
        309.0
      ],
      [
        727.0,
        352.0
      ],
      [
        686.0,
        348.0
      ]
    ],
    [
      [
        689.0,
        243.0
      ],
      [
        729.0,
        248.0
      ],
      [
        728.0,
        290.0
      ],
      [
        687.0,
        285.0
      ]
    ],
    [
      [
        744.0,
        433.0
      ],
      [
        783.0,
        436.0
      ],
      [
        780.0,
        479.0
      ],
      [
        741.0,
        477.0
      ]
    ],
    [
      [
        747.0,
        309.0
      ],
      [
        784.0,
        314.0
      ],
      [
        783.0,
        356.0
      ],
      [
        745.0,
        352.0
      ]
    ],
    [
      [
        747.0,
        250.0
      ],
      [
        784.0,
        257.0
      ],
      [
        783.0,
        296.0
      ],
      [
        746.0,
        291.0
      ]
    ],
    [
      [
        798.0,
        436.0
      ],
      [
        834.0,
        436.0
      ],
      [
        833.0,
        477.0
      ],
      [
        798.0,
        478.0
      ]
    ],
    [
      [
        801.0,
        374.0
      ],
      [
        836.0,
        378.0
      ],
      [
        833.0,
        419.0
      ],
      [
        799.0,
        416.0
      ]
    ],
    [
      [
        796.0,
        497.0
      ],
      [
        831.0,
        494.0
      ],
      [
        831.0,
        535.0
      ],
      [
        796.0,
        538.0
      ]
    ],
    [
      [
        801.0,
        315.0
      ],
      [
        835.0,
        319.0
      ],
      [
        834.0,
        360.0
      ],
      [
        800.0,
        356.0
      ]
    ],
    [
      [
        801.0,
        257.0
      ],
      [
        834.0,
        264.0
      ],
      [
        833.0,
        302.0
      ],
      [
        800.0,
        297.0
      ]
    ],
    [
      [
        851.0,
        435.0
      ],
      [
        882.0,
        438.0
      ],
      [
        879.0,
        477.0
      ],
      [
        848.0,
        476.0
      ]
    ],
    [
      [
        896.0,
        379.0
      ],
      [
        926.0,
        382.0
      ],
      [
        925.0,
        422.0
      ],
      [
        895.0,
        420.0
      ]
    ],
    [
      [
        852.0,
        377.0
      ],
      [
        882.0,
        380.0
      ],
      [
        881.0,
        419.0
      ],
      [
        850.0,
        418.0
      ]
    ],
    [
      [
        847.0,
        496.0
      ],
      [
        879.0,
        493.0
      ],
      [
        878.0,
        531.0
      ],
      [
        847.0,
        535.0
      ]
    ],
    [
      [
        852.0,
        320.0
      ],
      [
        882.0,
        325.0
      ],
      [
        881.0,
        363.0
      ],
      [
        850.0,
        359.0
      ]
    ],
    [
      [
        938.0,
        382.0
      ],
      [
        964.0,
        384.0
      ],
      [
        963.0,
        422.0
      ],
      [
        937.0,
        421.0
      ]
    ],
    [
      [
        745.0,
        371.0
      ],
      [
        784.0,
        374.0
      ],
      [
        782.0,
        417.0
      ],
      [
        743.0,
        414.0
      ]
    ],
    [
      [
        741.0,
        497.0
      ],
      [
        779.0,
        495.0
      ],
      [
        779.0,
        538.0
      ],
      [
        740.0,
        541.0
      ]
    ]
  ],