{
  "size": [
    1280,
    720
  ],
  "ids0": [
    23,
    15,
    14,
    31,
    30,
    7,
    6,
    38,
    21,
    13,
    5,
    37,
    20,
    12,
    28,
    4,
    19,
    27,
    35,
    2,
    9,
    36
  ],
  "ids1": [
    8,
    0,
    16,
    9,
    24,
    17,
    1,
    25,
    32,
    10,
    18,
    2,
    33,
    26,
    11,
    34,
    19,
    3,
    27,
    21,
    13,
    35,
    5,
    4,
    20,
    12,
    29,
    28
  ],
  "corners0": [
    [
      [
        396.0,
        314.0
      ],
      [
        449.0,
        309.0
      ],
      [
        454.0,
        367.0
      ],
      [
        402.0,
        375.0
      ]
    ],
    [
      [
        392.0,
        233.0
      ],
      [
        441.0,
        230.0
      ],
      [
        446.0,
        284.0
      ],
      [
        397.0,
        289.0
      ]
    ],
    [
      [
        464.0,
        229.0
      ],
      [
        511.0,
        227.0
      ],
      [
        516.0,
        281.0
      ],
      [
        469.0,
        286.0
      ]
    ],
    [
      [
        406.0,
        399.0
      ],
      [
        454.0,
        392.0
      ],
      [
        460.0,
        444.0
      ],
      [
        413.0,
        454.0
      ]
    ],
    [
      [
        476.0,
        387.0
      ],
      [
        522.0,
        379.0
      ],
      [
        528.0,
        432.0
      ],
      [
        483.0,
        443.0
      ]
    ],
    [
      [
        391.0,
        151.0
      ],
      [
        439.0,
        154.0
      ],
      [
        440.0,
        205.0
      ],
      [
        391.0,
        204.0
      ]
    ],
    [
      [
        462.0,
        151.0
      ],
      [
        508.0,
        155.0
      ],
      [
        510.0,
        207.0
      ],
      [
        463.0,
        206.0
      ]
    ],
    [
      [
        484.0,
        465.0
      ],
      [
        527.7161865234375,
        451.3537902832031
      ],
      [
        536.0,
        504.0
      ],
      [
        492.0,
        516.0
      ]
    ],
    [
      [
        536.0,
        303.0
      ],
      [
        577.0,
        299.0
      ],
      [
        582.0,
        349.0
      ],
      [
        541.0,
        356.0
      ]
    ],
    [
      [
        532.0,
        227.0
      ],
      [
        573.0,
        228.0
      ],
      [
        575.0,
        279.0
      ],
      [
        534.0,
        280.0
      ]
    ],
    [
      [
        528.0,
        155.0
      ],
      [
        568.0,
        159.0
      ],
      [
        570.0,
        208.0
      ],
      [
        529.0,
        206.0
      ]
    ],
    [
      [
        548.0,
        450.0
      ],
      [
        588.0,
        440.0
      ],
      [
        593.0,
        487.0
      ],
      [
        554.0,
        499.0
      ]
    ],
    [
      [
        595.0,
        298.0
      ],
      [
        630.0,
        294.0
      ],
      [
        635.0,
        342.0
      ],
      [
        599.0,
        348.0
      ]
    ],
    [
      [
        591.0,
        227.0
      ],
      [
        627.0,
        229.0
      ],
      [
        629.0,
        276.0
      ],
      [
        593.0,
        277.0
      ]
    ],
    [
      [
        600.0,
        368.0
      ],
      [
        635.0,
        362.0
      ],
      [
        639.0,
        408.0
      ],
      [
        605.0,
        417.0
      ]
    ],
    [
      [
        587.0,
        159.0
      ],
      [
        622.0,
        164.0
      ],
      [
        624.0,
        209.0
      ],
      [
        588.0,
        207.0
      ]
    ],
    [
      [
        647.0,
        294.0
      ],
      [
        677.0,
        291.0
      ],
      [
        681.0,
        336.0
      ],
      [
        651.0,
        341.0
      ]
    ],
    [
      [
        651.0,
        360.0
      ],
      [
        681.0,
        354.0
      ],
      [
        685.0,
        398.0
      ],
      [
        655.0,
        405.0
      ]
    ],
    [
      [
        656.0,
        424.0
      ],
      [
        685.0,
        416.0
      ],
      [
        689.0,
        458.0
      ],
      [
        660.0,
        468.0
      ]
    ],
    [
      [
        683.0,
        168.0
      ],
      [
        712.0,
        172.0
      ],
      [
        714.0,
        214.0
      ],
      [
        685.0,
        212.0
      ]
    ],
    [
      [
        728.0,
        229.0
      ],
      [
        753.0,
        231.0
      ],
      [
        755.0,
        271.0
      ],
      [
        730.0,
        271.0
      ]
    ],
    [
      [
        605.0,
        437.0
      ],
      [
        640.0,
        427.0
      ],
      [
        644.0,
        472.0
      ],
      [
        610.0,
        483.0
      ]
    ]
  ],