{
  "size": [
    1280,
    720
  ],
  "ids0": [
    31,
    23,
    15,
    30,
    22,
    38,
    7,
    14,
    29,
    6,
    13,
    28,
    5,
    20,
    12,
    4,
    19,
    35,
    10,
    3,
    18,
    26,
    17,
    9,
    1,
    36,
    11
  ],
  "ids1": [
    0,
    8,
    16,
    1,
    24,
    9,
    17,
    32,
    25,
    10,
    2,
    18,
    33,
    26,
    3,
    11,
    34,
    12,
    27,
    35,
    13,
    29,
    19
  ],
  "corners0": [
    [
      [
        565.0,
        449.0
      ],
      [
        612.0,
        452.0
      ],
      [
        610.0,
        500.0
      ],
      [
        563.0,
        498.0
      ]
    ],
    [
      [
        567.0,
        381.0
      ],
      [
        614.0,
        385.0
      ],
      [
        612.0,
        432.0
      ],
      [
        565.0,
        429.0
      ]
    ],
    [
      [
        570.0145263671875,
        312.2163391113281
      ],
      [
        615.0,
        319.0
      ],
      [
        613.0,
        364.0
      ],
      [
        567.0,
        361.0
      ]
    ],
    [
      [
        632.0,
        451.0
      ],
      [
        677.0,
        453.0
      ],
      [
        676.0,
        499.0
      ],
      [
        631.0,
        499.0
      ]
    ],
    [
      [
        633.0,
        384.0
      ],
      [
        677.0,
        387.0
      ],
      [
        676.0,
        434.0
      ],
      [
        631.0,
        431.0
      ]
    ],
    [
      [
        630.0,
        519.0
      ],
      [
        675.0,
        518.0
      ],
      [
        676.0,
        563.0
      ],
      [
        631.0,
        566.0
      ]
    ],
    [
      [
        572.0,
        251.0
      ],
      [
        616.0,
        256.0
      ],
      [
        614.0,
        300.0
      ],
      [
        569.0,
        295.0
      ]
    ],
    [
      [
        634.0,
        319.0
      ],
      [
        677.0,
        323.0
      ],
      [
        676.0,
        368.0
      ],
      [
        632.0,
        364.0
      ]
    ],
    [
      [
        696.0,
        452.0
      ],
      [
        738.0,
        454.0
      ],
      [
        736.0,
        499.0
      ],
      [
        694.0,
        498.0
      ]
    ],
    [
      [
        635.0,
        257.0
      ],
      [
        677.0,
        262.0
      ],
      [
        676.0,
        305.0
      ],
      [
        633.0,
        300.0
      ]
    ],
    [
      [
        696.0,
        324.0
      ],
      [
        736.0,
        328.0
      ],
      [
        736.0,
        371.0
      ],
      [
        695.0,
        368.0
      ]
    ],
    [
      [
        755.0,
        453.0
      ],
      [
        793.0,
        454.0
      ],
      [
        791.0,
        497.0
      ],
      [
        754.0,
        497.0
      ]
    ],
    [
      [
        696.0,
        263.0
      ],
      [
        735.0,
        269.0
      ],
      [
        735.0,
        309.0
      ],
      [
        695.0,
        305.0
      ]
    ],
    [
      [
        755.0,
        390.0
      ],
      [
        792.0,
        393.0
      ],
      [
        791.0,
        436.0
      ],
      [
        754.0,
        434.0
      ]
    ],
    [
      [
        754.0,
        329.0
      ],
      [
        791.0,
        333.0
      ],
      [
        791.0,
        374.0
      ],
      [
        753.0,
        371.0
      ]
    ],
    [
      [
        752.0,
        270.0
      ],
      [
        788.0,
        275.0
      ],
      [
        788.0,
        315.0
      ],
      [
        752.0,
        310.0
      ]
    ],
    [
      [
        809.0,
        392.0
      ],
      [
        843.0,
        395.0
      ],
      [
        842.0,
        436.0
      ],
      [
        808.0,
        434.0
      ]
    ],
    [
      [
        808.0,
        515.0
      ],
      [
        842.0,
        511.0
      ],
      [
        843.0,
        551.0
      ],
      [
        809.0,
        556.0
      ]
    ],
    [
      [
        855.0,
        336.0
      ],
      [
        887.0,
        340.0
      ],
      [
        888.0,
        380.0
      ],
      [
        856.0,
        378.0
      ]
    ],
    [
      [
        805.0,
        276.0
      ],
      [
        837.0,
        281.0
      ],
      [
        838.0,
        319.0
      ],
      [
        805.0,
        315.0
      ]
    ],
    [
      [
        859.0,
        394.0
      ],
      [
        888.0,
        396.0
      ],
      [
        888.0,
        435.0
      ],
      [
        858.0,
        434.0
      ]
    ],
    [
      [
        860.0,
        452.0
      ],
      [
        889.0,
        453.0
      ],
      [
        888.0,
        492.0
      ],
      [
        858.0,
        492.0
      ]
    ],
    [
      [
        902.0,
        395.0
      ],
      [
        931.0,
        397.0
      ],
      [
        931.0,
        436.0
      ],
      [
        902.0,
        435.0
      ]
    ],
    [
      [
        899.0,
        340.0
      ],
      [
        928.0,
        344.0
      ],
      [
        929.0,
        382.0
      ],
      [
        900.0,
        380.0
      ]
    ],
    [
      [
        895.0,
        287.0
      ],
      [
        924.0,
        292.0
      ],
      [
        926.0,
        329.0
      ],
      [
        897.0,
        325.0
      ]
    ],
    [
      [
        753.0,
        517.0
      ],
      [
        791.0,
        514.0
      ],
      [
        792.0,
        556.0
      ],
      [
        754.0,
        560.0
      ]
    ],
    [
      [
        807.0,
        333.0
      ],
      [
        840.0,
        337.0
      ],
      [
        841.0,
        377.0
      ],
      [
        807.0,
        374.0
      ]
    ]
  ],