{
  "size": [
    1280,
    720
  ],
  "ids0": [
    31,
    23,
    39,
    15,
    22,
    30,
    38,
    7,
    29,
    37,
    21,
    6,
    13,
    28,
    20,
    5,
    12,
    4,
    27,
    35,
    11,
    3,
    18,
    17,
    26,
    34,
    10,
    2,
    32,
    24,
    8,
    36
  ],
  "ids1": [
    0,
    8,
    16,
    1,
    24,
    9,
    17,
    32,
    25,
    2,
    10,
    33,
    18,
    26,
    34,
    19,
    12,
    27,
    28
  ],
  "corners0": [
    [
      [
        551.0,
        415.0
      ],
      [
        597.0,
        418.0
      ],
      [
        594.0,
        466.0
      ],
      [
        547.0,
        462.0
      ]
    ],
    [
      [
        554.0,
        348.0
      ],
      [
        600.0,
        352.0
      ],
      [
        595.0850219726562,
        400.9332275390625
      ],
      [
        551.0,
        395.0
      ]
    ],
    [
      [
        548.0,
        483.0
      ],
      [
        595.0,
        485.0
      ],
      [
        592.0,
        531.0
      ],
      [
        545.0,
        529.0
      ]
    ],
    [
      [
        558.0,
        282.0
      ],
      [
        604.0,
        287.0
      ],
      [
        600.0,
        332.0
      ],
      [
        554.0,
        328.0
      ]
    ],
    [
      [
        620.0,
        352.0
      ],
      [
        664.0,
        356.0
      ],
      [
        662.0,
        402.0
      ],
      [
        617.0,
        399.0
      ]
    ],
    [
      [
        617.0,
        418.0
      ],
      [
        662.0,
        422.0
      ],
      [
        659.0,
        467.0
      ],
      [
        614.0,
        465.0
      ]
    ],
    [
      [
        614.0,
        485.0
      ],
      [
        659.0,
        487.0
      ],
      [
        656.0,
        532.0
      ],
      [
        612.0,
        531.0
      ]
    ],
    [
      [
        563.0,
        219.0
      ],
      [
        607.0,
        225.0
      ],
      [
        601.252197265625,
        269.859375
      ],
      [
        559.0,
        263.0
      ]
    ],
    [
      [
        681.0,
        421.0
      ],
      [
        723.0,
        424.0
      ],
      [
        720.0,
        469.0
      ],
      [
        678.0,
        467.0
      ]
    ],
    [
      [
        678.0,
        486.0
      ],
      [
        721.0,
        488.0
      ],
      [
        718.0,
        531.0
      ],
      [
        675.0,
        530.0
      ]
    ],
    [
      [
        683.0,
        357.0
      ],
      [
        725.0,
        361.0
      ],
      [
        722.0,
        405.0
      ],
      [
        681.0,
        402.0
      ]
    ],
    [
      [
        626.0,
        226.0
      ],
      [
        668.0,
        231.0
      ],
      [
        666.0,
        274.0
      ],
      [
        623.0,
        268.0
      ]
    ],
    [
      [
        686.0,
        293.0
      ],
      [
        726.0,
        298.0
      ],
      [
        724.0,
        342.0
      ],
      [
        683.0,
        337.0
      ]
    ],
    [
      [
        741.0,
        423.0
      ],
      [
        780.0,
        426.0
      ],
      [
        777.0,
        469.0
      ],
      [
        738.0,
        467.0
      ]
    ],
    [
      [
        743.0,
        361.0
      ],
      [
        782.0,
        365.0
      ],
      [
        780.0,
        407.0
      ],
      [
        740.0,
        404.0
      ]
    ],
    [
      [
        687.0,
        233.0
      ],
      [
        727.0,
        239.0
      ],
      [
        725.0,
        280.0
      ],
      [
        685.0,
        275.0
      ]
    ],
    [
      [
        745.0,
        299.0
      ],
      [
        782.0,
        304.0
      ],
      [
        780.0,
        346.0
      ],
      [
        742.0,
        342.0
      ]
    ],
    [
      [
        745.0,
        240.0
      ],
      [
        782.0,
        247.0
      ],
      [
        781.0,
        286.0
      ],
      [
        743.0,
        281.0
      ]
    ],
    [
      [
        797.0,
        425.0
      ],
      [
        832.0,
        427.0
      ],
      [
        829.0,
        469.0
      ],
      [
        794.0,
        467.0
      ]
    ],
    [
      [
        793.0,
        487.0
      ],
      [
        828.0,
        485.0
      ],
      [
        828.0,
        526.0
      ],
      [
        793.0,
        529.0
      ]
    ],
    [
      [
        799.0,
        305.0
      ],
      [
        833.0,
        310.0
      ],
      [
        832.0,
        350.0
      ],
      [
        797.0,
        346.0
      ]
    ],
    [
      [
        798.0,
        248.0
      ],
      [
        832.0,
        254.0
      ],
      [
        832.0,
        292.0
      ],
      [
        798.0,
        287.0
      ]
    ],
    [
      [
        849.0,
        368.0
      ],
      [
        881.0,
        372.0
      ],
      [
        878.0,
        411.0
      ],
      [
        848.0,
        409.0
      ]
    ],
    [
      [
        893.0609741210938,
        369.0060119628906
      ],
      [
        925.0,
        373.0
      ],
      [
        923.0,
        413.0
      ],
      [
        893.0,
        411.0
      ]
    ],
    [
      [
        849.0,
        426.0
      ],
      [
        879.0,
        428.0
      ],
      [
        877.0,
        468.0
      ],
      [
        846.0,
        467.0
      ]
    ],
    [
      [
        845.0,
        486.0
      ],
      [
        876.0,
        484.0
      ],
      [
        875.0,
        523.0
      ],
      [
        844.0,
        526.0
      ]
    ],
    [
      [
        849.0,
        311.0
      ],
      [
        880.0,
        316.0
      ],
      [
        879.0,
        354.0
      ],
      [
        848.0,
        350.0
      ]
    ],
    [
      [
        849.0,
        255.0
      ],
      [
        878.0,
        261.0
      ],
      [
        878.0,
        298.0
      ],
      [
        848.0,
        293.0
      ]
    ],
    [
      [
        934.0,
        481.0
      ],
      [
        960.0,
        481.0
      ],
      [
        958.0,
        518.0
      ],
      [
        930.0,
        520.0
      ]
    ],
    [
      [
        936.0,
        427.0
      ],
      [
        962.0,
        428.0
      ],
      [
        960.0,
        466.0
      ],
      [
        933.0,
        466.0
      ]
    ],
    [
      [
        935.0,
        320.0
      ],
      [
        962.0,
        325.0
      ],
      [
        962.0,
        362.0
      ],
      [
        935.0,
        358.0
      ]
    ],
    [
      [
        739.0,
        486.0
      ],
      [
        778.0,
        488.0
      ],
      [
        774.0,
        530.0
      ],
      [
        735.0,
        529.0
      ]
    ]
  ],