{
  "size": [
    1280,
    720
  ],
  "ids0": [
    15,
    7,
    31,
    39,
    14,
    22,
    6,
    30,
    38,
    13,
    21,
    5,
    37,
    12,
    20,
    19,
    3,
    2
  ],
  "ids1": [
    8,
    0,
    1,
    16,
    9,
    17,
    10,
    24,
    2,
    25,
    18,
    3,
    19,
    26,
    33,
    32,
    11,
    27,
    12,
    34,
    4,
    35,
    28,
    37,
    5,
    21,
    38,
    20,
    36
  ],
  "corners0": [
    [
      [
        452.0,
        245.0
      ],
      [
        502.0,
        242.0
      ],
      [
        507.0,
        302.0
      ],
      [
        457.0,
        307.0
      ]
    ],
    [
      [
        451.0,
        159.0
      ],
      [
        499.0,
        163.0
      ],
      [
        501.0,
        220.0
      ],
      [
        451.0,
        219.0
      ]
    ],
    [
      [
        466.0,
        416.0
      ],
      [
        514.0,
        406.0
      ],
      [
        520.0,
        463.0
      ],
      [
        473.0,
        475.0
      ]
    ],
    [
      [
        475.0,
        498.0
      ],
      [
        522.0,
        485.0
      ],
      [
        528.0,
        537.0
      ],
      [
        483.0,
        552.0
      ]
    ],
    [
      [
        523.0,
        242.0
      ],
      [
        566.0,
        243.0
      ],
      [
        568.0,
        297.0
      ],
      [
        526.0,
        300.0
      ]
    ],
    [
      [
        527.0,
        324.0
      ],
      [
        569.0,
        318.0
      ],
      [
        574.0,
        373.0
      ],
      [
        533.0,
        381.0
      ]
    ],
    [
      [
        519.0,
        164.0
      ],
      [
        562.0,
        169.0
      ],
      [
        563.0,
        221.0
      ],
      [
        521.0,
        219.0
      ]
    ],
    [
      [
        534.0,
        403.0
      ],
      [
        575.0,
        394.0
      ],
      [
        580.0,
        446.0
      ],
      [
        539.0,
        458.0
      ]
    ],
    [
      [
        541.0,
        480.0
      ],
      [
        579.5458374023438,
        465.2402648925781
      ],
      [
        586.0,
        516.0
      ],
      [
        547.0,
        531.0
      ]
    ],
    [
      [
        584.0,
        242.0
      ],
      [
        620.0,
        243.0
      ],
      [
        622.0,
        293.0
      ],
      [
        586.0,
        295.0
      ]
    ],
    [
      [
        587.0,
        318.0
      ],
      [
        623.0,
        313.0
      ],
      [
        627.0,
        363.0
      ],
      [
        592.0,
        370.0
      ]
    ],
    [
      [
        580.0,
        169.0
      ],
      [
        615.0,
        173.0
      ],
      [
        617.0,
        222.0
      ],
      [
        581.0,
        220.0
      ]
    ],
    [
      [
        598.0,
        463.0
      ],
      [
        632.0,
        452.0
      ],
      [
        636.0,
        498.0
      ],
      [
        603.0,
        511.0
      ]
    ],
    [
      [
        635.0,
        241.0
      ],
      [
        667.0,
        242.0
      ],
      [
        671.7823486328125,
        291.7001037597656
      ],
      [
        637.0,
        292.0
      ]
    ],
    [
      [
        639.0,
        312.0
      ],
      [
        669.0,
        308.0
      ],
      [
        673.0,
        355.0
      ],
      [
        643.0,
        361.0
      ]
    ],
    [
      [
        683.0,
        307.0
      ],
      [
        709.8387451171875,
        302.1514587402344
      ],
      [
        714.0,
        348.0
      ],
      [
        686.0,
        354.0
      ]
    ],
    [
      [
        676.0,
        178.0
      ],
      [
        704.0,
        182.0
      ],
      [
        706.0,
        227.0
      ],
      [
        678.0,
        224.0
      ]
    ],
    [
      [
        715.0,
        183.0
      ],
      [
        739.0,
        187.0
      ],
      [
        741.0,
        228.0
      ],
      [
        717.0,
        226.0
      ]
    ]
  ],