{
  "size": [
    1280,
    720
  ],
  "ids0": [
    15,
    23,
    6,
    14,
    22,
    31,
    7,
    13,
    5,
    21,
    39,
    38,
    29,
    4,
    12,
    20,
    37,
    28,
    11,
    19,
    3,
    27,
    35,
    10,
    18,
    17,
    26,
    25,
    34,
    36
  ],
  "ids1": [
    8,
    0,
    16,
    1,
    9,
    32,
    17,
    25,
    33,
    10,
    2,
    18,
    26,
    34,
    12,
    27
  ],
  "corners0": [
    [
      [
        499.0,
        221.0
      ],
      [
        550.0,
        213.0
      ],
      [
        556.0,
        264.0
      ],
      [
        506.0,
        272.0
      ]
    ],
    [
      [
        507.0,
        293.0
      ],
      [
        557.0,
        285.0
      ],
      [
        563.0,
        334.0
      ],
      [
        515.0,
        343.0
      ]
    ],
    [
      [
        564.0,
        141.0
      ],
      [
        613.0,
        137.0
      ],
      [
        618.0,
        186.0
      ],
      [
        569.0,
        191.0
      ]
    ],
    [
      [
        571.0,
        212.0
      ],
      [
        618.0,
        206.0
      ],
      [
        624.0,
        255.0
      ],
      [
        576.0,
        262.0
      ]
    ],
    [
      [
        577.0,
        283.0
      ],
      [
        625.0,
        276.0
      ],
      [
        630.0,
        323.0
      ],
      [
        583.0,
        332.0
      ]
    ],
    [
      [
        516.0,
        363.0
      ],
      [
        564.0,
        354.0
      ],
      [
        571.0,
        401.0
      ],
      [
        523.0,
        410.0
      ]
    ],
    [
      [
        495.0,
        150.0
      ],
      [
        541.0,
        144.0
      ],
      [
        547.0,
        191.0
      ],
      [
        500.0,
        197.0
      ]
    ],
    [
      [
        638.0,
        205.0
      ],
      [
        683.0,
        200.0
      ],
      [
        688.0,
        247.0
      ],
      [
        643.0,
        254.0
      ]
    ],
    [
      [
        633.0,
        136.0
      ],
      [
        678.0,
        133.0
      ],
      [
        683.0,
        180.0
      ],
      [
        638.0,
        185.0
      ]
    ],
    [
      [
        644.0,
        274.0
      ],
      [
        688.0,
        267.0
      ],
      [
        692.0,
        314.0
      ],
      [
        649.4707641601562,
        323.61773681640625
      ]
    ],
    [
      [
        526.0,
        430.0
      ],
      [
        572.0,
        420.0
      ],
      [
        578.0,
        464.0
      ],
      [
        533.0,
        473.0
      ]
    ],
    [
      [
        592.0,
        417.0
      ],
      [
        636.0,
        408.0
      ],
      [
        641.0,
        450.0
      ],
      [
        597.0,
        460.0
      ]
    ],
    [
      [
        650.0,
        341.0
      ],
      [
        692.0,
        333.0
      ],
      [
        696.0,
        377.0
      ],
      [
        654.0,
        386.0
      ]
    ],
    [
      [
        697.0,
        133.0
      ],
      [
        737.0,
        131.0
      ],
      [
        742.0,
        176.0
      ],
      [
        701.0,
        180.0
      ]
    ],
    [
      [
        702.0,
        200.0
      ],
      [
        742.0,
        195.0
      ],
      [
        746.0,
        241.0
      ],
      [
        706.0,
        246.0
      ]
    ],
    [
      [
        706.0,
        266.0
      ],
      [
        747.0,
        260.0
      ],
      [
        750.0,
        305.0
      ],
      [
        712.586669921875,
        313.61077880859375
      ]
    ],
    [
      [
        655.0,
        405.0
      ],
      [
        696.0,
        396.0
      ],
      [
        700.0,
        437.0
      ],
      [
        659.0,
        447.0
      ]
    ],
    [
      [
        711.0,
        331.0
      ],
      [
        749.0,
        323.0
      ],
      [
        753.0,
        366.0
      ],
      [
        714.0,
        375.0
      ]
    ],
    [
      [
        760.0,
        196.0
      ],
      [
        796.0,
        192.0
      ],
      [
        800.0,
        235.0
      ],
      [
        764.0,
        240.0
      ]
    ],
    [
      [
        764.0,
        259.0
      ],
      [
        800.0,
        254.0
      ],
      [
        803.0,
        296.0
      ],
      [
        767.0,
        303.0
      ]
    ],
    [
      [
        756.0,
        132.0
      ],
      [
        792.0,
        131.0
      ],
      [
        796.0,
        173.0
      ],
      [
        760.0,
        176.0
      ]
    ],
    [
      [
        767.0,
        322.0
      ],
      [
        802.0,
        315.0
      ],
      [
        804.0,
        356.0
      ],
      [
        770.0,
        364.0
      ]
    ],
    [
      [
        769.0,
        382.0
      ],
      [
        803.0,
        374.0
      ],
      [
        805.0,
        412.0
      ],
      [
        771.0,
        421.0
      ]
    ],
    [
      [
        813.0,
        193.0
      ],
      [
        845.0,
        190.0
      ],
      [
        848.0,
        231.0
      ],
      [
        817.0,
        235.0
      ]
    ],
    [
      [
        816.0,
        254.0
      ],
      [
        848.0,
        249.0
      ],
      [
        850.0,
        289.0
      ],
      [
        819.0,
        295.0
      ]
    ],
    [
      [
        862.0,
        247.0
      ],
      [
        892.0275268554688,
        242.195068359375
      ],
      [
        894.0,
        284.0
      ],
      [
        865.0,
        289.0
      ]
    ],
    [
      [
        818.0,
        314.0
      ],
      [
        849.0,
        307.0
      ],
      [
        851.0,
        346.0
      ],
      [
        820.0,
        353.0
      ]
    ],
    [
      [
        864.0,
        305.0
      ],
      [
        894.0,
        299.0
      ],
      [
        894.0,
        338.0
      ],
      [
        865.0,
        345.0
      ]
    ],
    [
      [
        820.0,
        371.0
      ],
      [
        850.0,
        364.0
      ],
      [
        850.0,
        401.0
      ],
      [
        821.0,
        409.0
      ]
    ],
    [
      [
        714.0,
        393.0
      ],
      [
        752.0,
        384.0
      ],
      [
        755.0,
        424.0
      ],
      [
        717.0,
        434.0
      ]
    ]
  ],