{
  "size": [
    1280,
    720
  ],
  "ids0": [
    7,
    15,
    23,
    31,
    6,
    14,
    22,
    39,
    30,
    5,
    13,
    21,
    38,
    4,
    12,
    37,
    28,
    27,
    18,
    10,
    26,
    36
  ],
  "ids1": [
    0,
    8,
    1,
    16,
    9,
    24,
    10,
    17,
    2,
    18,
    32,
    3,
    11,
    19,
    4,
    34,
    27,
    12,
    20,
    35,
    5,
    6,
    30,
    7,
    38,
    28,
    36
  ],
  "corners0": [
    [
      [
        723.0,
        131.0
      ],
      [
        767.0,
        136.0
      ],
      [
        763.0,
        181.0
      ],
      [
        719.0,
        176.0
      ]
    ],
    [
      [
        719.0,
        196.0
      ],
      [
        762.0,
        200.0
      ],
      [
        758.0,
        245.0
      ],
      [
        715.0,
        241.0
      ]
    ],
    [
      [
        715.0,
        261.0
      ],
      [
        758.0,
        265.0
      ],
      [
        753.0,
        308.0
      ],
      [
        710.0,
        306.0
      ]
    ],
    [
      [
        710.0,
        325.0
      ],
      [
        752.0,
        327.0
      ],
      [
        747.0,
        369.0
      ],
      [
        705.0,
        368.0
      ]
    ],
    [
      [
        787.6337890625,
        135.4320068359375
      ],
      [
        825.0,
        143.0
      ],
      [
        821.0,
        187.0
      ],
      [
        781.0,
        181.0
      ]
    ],
    [
      [
        781.0,
        201.0
      ],
      [
        821.0,
        206.0
      ],
      [
        816.0,
        249.0
      ],
      [
        777.0,
        245.0
      ]
    ],
    [
      [
        776.0,
        264.0
      ],
      [
        815.0,
        267.0
      ],
      [
        810.0,
        310.0
      ],
      [
        771.0,
        308.0
      ]
    ],
    [
      [
        704.0,
        387.0
      ],
      [
        745.0,
        388.0
      ],
      [
        740.0,
        427.0
      ],
      [
        700.0,
        427.0
      ]
    ],
    [
      [
        770.0,
        327.0
      ],
      [
        809.0,
        329.0
      ],
      [
        803.0,
        369.0
      ],
      [
        764.0,
        368.0
      ]
    ],
    [
      [
        843.0,
        145.0
      ],
      [
        879.0,
        151.0
      ],
      [
        875.0,
        193.0
      ],
      [
        839.0,
        188.0
      ]
    ],
    [
      [
        839.0,
        206.0
      ],
      [
        875.0,
        212.0
      ],
      [
        870.0,
        253.0
      ],
      [
        834.0,
        249.0
      ]
    ],
    [
      [
        833.0,
        267.0
      ],
      [
        869.0,
        272.0
      ],
      [
        863.0,
        312.0
      ],
      [
        827.0,
        309.0
      ]
    ],
    [
      [
        763.0,
        387.0
      ],
      [
        802.0,
        388.0
      ],
      [
        795.0,
        426.0
      ],
      [
        758.0,
        426.0
      ]
    ],
    [
      [
        896.0,
        153.0
      ],
      [
        928.0,
        159.0
      ],
      [
        924.0,
        199.0
      ],
      [
        892.0,
        194.0
      ]
    ],
    [
      [
        891.0,
        212.0
      ],
      [
        923.0,
        217.0
      ],
      [
        918.0,
        257.0
      ],
      [
        886.0,
        253.0
      ]
    ],
    [
      [
        819.0,
        386.0
      ],
      [
        854.0,
        387.0
      ],
      [
        847.0,
        424.0
      ],
      [
        813.0,
        424.0
      ]
    ],
    [
      [
        878.0,
        329.0
      ],
      [
        910.0,
        331.0
      ],
      [
        903.0,
        369.0
      ],
      [
        871.0,
        368.0
      ]
    ],
    [
      [
        924.0,
        329.0
      ],
      [
        955.0,
        331.0
      ],
      [
        948.0,
        370.0
      ],
      [
        917.0,
        369.0
      ]
    ],
    [
      [
        975.0,
        277.0
      ],
      [
        1002.0,
        281.0
      ],
      [
        996.0,
        318.0
      ],
      [
        968.0,
        316.0
      ]
    ],
    [
      [
        981.0,
        223.0
      ],
      [
        1008.0,
        228.0
      ],
      [
        1003.0,
        266.0
      ],
      [
        976.0,
        262.0
      ]
    ],
    [
      [
        967.0,
        331.0
      ],
      [
        994.0,
        333.0
      ],
      [
        987.0,
        369.0
      ],
      [
        960.0,
        369.0
      ]
    ],
    [
      [
        869.0,
        387.0
      ],
      [
        900.0,
        385.0
      ],
      [
        895.0,
        421.0
      ],
      [
        864.0,
        423.0
      ]
    ]
  ],