{
  "size": [
    1280,
    720
  ],
  "ids0": [
    7,
    15,
    23,
    31,
    6,
    14,
    22,
    39,
    30,
    5,
    13,
    21,
    38,
    29,
    12,
    4,
    35,
    2,
    18,
    10,
    26,
    20,
    37
  ],
  "ids1": [
    0,
    8,
    1,
    16,
    9,
    24,
    2,
    17,
    3,
    10,
    26,
    19,
    33,
    4,
    27,
    12,
    35,
    28,
    37,
    7,
    34,
    23,
    36
  ],
  "corners0": [
    [
      [
        748.0,
        129.0
      ],
      [
        790.0,
        136.0
      ],
      [
        786.0,
        179.0
      ],
      [
        743.0,
        173.0
      ]
    ],
    [
      [
        742.0,
        193.0
      ],
      [
        785.0,
        199.0
      ],
      [
        779.0,
        242.0
      ],
      [
        737.0,
        237.0
      ]
    ],
    [
      [
        737.9220581054688,
        254.2511444091797
      ],
      [
        778.0,
        261.0
      ],
      [
        772.0,
        304.0
      ],
      [
        731.0,
        300.0
      ]
    ],
    [
      [
        730.0,
        319.0
      ],
      [
        771.0,
        322.0
      ],
      [
        765.0,
        363.0
      ],
      [
        724.0,
        361.0
      ]
    ],
    [
      [
        809.8729858398438,
        135.4346160888672
      ],
      [
        849.5527954101562,
        145.9143524169922
      ],
      [
        843.0,
        187.0
      ],
      [
        804.0,
        181.0
      ]
    ],
    [
      [
        804.7213745117188,
        197.47113037109375
      ],
      [
        842.0,
        206.0
      ],
      [
        836.0,
        248.0
      ],
      [
        797.0,
        242.0
      ]
    ],
    [
      [
        797.0,
        261.0
      ],
      [
        835.0,
        266.0
      ],
      [
        829.0,
        307.0
      ],
      [
        790.0,
        304.0
      ]
    ],
    [
      [
        723.0,
        379.0
      ],
      [
        763.0,
        382.0
      ],
      [
        757.0,
        420.0
      ],
      [
        717.0,
        419.0
      ]
    ],
    [
      [
        789.0,
        322.0
      ],
      [
        827.0,
        326.0
      ],
      [
        820.0,
        365.0
      ],
      [
        782.0,
        363.0
      ]
    ],
    [
      [
        865.0,
        146.0
      ],
      [
        900.0,
        153.0
      ],
      [
        895.0,
        194.0
      ],
      [
        860.0,
        188.0
      ]
    ],
    [
      [
        859.0,
        207.0
      ],
      [
        894.0,
        212.0
      ],
      [
        888.0,
        253.0
      ],
      [
        853.0,
        248.0
      ]
    ],
    [
      [
        853.0,
        266.0
      ],
      [
        887.0,
        271.0
      ],
      [
        880.0,
        311.0
      ],
      [
        846.0,
        308.0
      ]
    ],
    [
      [
        781.0,
        381.0
      ],
      [
        818.0,
        383.0
      ],
      [
        811.0,
        421.0
      ],
      [
        774.0,
        419.0
      ]
    ],
    [
      [
        844.0,
        326.0
      ],
      [
        879.0,
        329.0
      ],
      [
        871.0,
        367.0
      ],
      [
        837.0,
        365.0
      ]
    ],
    [
      [
        910.0,
        214.0
      ],
      [
        942.0,
        219.0
      ],
      [
        936.0,
        259.0
      ],
      [
        905.0,
        254.0
      ]
    ],
    [
      [
        916.0,
        156.0
      ],
      [
        948.0,
        163.0
      ],
      [
        943.0,
        202.0
      ],
      [
        912.0,
        196.0
      ]
    ],
    [
      [
        930.0,
        384.0
      ],
      [
        960.0,
        385.0
      ],
      [
        952.0,
        421.0
      ],
      [
        922.0,
        421.0
      ]
    ],
    [
      [
        1005.0,
        173.0
      ],
      [
        1032.8111572265625,
        179.57432556152344
      ],
      [
        1027.0,
        218.0
      ],
      [
        1000.0,
        212.0
      ]
    ],
    [
      [
        990.4909057617188,
        279.2166748046875
      ],
      [
        1018.0,
        285.0
      ],
      [
        1011.0,
        322.0
      ],
      [
        984.0,
        319.0
      ]
    ],
    [
      [
        999.0,
        227.0
      ],
      [
        1026.8707275390625,
        232.94293212890625
      ],
      [
        1020.0,
        270.0
      ],
      [
        993.0,
        266.0
      ]
    ],
    [
      [
        982.0,
        333.0
      ],
      [
        1009.0,
        336.0
      ],
      [
        1002.9923095703125,
        372.9808349609375
      ],
      [
        974.0,
        370.0
      ]
    ],
    [
      [
        903.0,
        272.0
      ],
      [
        935.0,
        276.0
      ],
      [
        928.0,
        314.0
      ],
      [
        896.0,
        311.0
      ]
    ],
    [
      [
        836.0,
        382.0
      ],
      [
        869.0,
        384.0
      ],
      [
        861.0,
        421.0
      ],
      [
        828.0,
        420.0
      ]
    ]
  ],