{
  "size": [
    1280,
    720
  ],
  "ids0": [
    0,
    8,
    16,
    24,
    1,
    17,
    32,
    10,
    2,
    18,
    33,
    26,
    19,
    34,
    27,
    35,
    11
  ],
  "ids1": [
    31,
    38,
    30,
    23,
    22,
    37,
    29,
    15,
    21,
    14,
    28,
    7,
    13,
    20,
    6,
    12,
    35,
    5,
    27,
    19,
    4,
    11,
    34,
    26,
    3,
    9,
    10,
    1,
    32,
    8,
    36
  ],
  "corners0": [
    [
      [
        724.0,
        439.0
      ],
      [
        685.0,
        433.0
      ],
      [
        693.0,
        392.0
      ],
      [
        733.53466796875,
        400.52984619140625
      ]
    ],
    [
      [
        733.0,
        381.0
      ],
      [
        694.0,
        374.0
      ],
      [
        702.0,
        333.0
      ],
      [
        740.0,
        340.0
      ]
    ],
    [
      [
        742.0,
        323.0
      ],
      [
        703.0,
        315.0
      ],
      [
        710.0,
        275.0
      ],
      [
        748.0,
        283.0
      ]
    ],
    [
      [
        750.0,
        265.0
      ],
      [
        712.0,
        257.0
      ],
      [
        718.0,
        218.0
      ],
      [
        756.0,
        227.0
      ]
    ],
    [
      [
        778.0,
        445.0
      ],
      [
        741.0,
        440.0
      ],
      [
        749.0,
        400.0
      ],
      [
        785.0,
        406.0
      ]
    ],
    [
      [
        795.0,
        332.0
      ],
      [
        759.0,
        325.0
      ],
      [
        766.0,
        285.0
      ],
      [
        801.0,
        293.0
      ]
    ],
    [
      [
        757.0,
        209.0
      ],
      [
        719.0,
        200.0
      ],
      [
        725.0,
        164.0
      ],
      [
        762.0,
        173.0
      ]
    ],
    [
      [
        837.0,
        396.0
      ],
      [
        804.0,
        390.0
      ],
      [
        811.0,
        351.0
      ],
      [
        844.0,
        358.0
      ]
    ],
    [
      [
        828.0,
        451.0
      ],
      [
        794.0,
        446.0
      ],
      [
        802.0,
        408.0
      ],
      [
        835.0,
        413.0
      ]
    ],
    [
      [
        844.0,
        341.0
      ],
      [
        812.0,
        334.0
      ],
      [
        818.0,
        295.0
      ],
      [
        850.0,
        303.0
      ]
    ],
    [
      [
        808.0,
        221.0
      ],
      [
        774.0,
        212.0
      ],
      [
        779.0,
        176.0
      ],
      [
        813.0,
        185.0
      ]
    ],
    [
      [
        851.0,
        286.0
      ],
      [
        819.0,
        278.0
      ],
      [
        824.0,
        241.0
      ],
      [
        856.0,
        249.0
      ]
    ],
    [
      [
        890.0,
        349.0
      ],
      [
        860.0,
        342.0
      ],
      [
        866.0,
        305.0
      ],
      [
        896.0,
        313.0
      ]
    ],
    [
      [
        857.0,
        232.0
      ],
      [
        825.0,
        224.0
      ],
      [
        829.0,
        189.0
      ],
      [
        861.0,
        198.0
      ]
    ],
    [
      [
        897.0,
        296.0
      ],
      [
        867.0,
        289.0
      ],
      [
        872.0,
        252.0
      ],
      [
        901.0,
        260.0
      ]
    ],
    [
      [
        901.0,
        244.0
      ],
      [
        872.0,
        235.0
      ],
      [
        876.0,
        201.0
      ],
      [
        905.0,
        211.0
      ]
    ],
    [
      [
        883.0,
        402.0
      ],
      [
        853.0,
        397.0
      ],
      [
        859.0,
        360.0
      ],
      [
        889.0,
        365.0
      ]
    ]
  ],
  "corners1": [
    [
      [
        784.0,
        501.0
      ],
      [
        739.0,
        481.0
      ],
      [
        759.0,
        434.0
      ],
      [
        804.0,
        455.0
      ]
    ],
    [
      [
        748.0,
        407.0
      ],
      [
        704.0,
        387.0
      ],
      [
        724.0,
        341.0
      ],
      [
        768.0,
        360.0
      ]
    ],
    [
      [
        720.0,
        472.0
      ],
      [
        675.0842895507812,
        449.2467346191406
      ],
      [
        697.0,
        406.0
      ],
      [
        741.0,
        427.0
      ]
    ],
    [
      [
        753.0,
        564.0
      ],
      [
        710.0,
        543.0
      ],
      [
        730.0,
        499.0
      ],
      [
        775.0,
        520.0
      ]
    ],
    [
      [
        692.0,
        534.0
      ],
      [
        650.0,
        512.0
      ],
      [
        670.0,
        469.0
      ],
      [
        712.0,
        490.0
      ]
    ],
    [
      [
        686.0,
        380.0
      ],
      [
        645.0,
        361.0
      ],
      [
        664.0,
        317.0
      ],
      [
        706.0,
        335.0
      ]
    ],
    [
      [
        660.0,
        443.0
      ],
      [
        619.0,
        423.0
      ],
      [
        638.0,
        379.0
      ],
      [
        679.0,
        398.0
      ]
    ],
    [
      [
        723.0,
        623.0
      ],
      [
        682.0,
        601.0
      ],
      [
        701.0,
        561.0
      ],
      [
        744.0,
        582.0
      ]
    ],
    [
      [
        633.0,
        504.0
      ],
      [
        595.0,
        483.0
      ],
      [
        612.0,
        441.0
      ],
      [
        652.0,
        461.0
      ]
    ],
    [
      [
        665.0,
        592.0
      ],
      [
        625.0,
        570.0
      ],
      [
        643.0,
        530.0
      ],
      [
        684.0,
        552.0
      ]
    ],
    [
      [
        603.0,
        415.0
      ],
      [
        566.0,
        397.0
      ],
      [
        583.0,
        355.0
      ],
      [
        621.0,
        372.0
      ]
    ],
    [
      [
        695.0,
        676.0
      ],
      [
        656.0,
        655.0
      ],
      [
        674.0,
        618.0
      ],
      [
        715.0,
        639.0
      ]
    ],
    [
      [
        608.0,
        561.0
      ],
      [
        571.0,
        540.0
      ],
      [
        588.0,
        500.0
      ],
      [
        626.0,
        521.0
      ]
    ],
    [
      [
        578.0,
        475.0
      ],
      [
        543.0,
        455.0
      ],
      [
        559.0,
        414.0
      ],
      [
        596.0,
        433.0
      ]
    ],
    [
      [
        639.0,
        645.0
      ],
      [
        601.0,
        624.0
      ],
      [
        617.0,
        587.0
      ],
      [
        657.0,
        609.0
      ]
    ],
    [
      [
        555.0,
        531.0
      ],
      [
        521.0,
        510.0
      ],
      [
        536.0,
        472.0
      ],
      [
        572.0,
        492.0
      ]
    ],
    [
      [
        574.0,
        330.0
      ],
      [
        540.0,
        315.0
      ],
      [
        557.0,
        275.0
      ],
      [
        592.0,
        289.0
      ]
    ],
    [
      [
        585.0,
        614.0
      ],
      [
        549.0,
        592.0
      ],
      [
        564.0,
        557.0
      ],
      [
        601.0,
        578.0
      ]
    ],
    [
      [
        551.0,
        389.0
      ],
      [
        517.0,
        372.0
      ],
      [
        534.0,
        332.0
      ],
      [
        567.0,
        348.0
      ]
    ],
    [
      [
        527.0,
        447.0
      ],
      [
        496.0,
        429.0
      ],
      [
        511.0,
        389.0
      ],
      [
        544.0,
        407.0
      ]
    ],
    [
      [
        534.0,
        583.0
      ],
      [
        501.0,
        562.0
      ],
      [
        515.0,
        527.0
      ],
      [
        549.0,
        548.0
      ]
    ],
    [
      [
