{
  "size": [
    1280,
    720
  ],
  "ids0": [
    8,
    1,
    16,
    17,
    32,
    24,
    10,
    2,
    18,
    33,
    26,
    11,
    3,
    34,
    19,
    35,
    4,
    20,
    5,
    28,
    6
  ],
  "ids1": [
    39,
    23,
    15,
    6,
    31,
    7,
    38,
    21,
    5,
    29,
    37,
    12,
    20,
    4,
    28,
    11,
    27,
    3,
    35,
    17,
    1,
    36,
    19
  ],
  "corners0": [
    [
      [
        673.0,
        389.0
      ],
      [
        623.0,
        394.0
      ],
      [
        617.0,
        339.0
      ],
      [
        667.0,
        335.0
      ]
    ],
    [
      [
        751.0,
        459.0
      ],
      [
        702.0,
        467.0
      ],
      [
        697.0,
        411.0
      ],
      [
        746.0,
        406.0
      ]
    ],
    [
      [
        667.0,
        309.0
      ],
      [
        616.0,
        313.0
      ],
      [
        611.0,
        260.0
      ],
      [
        661.0,
        258.0
      ]
    ],
    [
      [
        738.0,
        309.0
      ],
      [
        689.0,
        311.0
      ],
      [
        683.0,
        257.0
      ],
      [
        732.0,
        256.0
      ]
    ],
    [
      [
        654.0,
        162.0
      ],
      [
        603.0,
        162.0
      ],
      [
        598.0,
        113.0
      ],
      [
        648.0,
        115.0
      ]
    ],
    [
      [
        660.0,
        232.0
      ],
      [
        610.0,
        234.0
      ],
      [
        605.0,
        185.0
      ],
      [
        653.0,
        184.0
      ]
    ],
    [
      [
        809.52685546875,
        376.0472717285156
      ],
      [
        764.0,
        383.0
      ],
      [
        759.0,
        330.0
      ],
      [
        802.0,
        327.0
      ]
    ],
    [
      [
        813.0,
        450.0
      ],
      [
        770.0,
        458.0
      ],
      [
        765.0,
        405.0
      ],
      [
        808.0,
        399.0
      ]
    ],
    [
      [
        799.0,
        308.0
      ],
      [
        757.0,
        308.0
      ],
      [
        752.0,
        256.0
      ],
      [
        795.0,
        258.0
      ]
    ],
    [
      [
        722.0,
        165.0
      ],
      [
        675.0,
        164.0
      ],
      [
        669.0,
        117.0
      ],
      [
        715.0,
        120.0
      ]
    ],
    [
      [
        791.0,
        238.0
      ],
      [
        749.0,
        235.0
      ],
      [
        744.0,
        187.0
      ],
      [
        786.0,
        190.0
      ]
    ],
    [
      [
        863.0,
        373.0
      ],
      [
        827.3167114257812,
        379.52105712890625
      ],
      [
        820.0,
        327.0
      ],
      [
        857.0,
        324.0
      ]
    ],
    [
      [
        868.0,
        441.0
      ],
      [
        831.0,
        448.0
      ],
      [
        826.0,
        398.0
      ],
      [
        864.0,
        393.0
      ]
    ],
    [
      [
        783.0,
        170.0
      ],
      [
        741.0,
        168.0
      ],
      [
        734.0,
        123.0
      ],
      [
        775.0,
        126.0
      ]
    ],
    [
      [
        855.0,
        306.0
      ],
      [
        817.0,
        306.0
      ],
      [
        813.0,
        257.0
      ],
      [
        850.0,
        259.0
      ]
    ],
    [
      [
        836.0,
        176.0
      ],
      [
        800.0,
        171.0
      ],
      [
        794.0,
        129.0
      ],
      [
        830.0,
        134.0
      ]
    ],
    [
      [
        916.0,
        432.0
      ],
      [
        884.0,
        439.0
      ],
      [
        880.0,
        392.0
      ],
      [
        912.0,
        387.0
      ]
    ],
    [
      [
        903.0,
        305.0
      ],
      [
        871.0,
        304.0
      ],
      [
        867.0,
        258.0
      ],
      [
        899.0,
        260.0
      ]
    ],
    [
      [
        959.0,
        425.0
      ],
      [
        930.0,
        432.0
      ],
      [
        926.0,
        385.0
      ],
      [
        955.0,
        381.0
      ]
    ],
    [
      [
        895.0,
        241.0
      ],
      [
        863.0,
        239.0
      ],
      [
        858.0,
        195.0
      ],
      [
        890.0,
        200.0
      ]
    ],
    [
      [
        996.0,
        418.0
      ],
      [
        971.0,
        424.0
      ],
      [
        967.0,
        380.0
      ],
      [
        992.0,
        376.0
      ]
    ]
  ],