{
  "size": [
    1280,
    720
  ],
  "ids0": [
    32,
    24,
    9,
    17,
    1,
    25,
    33,
    18,
    10,
    2,
    26,
    34,
    12,
    5
  ],
  "ids1": [
    15,
    23,
    38,
    14,
    7,
    31,
    6,
    20,
    13,
    21,
    4,
    28,
    39,
    5,
    29,
    11,
    19,
    12,
    27,
    3,
    35,
    22,
    10,
    18,
    30,
    2,
    26,
    34,
    9,
    17,
    1,
    36
  ],
  "corners0": [
    [
      [
        728.0,
        166.0
      ],
      [
        680.0,
        169.0
      ],
      [
        670.0,
        118.0
      ],
      [
        717.0,
        117.0
      ]
    ],
    [
      [
        739.0,
        239.0
      ],
      [
        696.0,
        244.0
      ],
      [
        686.0,
        193.0
      ],
      [
        729.0,
        189.0
      ]
    ],
    [
      [
        825.5364990234375,
        376.3409423828125
      ],
      [
        784.0,
        389.0
      ],
      [
        775.0,
        336.0
      ],
      [
        816.0,
        328.0
      ]
    ],
    [
      [
        813.0,
        307.0
      ],
      [
        773.0,
        314.0
      ],
      [
        763.0,
        261.0
      ],
      [
        804.0,
        256.0
      ]
    ],
    [
      [
        832.0,
        449.0
      ],
      [
        793.7681884765625,
        463.9607238769531
      ],
      [
        786.0,
        410.0
      ],
      [
        825.0,
        399.0
      ]
    ],
    [
      [
        801.0,
        235.0
      ],
      [
        761.0,
        240.0
      ],
      [
        750.0,
        188.0
      ],
      [
        791.0,
        186.0
      ]
    ],
    [
      [
        789.6334228515625,
        163.5950469970703
      ],
      [
        747.0,
        167.0
      ],
      [
        736.0,
        119.0
      ],
      [
        776.0,
        118.0
      ]
    ],
    [
      [
        865.0,
        298.0
      ],
      [
        830.0,
        305.0
      ],
      [
        821.0,
        255.0
      ],
      [
        856.0,
        251.0
      ]
    ],
    [
      [
        874.0,
        367.0
      ],
      [
        841.5152587890625,
        377.7628173828125
      ],
      [
        833.0,
        325.0
      ],
      [
        866.0,
        318.0
      ]
    ],
    [
      [
        881.0,
        433.0
      ],
      [
        849.0,
        445.0
      ],
      [
        842.0,
        396.0
      ],
      [
        875.0,
        386.0
      ]
    ],
    [
      [
        852.0,
        232.0
      ],
      [
        817.0,
        233.0
      ],
      [
        810.0,
        185.0
      ],
      [
        845.0,
        187.0
      ]
    ],
    [
      [
        839.0,
        166.0
      ],
      [
        804.0,
        165.0
      ],
      [
        796.0,
        119.0
      ],
      [
        830.0,
        122.0
      ]
    ],
    [
      [
        957.0,
        347.0
      ],
      [
        931.0,
        354.0
      ],
      [
        924.0,
        308.0
      ],
      [
        950.0,
        302.0
      ]
    ],
    [
      [
        995.0,
        394.0
      ],
      [
        974.6815185546875,
        403.58544921875
      ],
      [
        969.0,
        360.0
      ],
      [
        991.0,
        353.0
      ]
    ]
  ],
  "corners1": [
    [
      [
        697.0,
        477.0
      ],
      [
        646.0,
        470.0
      ],
      [
        653.0,
        418.0
      ],
      [
        704.0,
        424.0
      ]
    ],
    [
      [
        706.0,
        399.0
      ],
      [
        654.0,
        392.0
      ],
      [
        661.0,
        341.0
      ],
      [
        712.0,
        347.0
      ]
    ],
    [
      [
        647.0,
        242.0
      ],
      [
        594.0,
        237.0
      ],
      [
        602.0,
        188.0
      ],
      [
        653.0,
        192.0
      ]
    ],
    [
      [
        620.0,
        468.0
      ],
      [
        570.0,
        460.0
      ],
      [
        577.0,
        410.0
      ],
      [
        627.0,
        416.0
      ]
    ],
    [
      [
        688.0,
        552.0
      ],
      [
        637.0,
        544.0
      ],
      [
        644.0,
        495.0
      ],
      [
        695.0,
        502.0
      ]
    ],
    [
      [
        714.0,
        321.0
      ],
      [
        663.0,
        316.0
      ],
      [
        668.0,
        266.0
      ],
      [
        719.0,
        271.0
      ]
    ],
    [
      [
        612.0,
        542.0
      ],
      [
        563.0,
        534.0
      ],
      [
        569.0,
        486.0
      ],
      [
        619.0,
        493.0
      ]
    ],
    [
      [
        485.0,
        377.0
      ],
      [
        439.0,
        371.0
      ],
      [
        447.0,
        320.0
      ],
      [
        492.0,
        325.0
      ]
    ],
    [
      [
        546.0,
        458.0
      ],
      [
        499.0,
        451.0
      ],
      [
        506.0,
        401.0
      ],
      [
        552.0,
        408.0
      ]
    ],
    [
      [
        554.0,
        383.0
      ],
      [
        507.0,
        377.0
      ],
      [
        514.0,
        328.0
      ],
      [
        561.0,
        333.0
      ]
    ],
    [
      [
        471.0,
        522.0
      ],
      [
        425.0,
        512.0
      ],
      [
        431.0,
        462.0
      ],
      [
        476.0,
        471.0
      ]
    ],
    [
      [
        494.0,
        305.0
      ],
      [
        448.0,
        301.0
      ],
      [
        457.0,
        251.0
      ],
      [
        502.0,
        254.0
      ]
    ],
    [
      [
        720.0,
        246.0
      ],
      [
        670.0,
        241.0
      ],
      [
        676.0,
        195.0
      ],
      [
        725.0,
        200.0
      ]
    ],
    [
      [
        538.0,
        532.0
      ],
      [
        493.0,
        523.0
      ],
      [
        498.0,
        475.0
      ],
      [
        544.0,
        483.0
      ]
    ],
    [
      [
        562.0,
        308.0
      ],
      [
        516.0,
        303.0
      ],
      [
        524.0,
        256.0
      ],
      [
        570.0,
        260.0
      ]
    ],
    [
      [
        412.0,
        441.0
      ],
      [
        371.0,
        433.0
      ],
      [
        377.0,
        384.0
      ],
      [
        419.0,
        390.0
      ]
    ],
    [
      [
        420.0,
        370.0
      ],
      [
        379.0,
        365.0
      ],
      [
        386.0,
        316.0
      ],
      [
        428.0,
        320.0
      ]
    ],
    [
      [
        476.0,
        448.0
      ],
      [
        433.0,
        441.0
      ],
      [
        440.0,
        393.0
      ],
      [
        482.0,
        400.0
      ]
    ],
    [
      [
        429.0,
        300.0
      ],
      [
        388.0,
        297.0
      ],
      [
        397.0,
        249.0
      ],
      [
        438.0,
        252.0
      ]
    ],
    [
      [
        407.0,
        510.0
      ],
      [
        367.0,
        500.0
      ],
      [
        371.0,
        453.0
      ],
      [
        412.0,
        461.0
      ]
    ],
    [
      [
        440.0,
        232.0
      ],
      [
        399.0,
        230.0
      ],
      [
        408.0,
        186.0
      ],
      [
        449.0,
        187.0
      ]
    ],
    [
      [
        629.0,
        391.0
      ],
      [
        579.0,
        385.0
      ],
      [
        585.0,
        334.0
      ],
      [
        636.0,
        340.0
      ]
    ],
    [
      [
        354.0,
        431.0
      ],
      [
        318.0,
        424.0
      ],
      [
        323.0,
        378.0
      ],
      [
        360.0,
        383.0
      ]
    ],
    [
      [
        362.0,
        363.0
      ],
      [
        325.0,
        358.0
      ],
      [
        332.0,
        312.0
      ],
      [
        368.0,
