{
  "size": [
    1280,
    720
  ],
  "ids0": [
    2,
    3,
    1,
    4,
    10,
    9,
    0,
    11,
    8,
    12,
    5,
    18,
    17,
    19,
    16,
    13,
    20,
    26,
    7,
    6,
    25,
    27,
    21,
    24,
    14,
    29,
    22,
    15,
    30,
    28
  ],
  "ids1": [
    31,
    15,
    38,
    30,
    22,
    7,
    14,
    21,
    6,
    5,
    20,
    35,
    27,
    19
  ],
  "corners0": [
    [
      [
        767.0,
        421.0
      ],
      [
        725.0,
        410.0
      ],
      [
        737.0,
        368.0
      ],
      [
        777.0,
        380.0
      ]
    ],
    [
      [
        825.0,
        437.0
      ],
      [
        784.0,
        425.0
      ],
      [
        795.0,
        384.0
      ],
      [
        836.0,
        395.0
      ]
    ],
    [
      [
        707.0,
        405.0
      ],
      [
        665.0,
        394.0
      ],
      [
        677.0,
        353.0
      ],
      [
        718.0,
        364.0
      ]
    ],
    [
      [
        882.0,
        451.0
      ],
      [
        843.0,
        441.0
      ],
      [
        853.0,
        399.0
      ],
      [
        892.0,
        410.0
      ]
    ],
    [
      [
        781.0,
        362.0
      ],
      [
        740.0,
        350.0
      ],
      [
        751.0,
        311.0
      ],
      [
        791.0,
        322.0
      ]
    ],
    [
      [
        722.0,
        347.0
      ],
      [
        682.0,
        336.0
      ],
      [
        693.0,
        296.0
      ],
      [
        733.0,
        307.0
      ]
    ],
    [
      [
        644.4783325195312,
        391.7261657714844
      ],
      [
        607.0,
        378.0
      ],
      [
        619.0,
        339.0
      ],
      [
        659.0,
        349.0
      ]
    ],
    [
      [
        839.0,
        377.0
      ],
      [
        799.0,
        366.0
      ],
      [
        809.0,
        326.0
      ],
      [
        848.0,
        337.0
      ]
    ],
    [
      [
        664.0,
        331.0
      ],
      [
        624.0,
        321.0
      ],
      [
        635.0,
        283.0
      ],
      [
        675.0,
        293.0
      ]
    ],
    [
      [
        895.0,
        392.0
      ],
      [
        856.0,
        381.0
      ],
      [
        867.0887451171875,
        339.2822265625
      ],
      [
        903.0,
        352.0
      ]
    ],
    [
      [
        935.0,
        465.0
      ],
      [
        899.0,
        455.0
      ],
      [
        909.0,
        413.0
      ],
      [
        945.0,
        424.0
      ]
    ],
    [
      [
        794.0,
        305.0
      ],
      [
        755.0,
        294.0
      ],
      [
        765.0,
        256.0
      ],
      [
        804.0,
        268.0
      ]
    ],
    [
      [
        736.0,
        290.0
      ],
      [
        697.0,
        279.0
      ],
      [
        708.0,
        242.0
      ],
      [
        747.0,
        253.0
      ]
    ],
    [
      [
        851.0,
        320.0
      ],
      [
        812.0,
        309.0
      ],
      [
        821.0,
        271.0
      ],
      [
        859.0,
        282.0
      ]
    ],
    [
      [
        679.0,
        275.0
      ],
      [
        640.0,
        266.0
      ],
      [
        651.0,
        230.0
      ],
      [
        690.0,
        239.0
      ]
    ],
    [
      [
        948.0,
        406.0
      ],
      [
        912.0,
        396.0
      ],
      [
        920.0,
        356.0
      ],
      [
        955.0,
        367.0
      ]
    ],
    [
      [
        906.0,
        335.0
      ],
      [
        868.0,
        324.0
      ],
      [
        877.0,
        286.0
      ],
      [
        913.0,
        298.0
      ]
    ],
    [
      [
        807.0,
        250.0
      ],
      [
        768.0,
        240.0
      ],
      [
        777.0,
        205.0
      ],
      [
        815.0,
        216.0
      ]
    ],
    [
      [
        1032.0,
        489.0
      ],
      [
        1000.0,
        481.0
      ],
      [
        1009.0,
        439.0
      ],
      [
        1041.0,
        449.0
      ]
    ],
    [
      [
        985.0,
        477.0
      ],
      [
        952.0,
        468.0
      ],
      [
        961.0,
        428.0
      ],
      [
        994.0,
        437.0
      ]
    ],
    [
      [
        750.0,
        236.0
      ],
      [
        712.0,
        226.0
      ],
      [
        721.0,
        192.0
      ],
      [
        759.0,
        201.0
      ]
    ],
    [
      [
        861.0,
        266.0
      ],
      [
        824.0,
        255.0
      ],
      [
        832.0,
        220.0
      ],
      [
        869.0,
        231.0
      ]
    ],
    [
      [
        957.0,
        350.0
      ],
      [
        923.0,
        339.0
      ],
      [
        929.0,
        302.0
      ],
      [
        964.0,
        313.0
      ]
    ],
    [
      [
        694.0,
        222.0
      ],
      [
        656.0,
        213.0
      ],
      [
        667.0,
        180.0
      ],
      [
        704.0,
        189.0
      ]
    ],
    [
      [
        996.0,
        420.0
      ],
      [
        964.0,
        410.0
      ],
      [
        972.0,
        371.0
      ],
      [
        1004.0,
        382.0
      ]
    ],
    [
      [
        965.0,
        296.0
      ],
      [
        931.0,
        285.0
      ],
      [
        937.0,
        250.0
      ],
      [
        970.0,
        261.0
      ]
    ],
    [
      [
        1006.0,
        364.0
      ],
      [
        974.0,
        354.0
      ],
      [
        980.0,
        317.0
      ],
      [
        1011.0,
        328.0
      ]
    ],
    [
      [
        1042.0,
        432.0
      ],
      [
        1012.0,
        423.0
      ],
      [
        1020.0,
        385.0
      ],
      [
        1048.0,
        395.0
      ]
    ],
    [
      [
        1012.0,
        311.0
      ],
      [
        981.0,
        300.0
      ],
      [
        986.0,
        266.0
      ],
      [
        1017.0,
        277.0
      ]
    ],
    [
      [
        915.0,
        281.0
      ],
      [
        879.0,
        270.0
      ],
      [
        885.0,
        235.0
      ],
      [
        921.0,
        246.0
      ]
    ]
  ],