{
  "size": [
    1280,
    720
  ],
  "ids0": [
    16,
    8,
    17,
    24,
    9,
    1,
    32,
    33,
    0,
    18,
    10,
    26,
    2,
    34,
    19,
    27,
    3,
    35,
    12,
    28,
    4,
    30,
    6,
    20,
    11
  ],
  "ids1": [
    23,
    31,
    15,
    38,
    39,
    21,
    7,
    22,
    13,
    14,
    30,
    5,
    37,
    20,
    12,
    28,
    4,
    11,
    27,
    3,
    35,
    10,
    17,
    1,
    36,
    24,
    8
  ],
  "corners0": [
    [
      [
        696.0,
        410.0
      ],
      [
        646.0,
        420.0
      ],
      [
        635.0,
        364.0
      ],
      [
        687.0,
        355.0
      ]
    ],
    [
      [
        709.0,
        490.0
      ],
      [
        659.0,
        502.0
      ],
      [
        649.0,
        447.0
      ],
      [
        700.0,
        436.0
      ]
    ],
    [
      [
        768.0,
        398.0
      ],
      [
        720.0,
        408.0
      ],
      [
        709.0,
        351.0
      ],
      [
        757.0,
        342.0
      ]
    ],
    [
      [
        683.0,
        328.0
      ],
      [
        632.0,
        336.0
      ],
      [
        622.0,
        281.0
      ],
      [
        673.0,
        275.0
      ]
    ],
    [
      [
        780.0,
        474.0
      ],
      [
        732.0,
        487.0
      ],
      [
        722.0,
        431.0
      ],
      [
        770.0,
        419.0
      ]
    ],
    [
      [
        789.0,
        547.0
      ],
      [
        744.1778564453125,
        563.9034423828125
      ],
      [
        734.0,
        509.0
      ],
      [
        782.0,
        495.0
      ]
    ],
    [
      [
        669.0,
        249.0
      ],
      [
        619.0,
        255.0
      ],
      [
        609.0,
        203.0
      ],
      [
        659.0,
        199.0
      ]
    ],
    [
      [
        741.0,
        245.0
      ],
      [
        692.0,
        250.0
      ],
      [
        681.0,
        197.0
      ],
      [
        729.0,
        194.0
      ]
    ],
    [
      [
        720.0,
        565.0
      ],
      [
        672.0,
        580.0
      ],
      [
        662.0,
        529.0
      ],
      [
        712.0,
        516.0
      ]
    ],
    [
      [
        829.0,
        386.0
      ],
      [
        787.0,
        395.0
      ],
      [
        777.0,
        341.0
      ],
      [
        817.277587890625,
        331.4078063964844
      ]
    ],
    [
      [
        840.0,
        458.0
      ],
      [
        799.0,
        470.0
      ],
      [
        790.0,
        416.0
      ],
      [
        832.0,
        406.0
      ]
    ],
    [
      [
        817.0,
        312.0
      ],
      [
        774.0,
        319.0
      ],
      [
        763.0,
        266.0
      ],
      [
        806.0,
        262.0
      ]
    ],
    [
      [
        848.0,
        527.0
      ],
      [
        808.0,
        542.0
      ],
      [
        800.0,
        491.0
      ],
      [
        841.0,
        478.0
      ]
    ],
    [
      [
        802.0,
        241.0
      ],
      [
        760.0,
        245.0
      ],
      [
        748.0,
        195.0
      ],
      [
        791.0,
        193.0
      ]
    ],
    [
      [
        882.0,
        375.0
      ],
      [
        847.0,
        383.0
      ],
      [
        837.0,
        331.0
      ],
      [
        873.0,
        325.0
      ]
    ],
    [
      [
        870.0,
        306.0
      ],
      [
        835.0,
        312.0
      ],
      [
        823.0,
        261.0
      ],
      [
        860.0,
        258.0
      ]
    ],
    [
      [
        900.0,
        509.0
      ],
      [
        865.0,
        522.0
      ],
      [
        859.0,
        473.0
      ],
      [
        894.0,
        462.0
      ]
    ],
    [
      [
        856.0,
        238.0
      ],
      [
        820.0,
        241.0
      ],
      [
        808.0,
        194.0
      ],
      [
        844.0,
        192.0
      ]
    ],
    [
      [
        938.0,
        428.0
      ],
      [
        908.0,
        438.0
      ],
      [
        900.0,
        391.0
      ],
      [
        930.0,
        383.0
      ]
    ],
    [
      [
        916.0,
        301.0
      ],
      [
        885.0,
        303.0
      ],
      [
        878.0,
        256.0
      ],
      [
        908.0,
        256.0
      ]
    ],
    [
      [
        945.0,
        491.0
      ],
      [
        916.0,
        504.0
      ],
      [
        910.0,
        458.0
      ],
      [
        939.0,
        448.0
      ]
    ],
    [
      [
        994.0,
        291.0
      ],
      [
        971.0,
        295.0
      ],
      [
        961.0,
        251.0
      ],
      [
        984.0,
        249.0
      ]
    ],
    [
      [
        1019.0,
        462.0
      ],
      [
        996.0,
        472.0
      ],
      [
        991.0,
        430.0
      ],
      [
        1014.0,
        421.0
      ]
    ],
    [
      [
        929.0,
        364.0
      ],
      [
        898.0,
        372.0
      ],
      [
        889.0,
        324.0
      ],
      [
        919.0,
        318.0
      ]
    ],
    [
      [
        892.0,
        443.0
      ],
      [
        857.0,
        454.0
      ],
      [
        849.0,
        403.0
      ],
      [
        885.0,
        394.0
      ]
    ]
  ],