{
  "size": [
    1280,
    720
  ],
  "ids0": [
    16,
    8,
    25,
    24,
    0,
    33,
    9,
    17,
    18,
    10,
    32,
    1,
    26,
    2,
    34,
    19,
    3,
    27,
    35,
    20,
    12,
    4,
    28,
    6,
    7,
    11,
    36
  ],
  "ids1": [
    7,
    23,
    15,
    31,
    6,
    39,
    21,
    29,
    37,
    5,
    20,
    12,
    28,
    4,
    11,
    27,
    3,
    18,
    35,
    10,
    19
  ],
  "corners0": [
    [
      [
        684.0,
        407.0
      ],
      [
        632.0,
        415.0
      ],
      [
        623.0,
        359.0
      ],
      [
        675.0,
        352.0
      ]
    ],
    [
      [
        694.0,
        488.0
      ],
      [
        643.0,
        497.0
      ],
      [
        634.0,
        441.0
      ],
      [
        686.0,
        433.0
      ]
    ],
    [
      [
        747.0,
        322.0
      ],
      [
        696.0,
        327.0
      ],
      [
        687.0,
        272.0
      ],
      [
        738.0,
        269.0
      ]
    ],
    [
      [
        673.0,
        326.0
      ],
      [
        621.0,
        332.0
      ],
      [
        613.0,
        279.0
      ],
      [
        664.0,
        274.0
      ]
    ],
    [
      [
        704.0,
        564.0
      ],
      [
        653.0,
        576.0
      ],
      [
        645.0,
        523.0
      ],
      [
        696.0,
        513.0
      ]
    ],
    [
      [
        735.0,
        248.0
      ],
      [
        685.0,
        251.0
      ],
      [
        676.0,
        199.0
      ],
      [
        725.0,
        198.0
      ]
    ],
    [
      [
        766.0,
        474.0
      ],
      [
        719.0,
        484.0
      ],
      [
        712.0,
        430.0
      ],
      [
        758.0,
        422.0
      ]
    ],
    [
      [
        756.0,
        397.0
      ],
      [
        709.0,
        404.0
      ],
      [
        701.0,
        351.0
      ],
      [
        748.0,
        346.0
      ]
    ],
    [
      [
        823.0,
        390.0
      ],
      [
        778.0,
        397.0
      ],
      [
        767.4175415039062,
        344.8194274902344
      ],
      [
        814.0,
        337.0
      ]
    ],
    [
      [
        832.0,
        463.0
      ],
      [
        788.0,
        473.0
      ],
      [
        780.0,
        419.0
      ],
      [
        825.0,
        410.0
      ]
    ],
    [
      [
        661.0,
        249.0
      ],
      [
        611.0,
        253.0
      ],
      [
        603.0,
        204.0
      ],
      [
        653.0,
        201.0
      ]
    ],
    [
      [
        775.0,
        549.0
      ],
      [
        729.0,
        561.0
      ],
      [
        722.0,
        509.0
      ],
      [
        768.0,
        500.0
      ]
    ],
    [
      [
        812.0,
        316.0
      ],
      [
        766.0,
        321.0
      ],
      [
        757.0,
        269.0
      ],
      [
        802.0,
        266.0
      ]
    ],
    [
      [
        840.0,
        535.0
      ],
      [
        797.0,
        547.0
      ],
      [
        789.0,
        495.0
      ],
      [
        834.0,
        484.0
      ]
    ],
    [
      [
        799.0,
        246.0
      ],
      [
        755.0,
        248.0
      ],
      [
        744.0,
        199.0
      ],
      [
        788.0,
        198.0
      ]
    ],
    [
      [
        880.0,
        381.0
      ],
      [
        841.0,
        388.0
      ],
      [
        832.0,
        336.0
      ],
      [
        872.0,
        332.0
      ]
    ],
    [
      [
        896.0,
        519.0
      ],
      [
        858.0,
        531.0
      ],
      [
        852.0,
        481.0
      ],
      [
        890.0,
        470.0
      ]
    ],
    [
      [
        869.0,
        312.0
      ],
      [
        830.0,
        316.0
      ],
      [
        820.0,
        266.0
      ],
      [
        859.0,
        264.0
      ]
    ],
    [
      [
        856.0,
        245.0
      ],
      [
        817.0,
        246.0
      ],
      [
        807.0,
        200.0
      ],
      [
        845.0,
        200.0
      ]
    ],
    [
      [
        930.0,
        373.0
      ],
      [
        897.0,
        380.0
      ],
      [
        888.0,
        331.0
      ],
      [
        922.0,
        327.0
      ]
    ],
    [
      [
        939.0,
        439.0
      ],
      [
        906.0,
        448.0
      ],
      [
        899.0,
        399.0
      ],
      [
        932.0,
        393.0
      ]
    ],
    [
      [
        945.0,
        504.0
      ],
      [
        913.0,
        515.0
      ],
      [
        907.0,
        468.0
      ],
      [
        940.0,
        458.0
      ]
    ],
    [
      [
        918.0,
        309.0
      ],
      [
        884.0,
        310.0
      ],
      [
        877.0,
        264.0
      ],
      [
        911.0,
        265.0
      ]
    ],
    [
      [
        1026.0,
        478.0
      ],
      [
        1001.0,
        487.0
      ],
      [
        996.0,
        443.0
      ],
      [
        1022.0,
        436.0
      ]
    ],
    [
      [
        1058.0,
        466.0
      ],
      [
        1037.5830078125,
        475.63104248046875
      ],
      [
        1032.0,
        433.0
      ],
      [
        1054.0,
        426.0
      ]
    ],
    [
      [
        889.0,
        451.0
      ],
      [
        851.0,
        460.0
      ],
      [
        843.0,
        408.0
      ],
      [
        882.0,
        401.0
      ]
    ],
    [
      [
        906.0,
        244.0
      ],
      [
        873.0,
        245.0
      ],
      [
        862.0,
        201.0
      ],
      [
        895.0,
        201.0
      ]
    ]
  ],