{
  "size": [
    1280,
    720
  ],
  "ids0": [
    1,
    2,
    9,
    10,
    11,
    8,
    4,
    17,
    18,
    12,
    16,
    19,
    5,
    20,
    26,
    25,
    24,
    27,
    28,
    21,
    6,
    33,
    34,
    32,
    14,
    35,
    29,
    22,
    7,
    37,
    15,
    30,
    23,
    38,
    36
  ],
  "ids1": [
    23,
    31,
    39,
    15,
    7,
    30,
    14,
    6,
    5,
    12
  ],
  "corners0": [
    [
      [
        615.0,
        416.0
      ],
      [
        567.0,
        409.0
      ],
      [
        574.0,
        362.0
      ],
      [
        622.0,
        369.0
      ]
    ],
    [
      [
        683.0,
        424.0
      ],
      [
        635.0,
        418.0
      ],
      [
        642.0,
        370.0
      ],
      [
        689.0,
        377.0
      ]
    ],
    [
      [
        623.0,
        349.0
      ],
      [
        576.0,
        342.0
      ],
      [
        583.0,
        296.0
      ],
      [
        630.0,
        302.0
      ]
    ],
    [
      [
        690.0,
        357.0
      ],
      [
        643.0,
        350.0
      ],
      [
        650.0,
        304.0
      ],
      [
        696.0,
        311.0
      ]
    ],
    [
      [
        755.0,
        366.0
      ],
      [
        710.0,
        359.0
      ],
      [
        715.0,
        313.0
      ],
      [
        761.0,
        320.0
      ]
    ],
    [
      [
        556.0,
        340.0
      ],
      [
        511.0,
        334.0
      ],
      [
        519.0,
        288.0
      ],
      [
        564.0,
        294.0
      ]
    ],
    [
      [
        811.0,
        439.0
      ],
      [
        765.5216674804688,
        431.2005920410156
      ],
      [
        774.0,
        386.0
      ],
      [
        817.0,
        393.0
      ]
    ],
    [
      [
        632.0,
        283.0
      ],
      [
        585.0,
        276.0
      ],
      [
        593.0,
        233.0
      ],
      [
        638.0,
        239.0
      ]
    ],
    [
      [
        697.0,
        292.0
      ],
      [
        651.0,
        284.0
      ],
      [
        658.0,
        241.0
      ],
      [
        703.0,
        248.0
      ]
    ],
    [
      [
        818.0,
        374.0
      ],
      [
        774.0,
        367.0
      ],
      [
        780.0,
        321.0
      ],
      [
        822.0,
        328.0
      ]
    ],
    [
      [
        566.0,
        275.0
      ],
      [
        521.0,
        269.0
      ],
      [
        529.0,
        226.0
      ],
      [
        573.0,
        231.0
      ]
    ],
    [
      [
        761.0,
        301.0
      ],
      [
        717.0,
        294.0
      ],
      [
        722.0,
        250.0
      ],
      [
        766.0,
        258.0
      ]
    ],
    [
      [
        870.0,
        445.0
      ],
      [
        830.0,
        440.0
      ],
      [
        835.0,
        394.0
      ],
      [
        876.0,
        400.0
      ]
    ],
    [
      [
        823.0,
        310.0
      ],
      [
        780.0,
        303.0
      ],
      [
        784.0,
        260.0
      ],
      [
        826.0,
        267.0
      ]
    ],
    [
      [
        704.0,
        230.0
      ],
      [
        659.0,
        222.0
      ],
      [
        665.0,
        182.0
      ],
      [
        709.0,
        190.0
      ]
    ],
    [
      [
        640.0,
        221.0
      ],
      [
        595.0,
        214.0
      ],
      [
        602.0,
        174.0
      ],
      [
        646.0,
        181.0
      ]
    ],
    [
      [
        576.0,
        213.0
      ],
      [
        532.0,
        208.0
      ],
      [
        540.0,
        168.0
      ],
      [
        583.0,
        173.0
      ]
    ],
    [
      [
        766.0,
        239.0
      ],
      [
        723.0,
        232.0
      ],
      [
        727.0,
        191.0
      ],
      [
        770.0,
        199.0
      ]
    ],
    [
      [
        826.0,
        249.0
      ],
      [
        785.0,
        242.0
      ],
      [
        788.0,
        201.0
      ],
      [
        829.0,
        210.0
      ]
    ],
    [
      [
        880.0,
        319.0
      ],
      [
        841.0,
        312.0
      ],
      [
        844.0,
        270.0
      ],
      [
        883.0,
        278.0
      ]
    ],
    [
      [
        922.2128295898438,
        451.5362548828125
      ],
      [
        888.0,
        445.0
      ],
      [
        893.0,
        401.0
      ],
      [
        930.0,
        407.0
      ]
    ],
    [
      [
        647.0,
        163.0
      ],
      [
        604.0,
        156.0
      ],
      [
        611.0,
        120.0
      ],
      [
        653.0,
        126.0
      ]
    ],
    [
      [
        709.0,
        171.0
      ],
      [
        666.0,
        164.0
      ],
      [
        671.0,
        128.0
      ],
      [
        714.0,
        135.0
      ]
    ],
    [
      [
        585.0,
        155.0
      ],
      [
        542.0,
        150.0
      ],
      [
        551.0,
        114.0
      ],
      [
        592.0,
        119.0
      ]
    ],
    [
      [
        930.0,
        388.0
      ],
      [
        894.0,
        383.0
      ],
      [
        898.0,
        339.0
      ],
      [
        933.0,
        346.0
      ]
    ],
    [
      [
        770.0,
        181.0
      ],
      [
        728.0,
        174.0
      ],
      [
        732.0,
        137.0
      ],
      [
        773.0,
        145.0
      ]
    ],
    [
      [
        882.0,
        259.0
      ],
      [
        844.0,
        252.0
      ],
      [
        846.0,
        212.0
      ],
      [
        884.0,
        220.0
      ]
    ],
    [
      [
        933.0,
        328.0
      ],
      [
        897.0,
        320.0
      ],
      [
        900.0,
        280.0
      ],
      [
        935.0,
        287.0
      ]
    ],
    [
      [
        974.0,
        454.0
      ],
      [
        941.0,
        450.0
      ],
      [
        946.0,
        408.0
      ],
      [
        979.0,
        413.0
      ]
    ],
    [
      [
        883.0,
        203.0
      ],
      [
        846.0,
        195.0
      ],
      [
        847.0,
        158.0
      ],
      [
        884.0,
        167.0
      ]
    ],
    [
      [
        979.0,
        394.0
      ],
      [
        946.0,
        389.0
      ],
      [
        950.0,
        348.0
      ],
      [
        982.0,
        354.0
      ]
    ],
    [
      [
        934.0,
        269.0
      ],
      [
        899.0,
        261.0
      ],
      [
        901.0,
        223.0
      ],
      [
        935.0,
        231.0
      ]
    ],
    [
      [
        981.0,
        336.0
      ],
      [
        950.0,
        330.0
      ],
      [
        952.0,
        289.0
      ],
      [
        983.0,
        297.0
      ]
    ],
    [
      [
        933.0,
        214.0
      ],
      [
        900.0,
        206.0
      ],
      [
        901.0,
        170.0
      ],
      [
        934.0,
        180.0
      ]
    ],
    [
      [
        828.0,
        192.0
      ],
      [
        788.0,
        184.0
      ],
      [
        791.0,
        147.0
      ],
      [
        830.0,
        156.0
      ]
    ]
  ],