{
  "size": [
    1280,
    720
  ],
  "ids0": [
    0,
    9,
    16,
    1,
    17,
    2,
    10,
    18,
    25,
    24,
    11,
    26,
    3,
    19,
    33,
    32,
    27,
    12,
    4,
    34,
    20,
    35,
    28,
    13,
    5,
    29,
    37,
    7,
    36
  ],
  "ids1": [
    31,
    23,
    39,
    15,
    7,
    22,
    29,
    13,
    5,
    28,
    20,
    12,
    27,
    18,
    36
  ],
  "corners0": [
    [
      [
        788.0,
        375.0
      ],
      [
        742.0,
        370.0
      ],
      [
        747.0,
        325.0
      ],
      [
        793.0,
        330.0
      ]
    ],
    [
      [
        858.0,
        316.0
      ],
      [
        813.0,
        311.0
      ],
      [
        818.0,
        265.0
      ],
      [
        862.0,
        270.0
      ]
    ],
    [
      [
        799.0,
        244.0
      ],
      [
        753.0,
        240.0
      ],
      [
        757.0,
        195.0
      ],
      [
        802.0,
        199.0
      ]
    ],
    [
      [
        851.0,
        381.0
      ],
      [
        807.0,
        376.0
      ],
      [
        812.0,
        330.0
      ],
      [
        857.0,
        336.0
      ]
    ],
    [
      [
        862.0,
        251.0
      ],
      [
        818.0,
        245.0
      ],
      [
        822.0,
        200.0
      ],
      [
        866.0,
        206.0
      ]
    ],
    [
      [
        912.0,
        387.0
      ],
      [
        870.0,
        382.0
      ],
      [
        876.0,
        336.0
      ],
      [
        920.7011108398438,
        342.14947509765625
      ]
    ],
    [
      [
        919.0,
        322.0
      ],
      [
        877.0,
        317.0
      ],
      [
        881.0,
        271.0
      ],
      [
        924.0,
        277.0
      ]
    ],
    [
      [
        924.0,
        258.0
      ],
      [
        882.0,
        252.0
      ],
      [
        885.0,
        207.0
      ],
      [
        928.0,
        213.0
      ]
    ],
    [
      [
        866.0,
        187.0
      ],
      [
        822.0,
        181.0
      ],
      [
        825.0,
        138.0
      ],
      [
        868.0,
        143.0
      ]
    ],
    [
      [
        802.0,
        180.0
      ],
      [
        757.0,
        175.0
      ],
      [
        761.0,
        133.0
      ],
      [
        805.0,
        137.0
      ]
    ],
    [
      [
        977.0,
        329.0
      ],
      [
        937.0,
        323.0
      ],
      [
        942.0,
        278.0
      ],
      [
        982.0,
        284.0
      ]
    ],
    [
      [
        927.0,
        194.0
      ],
      [
        885.0,
        188.0
      ],
      [
        887.0,
        145.0
      ],
      [
        929.0,
        151.0
      ]
    ],
    [
      [
        971.0,
        392.0
      ],
      [
        931.0,
        387.0
      ],
      [
        937.0,
        342.0
      ],
      [
        977.0,
        348.0
      ]
    ],
    [
      [
        982.0,
        265.0
      ],
      [
        943.0,
        259.0
      ],
      [
        946.0,
        214.0
      ],
      [
        986.0,
        221.0
      ]
    ],
    [
      [
        868.0,
        125.0
      ],
      [
        824.0,
        119.0
      ],
      [
        826.0,
        79.0
      ],
      [
        869.0,
        85.0
      ]
    ],
    [
      [
        806.0,
        117.0
      ],
      [
        762.0,
        115.0
      ],
      [
        763.0,
        75.0
      ],
      [
        806.0,
        77.0
      ]
    ],
    [
      [
        985.0,
        202.0
      ],
      [
        945.0,
        196.0
      ],
      [
        947.0,
        153.0
      ],
      [
        986.0,
        160.0
      ]
    ],
    [
      [
        1031.0,
        335.0
      ],
      [
        994.0,
        329.0
      ],
      [
        999.0,
        285.0
      ],
      [
        1036.0,
        290.0
      ]
    ],
    [
      [
        1025.0,
        396.0
      ],
      [
        988.0,
        393.0
      ],
      [
        994.0,
        348.0
      ],
      [
        1031.0,
        353.0
      ]
    ],
    [
      [
        928.0,
        133.0
      ],
      [
        887.0,
        126.0
      ],
      [
        888.0,
        86.0
      ],
      [
        929.0,
        93.0
      ]
    ],
    [
      [
        1036.0,
        272.0
      ],
      [
        999.0,
        266.0
      ],
      [
        1003.0,
        222.0
      ],
      [
        1039.0,
        229.0
      ]
    ],
    [
      [
        985.0,
        142.0
      ],
      [
        946.0,
        135.0
      ],
      [
        947.0,
        95.0
      ],
      [
        985.0,
        102.0
      ]
    ],
    [
      [
        1038.0,
        211.0
      ],
      [
        1002.0,
        204.0
      ],
      [
        1004.0,
        162.0
      ],
      [
        1039.0,
        169.0
      ]
    ],
    [
      [
        1081.0,
        340.0
      ],
      [
        1048.0,
        335.0
      ],
      [
        1053.0,
        292.0
      ],
      [
        1086.0,
        298.0
      ]
    ],
    [
      [
        1074.0,
        400.0
      ],
      [
        1041.0,
        397.0
      ],
      [
        1047.0,
        354.0
      ],
      [
        1080.0,
        358.0
      ]
    ],
    [
      [
        1087.0,
        220.0
      ],
      [
        1055.0,
        213.0
      ],
      [
        1056.0,
        172.0
      ],
      [
        1089.0,
        180.0
      ]
    ],
    [
      [
        1087.0,
        161.0
      ],
      [
        1055.0,
        154.0
      ],
      [
        1055.0,
        115.0
      ],
      [
        1086.0,
        123.0
      ]
    ],
    [
      [
        1160.0,
        408.0
      ],
      [
        1132.0,
        405.0
      ],
      [
        1139.0,
        363.0
      ],
      [
        1166.0,
        367.0
      ]
    ],
    [
      [
        1038.0,
        152.0
      ],
      [
        1002.0,
        143.0
      ],
      [
        1002.0,
        105.0
      ],
      [
        1038.0,
        113.0
      ]
    ]
  ],