{
  "size": [
    1280,
    720
  ],
  "ids0": [
    16,
    8,
    25,
    24,
    1,
    0,
    33,
    32,
    18,
    17,
    10,
    2,
    11,
    19,
    27,
    3,
    35,
    20,
    12,
    28,
    4,
    7,
    36
  ],
  "ids1": [
    7,
    23,
    31,
    30,
    15,
    38,
    6,
    39,
    22,
    21,
    13,
    37,
    5,
    12,
    4,
    35,
    19,
    11,
    27,
    3,
    10,
    34,
    17,
    36,
    28
  ],
  "corners0": [
    [
      [
        684.0,
        419.0
      ],
      [
        632.0,
        428.0
      ],
      [
        623.0,
        373.0
      ],
      [
        675.0,
        366.0
      ]
    ],
    [
      [
        695.0,
        498.0
      ],
      [
        645.0,
        509.0
      ],
      [
        635.0,
        455.0
      ],
      [
        687.0,
        445.0
      ]
    ],
    [
      [
        745.0,
        333.0
      ],
      [
        695.0,
        340.0
      ],
      [
        685.0,
        285.0
      ],
      [
        735.0,
        280.0
      ]
    ],
    [
      [
        671.0,
        340.0
      ],
      [
        620.0,
        347.0
      ],
      [
        611.0,
        294.0
      ],
      [
        662.0,
        288.0
      ]
    ],
    [
      [
        778.0,
        557.0
      ],
      [
        729.0,
        571.0
      ],
      [
        721.0,
        518.0
      ],
      [
        771.0,
        506.0
      ]
    ],
    [
      [
        706.0,
        573.0
      ],
      [
        657.0,
        586.0
      ],
      [
        647.0,
        535.0
      ],
      [
        698.0,
        524.0
      ]
    ],
    [
      [
        731.0,
        259.0
      ],
      [
        682.0,
        264.0
      ],
      [
        672.0,
        212.0
      ],
      [
        721.0,
        209.0
      ]
    ],
    [
      [
        659.0,
        262.0
      ],
      [
        608.0,
        268.0
      ],
      [
        600.0,
        218.0
      ],
      [
        650.0,
        214.0
      ]
    ],
    [
      [
        821.0,
        398.0
      ],
      [
        777.0,
        407.0
      ],
      [
        765.3967895507812,
        354.68792724609375
      ],
      [
        812.0,
        346.0
      ]
    ],
    [
      [
        755.0,
        407.0
      ],
      [
        709.0,
        416.0
      ],
      [
        700.0,
        363.0
      ],
      [
        746.0,
        357.0
      ]
    ],
    [
      [
        832.0,
        470.0
      ],
      [
        788.0,
        481.0
      ],
      [
        779.0,
        428.0
      ],
      [
        823.0,
        418.0
      ]
    ],
    [
      [
        840.0,
        540.0
      ],
      [
        797.0,
        553.0
      ],
      [
        790.0,
        502.0
      ],
      [
        833.0,
        490.0
      ]
    ],
    [
      [
        888.0,
        456.0
      ],
      [
        850.0,
        467.0
      ],
      [
        841.0,
        416.0
      ],
      [
        880.0,
        407.0
      ]
    ],
    [
      [
        879.6010131835938,
        385.25714111328125
      ],
      [
        840.2645263671875,
        397.5634460449219
      ],
      [
        830.0,
        344.0
      ],
      [
        868.0,
        338.0
      ]
    ],
    [
      [
        866.0,
        319.0
      ],
      [
        827.0,
        324.0
      ],
      [
        817.0,
        275.0
      ],
      [
        855.0,
        271.0
      ]
    ],
    [
      [
        895.0,
        523.0
      ],
      [
        858.0,
        535.0
      ],
      [
        851.0,
        487.0
      ],
      [
        890.0,
        476.0
      ]
    ],
    [
      [
        852.0,
        252.0
      ],
      [
        813.0,
        255.0
      ],
      [
        803.0,
        208.0
      ],
      [
        841.0,
        207.0
      ]
    ],
    [
      [
        928.0,
        378.0
      ],
      [
        894.0,
        385.0
      ],
      [
        885.0,
        337.0
      ],
      [
        919.0,
        332.0
      ]
    ],
    [
      [
        937.0,
        443.0
      ],
      [
        905.0,
        453.0
      ],
      [
        896.0,
        405.0
      ],
      [
        930.0,
        397.0
      ]
    ],
    [
      [
        916.0,
        313.0
      ],
      [
        883.0,
        318.0
      ],
      [
        872.0,
        271.0
      ],
      [
        906.0,
        268.0
      ]
    ],
    [
      [
        944.0,
        507.0
      ],
      [
        912.0,
        518.0
      ],
      [
        906.0,
        472.0
      ],
      [
        938.0,
        462.0
      ]
    ],
    [
      [
        1057.0,
        465.0
      ],
      [
        1035.0,
        475.0
      ],
      [
        1030.0,
        433.0
      ],
      [
        1052.0,
        425.0
      ]
    ],
    [
      [
        901.0,
        251.0
      ],
      [
        868.0,
        251.0
      ],
      [
        860.0,
        206.0
      ],
      [
        893.0,
        208.0
      ]
    ]
  ],