{
  "size": [
    1280,
    720
  ],
  "ids0": [
    8,
    16,
    9,
    17,
    24,
    0,
    2,
    10,
    18,
    32,
    33,
    26,
    11,
    3,
    19,
    34,
    27,
    12,
    4,
    20,
    13,
    35,
    28,
    25,
    15,
    7,
    36
  ],
  "ids1": [
    31,
    23,
    39,
    15,
    7,
    30,
    22,
    38,
    6,
    21,
    5,
    28,
    12,
    4,
    27,
    19,
    11,
    26,
    1
  ],
  "corners0": [
    [
      [
        766.0,
        339.0
      ],
      [
        717.0,
        334.0
      ],
      [
        721.0,
        285.0
      ],
      [
        770.0,
        291.0
      ]
    ],
    [
      [
        770.0,
        270.0
      ],
      [
        722.0,
        265.0
      ],
      [
        726.0,
        217.0
      ],
      [
        773.0,
        222.0
      ]
    ],
    [
      [
        831.0,
        344.0
      ],
      [
        785.0,
        339.0
      ],
      [
        789.0,
        291.0
      ],
      [
        835.0,
        296.0
      ]
    ],
    [
      [
        835.0,
        276.0
      ],
      [
        790.0,
        271.0
      ],
      [
        793.0,
        223.0
      ],
      [
        838.0,
        229.0
      ]
    ],
    [
      [
        773.0193481445312,
        204.78541564941406
      ],
      [
        726.0,
        197.0
      ],
      [
        729.0,
        152.0
      ],
      [
        776.0,
        157.0
      ]
    ],
    [
      [
        758.0,
        406.0
      ],
      [
        713.0,
        402.0
      ],
      [
        718.0,
        357.0
      ],
      [
        763.0,
        361.0
      ]
    ],
    [
      [
        887.0,
        415.0
      ],
      [
        844.0,
        411.0
      ],
      [
        850.0,
        364.0
      ],
      [
        892.0,
        368.0
      ]
    ],
    [
      [
        892.0,
        349.0
      ],
      [
        850.0,
        345.0
      ],
      [
        854.0,
        297.0
      ],
      [
        896.0,
        302.0
      ]
    ],
    [
      [
        896.0,
        283.0
      ],
      [
        854.0,
        277.0
      ],
      [
        857.0,
        231.0
      ],
      [
        899.0,
        237.0
      ]
    ],
    [
      [
        775.0,
        138.0
      ],
      [
        729.0,
        132.0
      ],
      [
        732.0,
        90.0
      ],
      [
        777.0,
        96.0
      ]
    ],
    [
      [
        839.0,
        146.0
      ],
      [
        795.0,
        140.0
      ],
      [
        796.0,
        98.0
      ],
      [
        840.0,
        105.0
      ]
    ],
    [
      [
        898.0,
        218.0
      ],
      [
        857.0,
        211.0
      ],
      [
        858.0,
        167.0
      ],
      [
        899.0,
        174.0
      ]
    ],
    [
      [
        949.0,
        354.0
      ],
      [
        910.0,
        349.0
      ],
      [
        914.0,
        303.0
      ],
      [
        953.0,
        308.0
      ]
    ],
    [
      [
        943.0,
        418.0
      ],
      [
        905.0,
        415.0
      ],
      [
        910.0,
        369.0
      ],
      [
        949.0,
        373.0
      ]
    ],
    [
      [
        953.0,
        289.0
      ],
      [
        914.0,
        284.0
      ],
      [
        917.0,
        238.0
      ],
      [
        955.0,
        245.0
      ]
    ],
    [
      [
        898.0,
        156.0
      ],
      [
        857.0,
        148.0
      ],
      [
        858.0,
        107.0
      ],
      [
        898.0,
        115.0
      ]
    ],
    [
      [
        954.0,
        226.0
      ],
      [
        916.0,
        220.0
      ],
      [
        917.0,
        176.0
      ],
      [
        955.0,
        184.0
      ]
    ],
    [
      [
        1000.0,
        358.0
      ],
      [
        965.0,
        353.0
      ],
      [
        969.0,
        309.0
      ],
      [
        1004.0,
        314.0
      ]
    ],
    [
      [
        994.0,
        420.0
      ],
      [
        960.0,
        417.0
      ],
      [
        966.0,
        372.0
      ],
      [
        1000.0,
        376.0
      ]
    ],
    [
      [
        1003.0,
        296.0
      ],
      [
        969.0,
        290.0
      ],
      [
        972.0,
        246.0
      ],
      [
        1006.0,
        253.0
      ]
    ],
    [
      [
        1048.0,
        362.0
      ],
      [
        1015.0,
        359.0
      ],
      [
        1019.0,
        314.0
      ],
      [
        1051.0,
        319.0
      ]
    ],
    [
      [
        953.0,
        165.0
      ],
      [
        916.0,
        158.0
      ],
      [
        916.0,
        118.0
      ],
      [
        952.0,
        126.0
      ]
    ],
    [
      [
        1004.0,
        235.0
      ],
      [
        970.0,
        227.0
      ],
      [
        971.0,
        186.0
      ],
      [
        1005.0,
        194.0
      ]
    ],
    [
      [
        838.0,
        210.0
      ],
      [
        793.0,
        204.0
      ],
      [
        795.0,
        159.0
      ],
      [
        840.0,
        166.0
      ]
    ],
    [
      [
        1125.0,
        369.0
      ],
      [
        1100.0,
        366.0
      ],
      [
        1103.0,
        324.0
      ],
      [
        1128.0,
        329.0
      ]
    ],
    [
      [
        1120.0,
        424.0
      ],
      [
        1095.0,
        422.0
      ],
      [
        1100.0,
        381.0
      ],
      [
        1125.0,
        384.0
      ]
    ],
    [
      [
        1003.0,
        175.0
      ],
      [
        970.0,
        168.0
      ],
      [
        969.0,
        129.0
      ],
      [
        1002.0,
        137.0
      ]
    ]
  ],