{
  "size": [
    1280,
    720
  ],
  "ids0": [
    16,
    24,
    8,
    32,
    17,
    9,
    33,
    0,
    1,
    18,
    26,
    10,
    34,
    2,
    19,
    27,
    11,
    35,
    3,
    6
  ],
  "ids1": [
    31,
    30,
    39,
    22,
    23,
    29,
    15,
    21,
    38,
    37,
    14,
    13,
    7,
    6,
    20,
    5,
    12,
    27,
    19,
    4,
    35,
    11,
    3,
    18,
    10,
    36,
    28
  ],
  "corners0": [
    [
      [
        449.0,
        310.0
      ],
      [
        395.0,
        320.0
      ],
      [
        388.0,
        253.0
      ],
      [
        444.0,
        246.0
      ]
    ],
    [
      [
        443.0,
        217.0
      ],
      [
        387.0,
        223.0
      ],
      [
        383.0,
        157.0
      ],
      [
        438.0,
        154.0
      ]
    ],
    [
      [
        458.0,
        398.0
      ],
      [
        405.0,
        413.0
      ],
      [
        397.0,
        349.0
      ],
      [
        451.0,
        339.0
      ]
    ],
    [
      [
        438.0,
        127.0
      ],
      [
        382.0,
        126.0
      ],
      [
        383.0,
        63.0
      ],
      [
        437.0,
        68.0
      ]
    ],
    [
      [
        523.0,
        300.0
      ],
      [
        473.0,
        309.0
      ],
      [
        467.0,
        243.0
      ],
      [
        518.0,
        238.0
      ]
    ],
    [
      [
        529.0,
        383.0
      ],
      [
        481.0,
        396.0
      ],
      [
        474.0,
        333.0
      ],
      [
        524.0,
        323.0
      ]
    ],
    [
      [
        512.0,
        131.0
      ],
      [
        462.0,
        128.0
      ],
      [
        461.0,
        67.0
      ],
      [
        511.0,
        72.0
      ]
    ],
    [
      [
        467.0,
        482.0
      ],
      [
        418.0,
        499.0
      ],
      [
        408.0,
        442.0
      ],
      [
        460.0,
        427.0
      ]
    ],
    [
      [
        535.0,
        461.0
      ],
      [
        490.4282531738281,
        479.94195556640625
      ],
      [
        482.0,
        420.0
      ],
      [
        529.1905517578125,
        403.2367248535156
      ]
    ],
    [
      [
        585.0,
        290.0
      ],
      [
        543.8353271484375,
        299.5332946777344
      ],
      [
        538.0,
        237.0
      ],
      [
        581.0,
        233.0
      ]
    ],
    [
      [
        579.0,
        212.0
      ],
      [
        536.0,
        212.0
      ],
      [
        535.0,
        153.0
      ],
      [
        577.0,
        156.0
      ]
    ],
    [
      [
        589.0,
        367.0
      ],
      [
        549.0,
        379.0
      ],
      [
        543.0,
        321.0
      ],
      [
        585.0,
        312.0
      ]
    ],
    [
      [
        575.0,
        134.0
      ],
      [
        532.0,
        130.0
      ],
      [
        531.0,
        74.0
      ],
      [
        574.0,
        81.0
      ]
    ],
    [
      [
        593.0,
        441.0
      ],
      [
        554.0,
        455.0
      ],
      [
        549.0,
        401.0
      ],
      [
        590.0,
        389.0
      ]
    ],
    [
      [
        637.0,
        282.0
      ],
      [
        602.0,
        288.0
      ],
      [
        598.0,
        233.0
      ],
      [
        634.0,
        230.0
      ]
    ],
    [
      [
        633.0,
        210.0
      ],
      [
        597.0,
        210.0
      ],
      [
        595.0,
        156.0
      ],
      [
        631.0,
        158.0
      ]
    ],
    [
      [
        641.0,
        353.0
      ],
      [
        606.0,
        363.0
      ],
      [
        602.0,
        310.0
      ],
      [
        637.0,
        302.0
      ]
    ],
    [
      [
        629.0,
        137.0
      ],
      [
        593.0,
        134.0
      ],
      [
        591.0,
        82.0
      ],
      [
        627.0,
        88.0
      ]
    ],
    [
      [
        643.0,
        422.0
      ],
      [
        610.0,
        435.0
      ],
      [
        607.0,
        384.0
      ],
      [
        641.0,
        374.0
      ]
    ],
    [
      [
        756.0,
        380.0
      ],
      [
        735.7642822265625,
        389.6958923339844
      ],
      [
        734.0,
        346.0
      ],
      [
        755.0,
        339.0
      ]
    ]
  ],