{
  "size": [
    1280,
    720
  ],
  "ids0": [
    8,
    0,
    16,
    2,
    10,
    9,
    1,
    18,
    32,
    17,
    24,
    26,
    11,
    33,
    34,
    4,
    35,
    28,
    25,
    13,
    5,
    21,
    29,
    30,
    38,
    15,
    7,
    36
  ],
  "ids1": [
    15,
    7,
    23,
    22,
    31,
    14,
    6,
    38,
    21,
    13,
    29,
    5,
    37,
    12,
    28,
    4,
    10,
    36,
    20
  ],
  "corners0": [
    [
      [
        655.0,
        434.0
      ],
      [
        603.0,
        439.0
      ],
      [
        598.0,
        387.0
      ],
      [
        650.0,
        383.0
      ]
    ],
    [
      [
        660.0,
        511.0
      ],
      [
        609.0,
        516.0
      ],
      [
        604.0,
        464.0
      ],
      [
        656.0,
        460.0
      ]
    ],
    [
      [
        649.0,
        357.0
      ],
      [
        598.0,
        361.0
      ],
      [
        593.0,
        311.0
      ],
      [
        644.0,
        307.0
      ]
    ],
    [
      [
        805.0,
        496.0
      ],
      [
        758.3353881835938,
        505.5380554199219
      ],
      [
        752.0,
        450.0
      ],
      [
        800.0,
        445.0
      ]
    ],
    [
      [
        799.0,
        424.0
      ],
      [
        751.0,
        429.0
      ],
      [
        745.0,
        376.0
      ],
      [
        793.0,
        372.0
      ]
    ],
    [
      [
        729.0,
        428.0
      ],
      [
        680.0,
        433.0
      ],
      [
        675.0,
        382.0
      ],
      [
        723.0,
        378.0
      ]
    ],
    [
      [
        734.0,
        503.0
      ],
      [
        686.0,
        510.0
      ],
      [
        681.0,
        459.0
      ],
      [
        730.0,
        454.0
      ]
    ],
    [
      [
        792.0,
        352.0
      ],
      [
        744.0,
        355.0
      ],
      [
        738.0,
        304.0
      ],
      [
        785.0,
        301.0
      ]
    ],
    [
      [
        639.0,
        214.0
      ],
      [
        587.0,
        216.0
      ],
      [
        584.0,
        169.0
      ],
      [
        634.0,
        168.0
      ]
    ],
    [
      [
        722.0,
        353.0
      ],
      [
        674.0,
        357.0
      ],
      [
        669.0,
        307.0
      ],
      [
        716.0,
        305.0
      ]
    ],
    [
      [
        643.0,
        282.0
      ],
      [
        593.0,
        285.0
      ],
      [
        589.0,
        238.0
      ],
      [
        638.0,
        236.0
      ]
    ],
    [
      [
        784.0,
        281.0
      ],
      [
        737.0,
        283.0
      ],
      [
        730.0,
        235.0
      ],
      [
        777.0,
        234.0
      ]
    ],
    [
      [
        862.0,
        418.0
      ],
      [
        818.0,
        423.0
      ],
      [
        812.0,
        372.0
      ],
      [
        855.0,
        368.0
      ]
    ],
    [
      [
        709.0,
        213.0
      ],
      [
        660.0,
        214.0
      ],
      [
        654.0,
        169.0
      ],
      [
        703.0,
        169.0
      ]
    ],
    [
      [
        775.0,
        214.0
      ],
      [
        729.0,
        215.0
      ],
      [
        722.0,
        171.0
      ],
      [
        767.0,
        171.0
      ]
    ],
    [
      [
        923.0,
        478.0
      ],
      [
        885.0,
        486.0
      ],
      [
        880.0,
        437.0
      ],
      [
        918.0,
        431.0
      ]
    ],
    [
      [
        835.0,
        216.0
      ],
      [
        794.0,
        216.0
      ],
      [
        786.0,
        173.0
      ],
      [
        826.0,
        174.0
      ]
    ],
    [
      [
        901.0,
        280.0
      ],
      [
        863.0,
        282.0
      ],
      [
        855.0,
        237.0
      ],
      [
        892.0,
        237.0
      ]
    ],
    [
      [
        711.0,
        278.0
      ],
      [
        670.0,
        279.0
      ],
      [
        666.0,
        239.0
      ],
      [
        707.0,
        238.0
      ]
    ],
    [
      [
        967.0,
        406.0
      ],
      [
        934.0,
        411.0
      ],
      [
        928.0,
        365.0
      ],
      [
        961.0,
        361.0
      ]
    ],
    [
      [
        972.0,
        470.0
      ],
      [
        939.0,
        476.0
      ],
      [
        935.0,
        430.0
      ],
      [
        968.0,
        425.0
      ]
    ],
    [
      [
        958.0,
        344.0
      ],
      [
        925.0,
        344.0
      ],
      [
        921.0,
        299.0
      ],
      [
        954.0,
        301.0
      ]
    ],
    [
      [
        949.0,
        282.0
      ],
      [
        916.0,
        280.0
      ],
      [
        910.0,
        238.0
      ],
      [
        943.0,
        241.0
      ]
    ],
    [
      [
        994.0,
        283.0
      ],
      [
        964.0,
        282.0
      ],
      [
        957.0,
        239.0
      ],
      [
        987.0,
        242.0
      ]
    ],
    [
      [
        983.0,
        227.0
      ],
      [
        952.0,
        223.0
      ],
      [
        945.0,
        183.0
      ],
      [
        975.0,
        188.0
      ]
    ],
    [
      [
        1050.8228759765625,
        397.42120361328125
      ],
      [
        1024.0,
        401.0
      ],
      [
        1018.0,
        357.0
      ],
      [
        1044.4547119140625,
        353.3640441894531
      ]
    ],
    [
      [
        1055.6258544921875,
        454.83782958984375
      ],
      [
        1029.0,
        460.0
      ],
      [
        1025.0,
        417.0
      ],
      [
        1050.0,
        412.0
      ]
    ],
    [
      [
        890.0,
        218.0
      ],
      [
        853.0,
        218.0
      ],
      [
        844.0,
        177.0
      ],
      [
        880.0,
        178.0
      ]
    ]
  ],