{
  "size": [
    1280,
    720
  ],
  "ids0": [
    32,
    24,
    16,
    8,
    25,
    33,
    17,
    9,
    0,
    26,
    34,
    18,
    1,
    10,
    27,
    35,
    2,
    11,
    12,
    3,
    28,
    20,
    30,
    38,
    22,
    19
  ],
  "ids1": [
    31,
    39,
    23,
    15,
    38,
    22,
    14,
    7,
    29,
    37,
    21,
    6,
    13,
    28,
    5,
    20,
    12,
    4,
    27,
    35,
    34,
    26,
    11,
    10,
    33,
    17,
    1,
    36
  ],
  "corners0": [
    [
      [
        658.0,
        329.0
      ],
      [
        610.0,
        337.0
      ],
      [
        601.0,
        286.0
      ],
      [
        649.0,
        279.0
      ]
    ],
    [
      [
        670.0,
        398.0
      ],
      [
        622.0,
        408.0
      ],
      [
        613.0,
        357.0
      ],
      [
        661.0,
        349.0
      ]
    ],
    [
      [
        681.0,
        467.0
      ],
      [
        634.0,
        478.0
      ],
      [
        625.0,
        428.0
      ],
      [
        673.0,
        419.0
      ]
    ],
    [
      [
        691.0,
        533.0
      ],
      [
        645.0,
        545.0
      ],
      [
        637.0,
        498.0
      ],
      [
        683.0,
        487.0
      ]
    ],
    [
      [
        733.0,
        386.0
      ],
      [
        691.5337524414062,
        397.5620422363281
      ],
      [
        680.0,
        347.0
      ],
      [
        724.0,
        338.0
      ]
    ],
    [
      [
        722.0,
        319.0
      ],
      [
        678.0,
        326.0
      ],
      [
        669.0,
        277.0
      ],
      [
        713.0,
        271.0
      ]
    ],
    [
      [
        743.0,
        453.0
      ],
      [
        702.2359008789062,
        465.62274169921875
      ],
      [
        692.0,
        415.0
      ],
      [
        736.0,
        406.0
      ]
    ],
    [
      [
        752.0,
        517.0
      ],
      [
        710.0,
        529.0
      ],
      [
        703.0,
        483.0
      ],
      [
        746.0,
        472.0
      ]
    ],
    [
      [
        701.0,
        594.0
      ],
      [
        656.0,
        607.0
      ],
      [
        648.0,
        564.0
      ],
      [
        693.0,
        552.0
      ]
    ],
    [
      [
        791.0,
        375.0
      ],
      [
        751.0,
        383.0
      ],
      [
        743.0,
        336.0
      ],
      [
        783.0,
        329.0
      ]
    ],
    [
      [
        780.0,
        310.0
      ],
      [
        741.0,
        317.0
      ],
      [
        731.0,
        270.0
      ],
      [
        771.0,
        264.0
      ]
    ],
    [
      [
        801.0,
        438.0
      ],
      [
        762.0,
        449.0
      ],
      [
        754.0,
        403.0
      ],
      [
        793.0,
        393.0
      ]
    ],
    [
      [
        760.0,
        577.0
      ],
      [
        719.0,
        590.0
      ],
      [
        712.0,
        548.0
      ],
      [
        754.0,
        536.0
      ]
    ],
    [
      [
        808.0,
        501.0
      ],
      [
        770.0,
        512.0
      ],
      [
        764.0,
        468.0
      ],
      [
        801.1768188476562,
        455.3130187988281
      ]
    ],
    [
      [
        843.0,
        364.0
      ],
      [
        808.0,
        372.0
      ],
      [
        800.0,
        327.0
      ],
      [
        835.0,
        320.0
      ]
    ],
    [
      [
        833.0,
        302.0
      ],
      [
        798.0,
        308.0
      ],
      [
        788.0,
        264.0
      ],
      [
        824.0,
        259.0
      ]
    ],
    [
      [
        815.0,
        558.0
      ],
      [
        778.0,
        572.0
      ],
      [
        772.0,
        531.0
      ],
      [
        810.0,
        519.0
      ]
    ],
    [
      [
        859.0,
        485.0
      ],
      [
        825.0,
        496.0
      ],
      [
        819.0,
        454.0
      ],
      [
        853.0,
        443.0
      ]
    ],
    [
      [
        905.0,
        471.0
      ],
      [
        874.0,
        482.0
      ],
      [
        868.0,
        439.0
      ],
      [
        900.0,
        429.0
      ]
    ],
    [
      [
        864.0,
        542.0
      ],
      [
        831.0,
        554.0
      ],
      [
        826.0,
        515.0
      ],
      [
        860.0,
        503.0
      ]
    ],
    [
      [
        890.0,
        354.0
      ],
      [
        859.0,
        361.0
      ],
      [
        851.0,
        319.0
      ],
      [
        882.0,
        312.0
      ]
    ],
    [
      [
        898.0,
        412.0
      ],
      [
        868.0,
        422.0
      ],
      [
        861.0,
        379.0
      ],
      [
        892.0,
        372.0
      ]
    ],
    [
      [
        970.0,
        337.0
      ],
      [
        945.0,
        344.0
      ],
      [
        937.0,
        303.0
      ],
      [
        962.0,
        298.0
      ]
    ],
    [
      [
        961.0,
        284.0
      ],
      [
        935.0,
        288.0
      ],
      [
        927.0,
        248.0
      ],
      [
        952.0,
        245.0
      ]
    ],
    [
      [
        977.0,
        390.0
      ],
      [
        952.0,
        399.0
      ],
      [
        946.0,
        359.0
      ],
      [
        971.0,
        352.0
      ]
    ],
    [
      [
        852.0,
        425.0
      ],
      [
        817.0,
        435.0
      ],
      [
        810.0,
        391.0
      ],
      [
        845.0,
        382.0
      ]
    ]
  ],