{
  "size": [
    1280,
    720
  ],
  "ids0": [
    8,
    9,
    16,
    2,
    10,
    17,
    18,
    11,
    3,
    24,
    0,
    25,
    26,
    19,
    12,
    4,
    32,
    27,
    33,
    20,
    34,
    5,
    28,
    35,
    13,
    29,
    14,
    6,
    22,
    37,
    39,
    36
  ],
  "ids1": [
    31,
    23,
    15,
    39,
    7,
    22,
    30,
    14,
    38,
    6,
    21,
    20,
    28,
    12,
    5,
    36,
    4,
    19,
    27,
    35,
    11
  ],
  "corners0": [
    [
      [
        540.0,
        368.0
      ],
      [
        491.0,
        364.0
      ],
      [
        495.0,
        315.0
      ],
      [
        543.0,
        319.0
      ]
    ],
    [
      [
        610.0,
        371.0
      ],
      [
        561.0,
        368.0
      ],
      [
        564.0,
        319.0
      ],
      [
        612.0,
        322.0
      ]
    ],
    [
      [
        543.0,
        299.0
      ],
      [
        495.0,
        295.0
      ],
      [
        499.0,
        248.0
      ],
      [
        547.0,
        251.0
      ]
    ],
    [
      [
        674.0,
        442.0
      ],
      [
        627.0,
        440.0
      ],
      [
        630.0,
        391.0
      ],
      [
        678.8098754882812,
        395.2279052734375
      ]
    ],
    [
      [
        676.0,
        374.0
      ],
      [
        629.0,
        371.0
      ],
      [
        632.0,
        323.0
      ],
      [
        679.0,
        327.0
      ]
    ],
    [
      [
        612.0,
        302.0
      ],
      [
        564.0,
        299.0
      ],
      [
        567.0,
        252.0
      ],
      [
        615.0,
        256.0
      ]
    ],
    [
      [
        678.0,
        307.0
      ],
      [
        632.0,
        303.0
      ],
      [
        634.0,
        256.0
      ],
      [
        680.0,
        261.0
      ]
    ],
    [
      [
        740.0,
        377.0
      ],
      [
        696.0,
        374.0
      ],
      [
        698.0,
        326.0
      ],
      [
        742.0,
        330.0
      ]
    ],
    [
      [
        738.0,
        443.0
      ],
      [
        693.0,
        440.0
      ],
      [
        696.0,
        394.0
      ],
      [
        741.0,
        396.0
      ]
    ],
    [
      [
        547.0,
        232.0
      ],
      [
        500.0,
        228.0
      ],
      [
        505.0,
        184.0
      ],
      [
        551.0,
        187.0
      ]
    ],
    [
      [
        536.0,
        436.0
      ],
      [
        491.0,
        433.0
      ],
      [
        493.0,
        387.0
      ],
      [
        538.0,
        390.0
      ]
    ],
    [
      [
        614.0,
        236.0
      ],
      [
        567.0,
        232.0
      ],
      [
        571.0,
        188.0
      ],
      [
        617.0,
        192.0
      ]
    ],
    [
      [
        679.0,
        242.0
      ],
      [
        634.0,
        237.0
      ],
      [
        636.0,
        193.0
      ],
      [
        681.0,
        198.0
      ]
    ],
    [
      [
        741.0,
        311.0
      ],
      [
        697.0,
        307.0
      ],
      [
        699.0,
        261.0
      ],
      [
        742.0,
        266.0
      ]
    ],
    [
      [
        799.0,
        379.0
      ],
      [
        758.0,
        376.0
      ],
      [
        760.0,
        330.0
      ],
      [
        801.0,
        334.0
      ]
    ],
    [
      [
        797.0,
        443.0
      ],
      [
        756.0,
        441.0
      ],
      [
        759.0,
        395.0
      ],
      [
        800.0,
        398.0
      ]
    ],
    [
      [
        551.0,
        169.0
      ],
      [
        506.0,
        165.0
      ],
      [
        511.0,
        124.0
      ],
      [
        556.0,
        128.0
      ]
    ],
    [
      [
        741.0,
        248.0
      ],
      [
        698.0,
        243.0
      ],
      [
        701.1396484375,
        197.4755859375
      ],
      [
        742.0,
        205.0
      ]
    ],
    [
      [
        618.0,
        173.0
      ],
      [
        572.0,
        170.0
      ],
      [
        574.0,
        130.0
      ],
      [
        618.0,
        132.0
      ]
    ],
    [
      [
        799.0,
        316.0
      ],
      [
        759.0,
        312.0
      ],
      [
        760.0,
        267.0
      ],
      [
        800.0,
        272.0
      ]
    ],
    [
      [
        681.0,
        179.0
      ],
      [
        637.0,
        176.0
      ],
      [
        637.0,
        136.0
      ],
      [
        680.0,
        139.0
      ]
    ],
    [
      [
        852.0,
        443.0
      ],
      [
        815.0,
        442.0
      ],
      [
        818.0,
        397.0
      ],
      [
        854.0,
        399.0
      ]
    ],
    [
      [
        799.0,
        254.0
      ],
      [
        759.0,
        248.0
      ],
      [
        760.0,
        207.0
      ],
      [
        799.0,
        213.0
      ]
    ],
    [
      [
        741.0,
        187.0
      ],
      [
        699.0,
        181.0
      ],
      [
        700.0,
        142.0
      ],
      [
        741.0,
        149.0
      ]
    ],
    [
      [
        853.0,
        381.0
      ],
      [
        816.0,
        378.0
      ],
      [
        819.0,
        334.0
      ],
      [
        855.0,
        338.0
      ]
    ],
    [
      [
        852.0,
        260.0
      ],
      [
        816.0,
        254.0
      ],
      [
        816.0,
        214.0
      ],
      [
        851.0,
        220.0
      ]
    ],
    [
      [
        903.0,
        382.0
      ],
      [
        870.0,
        380.0
      ],
      [
        871.0,
        338.0
      ],
      [
        904.0,
        342.0
      ]
    ],
    [
      [
        901.0,
        442.0
      ],
      [
        869.0,
        441.0
      ],
      [
        871.0,
        399.0
      ],
      [
        903.0,
        400.0
      ]
    ],
    [
      [
        902.0,
        324.0
      ],
      [
        870.0,
        320.0
      ],
      [
        870.0,
        279.0
      ],
      [
        902.0,
        284.0
      ]
    ],
    [
      [
        849.0,
        203.0
      ],
      [
        814.0,
        196.0
      ],
      [
        813.0,
        159.0
      ],
      [
        848.0,
        166.0
      ]
    ],
    [
      [
        941.0,
        220.0
      ],
      [
        911.0,
        214.0
      ],
      [
        909.0,
        176.0
      ],
      [
        939.0,
        184.0
      ]
    ],
    [
      [
        797.0,
        195.0
      ],
      [
        758.0,
        188.0
      ],
      [
        758.0,
        150.0
      ],
      [
        796.0,
        157.0
      ]
    ]
  ],