{
  "size": [
    1280,
    720
  ],
  "ids0": [
    8,
    16,
    1,
    9,
    24,
    17,
    25,
    2,
    10,
    32,
    18,
    26,
    11,
    3,
    19,
    34,
    27,
    12,
    4,
    35,
    20,
    28
  ],
  "ids1": [
    31,
    23,
    39,
    15,
    30,
    22,
    38,
    7,
    14,
    5,
    20,
    12,
    4,
    19,
    35,
    27,
    11,
    3,
    17,
    25,
    36,
    1
  ],
  "corners0": [
    [
      [
        788.0,
        332.0
      ],
      [
        740.0,
        327.0
      ],
      [
        745.0,
        278.0
      ],
      [
        792.0,
        283.0
      ]
    ],
    [
      [
        792.0,
        263.0
      ],
      [
        745.0,
        258.0
      ],
      [
        748.0,
        210.0
      ],
      [
        795.0,
        216.0
      ]
    ],
    [
      [
        847.0,
        404.0
      ],
      [
        802.0,
        401.0
      ],
      [
        807.0,
        352.0
      ],
      [
        852.0,
        357.0
      ]
    ],
    [
      [
        852.0,
        337.0
      ],
      [
        805.4237060546875,
        330.1461486816406
      ],
      [
        811.0,
        284.0
      ],
      [
        856.0,
        289.0
      ]
    ],
    [
      [
        795.0,
        196.0
      ],
      [
        748.0,
        190.0
      ],
      [
        751.0,
        145.0
      ],
      [
        797.0,
        151.0
      ]
    ],
    [
      [
        854.57568359375,
        271.5103454589844
      ],
      [
        811.0,
        264.0
      ],
      [
        815.0,
        217.0
      ],
      [
        859.0,
        224.0
      ]
    ],
    [
      [
        858.0,
        204.0
      ],
      [
        814.0,
        197.0
      ],
      [
        816.0,
        153.0
      ],
      [
        859.0,
        160.0
      ]
    ],
    [
      [
        906.0,
        407.0
      ],
      [
        865.0,
        404.0
      ],
      [
        870.0,
        357.0
      ],
      [
        911.0,
        361.0
      ]
    ],
    [
      [
        912.0,
        341.0
      ],
      [
        871.0,
        337.0
      ],
      [
        875.0,
        290.0
      ],
      [
        915.0,
        295.0
      ]
    ],
    [
      [
        796.0,
        132.0
      ],
      [
        751.0,
        126.0
      ],
      [
        753.0,
        84.0
      ],
      [
        798.0,
        91.0
      ]
    ],
    [
      [
        915.0,
        276.0
      ],
      [
        874.0,
        270.0
      ],
      [
        877.0,
        224.0
      ],
      [
        917.0,
        231.0
      ]
    ],
    [
      [
        916.0,
        212.0
      ],
      [
        876.0,
        205.0
      ],
      [
        877.0,
        162.0
      ],
      [
        917.0,
        169.0
      ]
    ],
    [
      [
        966.0,
        346.0
      ],
      [
        929.0,
        342.0
      ],
      [
        933.0,
        296.0
      ],
      [
        970.0,
        302.0
      ]
    ],
    [
      [
        961.0,
        409.0
      ],
      [
        924.0,
        407.0
      ],
      [
        929.0,
        361.0
      ],
      [
        966.0,
        365.0
      ]
    ],
    [
      [
        969.0,
        283.0
      ],
      [
        932.0,
        277.0
      ],
      [
        935.0,
        232.0
      ],
      [
        971.0,
        239.0
      ]
    ],
    [
      [
        915.0,
        151.0
      ],
      [
        877.0,
        143.0
      ],
      [
        877.0,
        102.0
      ],
      [
        915.0,
        110.0
      ]
    ],
    [
      [
        970.0,
        220.0
      ],
      [
        934.0,
        214.0
      ],
      [
        935.0,
        171.0
      ],
      [
        970.0,
        179.0
      ]
    ],
    [
      [
        1015.0,
        350.0
      ],
      [
        982.0,
        346.0
      ],
      [
        986.0,
        302.0
      ],
      [
        1018.0,
        307.0
      ]
    ],
    [
      [
        1009.0,
        411.0
      ],
      [
        977.0,
        409.0
      ],
      [
        982.0,
        365.0
      ],
      [
        1015.0,
        369.0
      ]
    ],
    [
      [
        969.0,
        160.0
      ],
      [
        933.0,
        153.0
      ],
      [
        933.0,
        113.0
      ],
      [
        968.0,
        122.0
      ]
    ],
    [
      [
        1018.0,
        289.0
      ],
      [
        985.0,
        283.0
      ],
      [
        987.0,
        241.0
      ],
      [
        1020.0,
        248.0
      ]
    ],
    [
      [
        1018.0,
        229.0
      ],
      [
        986.0,
        222.0
      ],
      [
        987.0,
        181.0
      ],
      [
        1019.0,
        189.0
      ]
    ]
  ],