{
  "size": [
    1280,
    720
  ],
  "ids0": [
    1,
    0,
    2,
    8,
    9,
    10,
    3,
    17,
    16,
    11,
    18,
    4,
    12,
    19,
    24,
    25,
    26,
    27,
    20,
    6,
    5,
    32,
    13,
    33,
    28,
    34,
    21,
    35,
    29,
    23
  ],
  "ids1": [
    39,
    23,
    38,
    30,
    15,
    22,
    37,
    29,
    14,
    7,
    21,
    6,
    13,
    12,
    20,
    5,
    26,
    10
  ],
  "corners0": [
    [
      [
        722.7720336914062,
        429.7646789550781
      ],
      [
        686.0,
        416.0
      ],
      [
        698.0,
        377.0
      ],
      [
        737.0,
        389.0
      ]
    ],
    [
      [
        668.0,
        410.0
      ],
      [
        629.0,
        398.0
      ],
      [
        642.0,
        360.0
      ],
      [
        681.0,
        372.0
      ]
    ],
    [
      [
        780.0,
        444.0
      ],
      [
        742.0,
        432.0
      ],
      [
        754.0,
        393.0
      ],
      [
        793.8971557617188,
        407.6084899902344
      ]
    ],
    [
      [
        686.0,
        354.0
      ],
      [
        647.0,
        342.0
      ],
      [
        659.0,
        304.0
      ],
      [
        699.6459350585938,
        318.2398681640625
      ]
    ],
    [
      [
        742.0,
        371.0
      ],
      [
        703.0,
        359.0
      ],
      [
        715.0,
        321.0
      ],
      [
        753.0,
        333.0
      ]
    ],
    [
      [
        796.0,
        388.0
      ],
      [
        759.0,
        376.0
      ],
      [
        770.0,
        338.0
      ],
      [
        807.0,
        350.0
      ]
    ],
    [
      [
        833.0,
        460.0
      ],
      [
        797.0,
        449.0
      ],
      [
        809.0,
        410.0
      ],
      [
        845.0,
        421.0
      ]
    ],
    [
      [
        757.0,
        316.0
      ],
      [
        719.0,
        303.0
      ],
      [
        731.0,
        267.0
      ],
      [
        768.0,
        279.0
      ]
    ],
    [
      [
        702.0,
        299.0
      ],
      [
        664.0,
        287.0
      ],
      [
        676.0,
        251.0
      ],
      [
        713.0,
        262.0
      ]
    ],
    [
      [
        849.0,
        404.0
      ],
      [
        813.0,
        393.0
      ],
      [
        824.0,
        355.0
      ],
      [
        860.0,
        367.0
      ]
    ],
    [
      [
        811.0,
        333.0
      ],
      [
        774.0,
        320.0
      ],
      [
        785.0,
        284.0
      ],
      [
        821.0,
        296.0
      ]
    ],
    [
      [
        884.0,
        474.0
      ],
      [
        850.0,
        464.0
      ],
      [
        862.0,
        425.0
      ],
      [
        895.0,
        436.0
      ]
    ],
    [
      [
        899.0,
        420.0
      ],
      [
        865.0,
        409.0
      ],
      [
        875.0,
        371.0
      ],
      [
        909.0,
        382.0
      ]
    ],
    [
      [
        863.0,
        350.0
      ],
      [
        828.0,
        338.0
      ],
      [
        838.0,
        301.0
      ],
      [
        873.0,
        314.0
      ]
    ],
    [
      [
        717.0,
        246.0
      ],
      [
        680.0,
        234.0
      ],
      [
        692.0,
        200.0
      ],
      [
        728.0,
        211.0
      ]
    ],
    [
      [
        772.0,
        262.0
      ],
      [
        735.0,
        251.0
      ],
      [
        745.0,
        216.0
      ],
      [
        781.0,
        228.0
      ]
    ],
    [
      [
        824.0,
        280.0
      ],
      [
        789.0,
        267.0
      ],
      [
        799.0,
        232.0
      ],
      [
        834.0,
        245.0
      ]
    ],
    [
      [
        876.0,
        297.0
      ],
      [
        841.0,
        284.0
      ],
      [
        850.0,
        250.0
      ],
      [
        884.0,
        262.0
      ]
    ],
    [
      [
        912.0,
        366.0
      ],
      [
        879.0,
        354.0
      ],
      [
        888.0,
        318.0
      ],
      [
        921.0,
        330.0
      ]
    ],
    [
      [
        976.0,
        501.0
      ],
      [
        945.0,
        492.0
      ],
      [
        957.0,
        453.0
      ],
      [
        987.0,
        463.0
      ]
    ],
    [
      [
        931.0,
        488.0
      ],
      [
        900.0,
        478.0
      ],
      [
        911.0,
        441.0
      ],
      [
        942.0,
        451.0
      ]
    ],
    [
      [
        733.0,
        195.0
      ],
      [
        696.0,
        184.0
      ],
      [
        706.0,
        153.0
      ],
      [
        742.0,
        164.0
      ]
    ],
    [
      [
        946.0,
        434.0
      ],
      [
        915.0,
        424.0
      ],
      [
        925.0,
        387.0
      ],
      [
        955.0,
        397.0
      ]
    ],
    [
      [
        785.0,
        211.0
      ],
      [
        749.0,
        199.0
      ],
      [
        759.0,
        168.0
      ],
      [
        794.0,
        180.0
      ]
    ],
    [
      [
        924.0,
        314.0
      ],
      [
        891.0,
        301.0
      ],
      [
        900.0,
        267.0
      ],
      [
        931.0,
        279.0
      ]
    ],
    [
      [
        836.0,
        229.0
      ],
      [
        802.0,
        216.0
      ],
      [
        811.0,
        184.0
      ],
      [
        845.0,
        197.0
      ]
    ],
    [
      [
        959.0,
        381.0
      ],
      [
        928.0,
        371.0
      ],
      [
        936.0,
        335.0
      ],
      [
        967.0,
        347.0
      ]
    ],
    [
      [
        886.0,
        246.0
      ],
      [
        853.0,
        234.0
      ],
      [
        861.0,
        201.0
      ],
      [
        893.0,
        213.0
      ]
    ],
    [
      [
        969.0,
        330.0
      ],
      [
        939.0,
        318.0
      ],
      [
        947.0,
        284.0
      ],
      [
        976.0,
        296.0
      ]
    ],
    [
      [
        1041.0,
        411.0
      ],
      [
        1014.0,
        401.0
      ],
      [
        1022.0,
        365.0
      ],
      [
        1049.0,
        376.0
      ]
    ]
  ],