{
  "size": [
    1280,
    720
  ],
  "ids0": [
    24,
    16,
    32,
    0,
    8,
    33,
    9,
    1,
    18,
    34,
    10,
    2,
    27,
    19,
    35,
    11,
    12,
    3
  ],
  "ids1": [
    23,
    39,
    29,
    38,
    22,
    31,
    21,
    37,
    15,
    28,
    13,
    20,
    12,
    6,
    7,
    27,
    5,
    19,
    35,
    4,
    11,
    17,
    34,
    26,
    18,
    3,
    32,
    10,
    24,
    36
  ],
  "corners0": [
    [
      [
        459.0,
        246.0
      ],
      [
        407.0,
        256.0
      ],
      [
        400.0,
        190.0
      ],
      [
        453.0,
        185.0
      ]
    ],
    [
      [
        468.0,
        335.0
      ],
      [
        417.0,
        349.0
      ],
      [
        409.0,
        285.0
      ],
      [
        461.0,
        275.0
      ]
    ],
    [
      [
        451.0,
        157.0
      ],
      [
        398.0,
        160.0
      ],
      [
        395.0,
        96.0
      ],
      [
        448.0,
        97.0
      ]
    ],
    [
      [
        490.0,
        500.0
      ],
      [
        442.0,
        520.0
      ],
      [
        431.0,
        463.0
      ],
      [
        482.0,
        445.0
      ]
    ],
    [
      [
        477.0,
        421.0
      ],
      [
        430.0,
        437.0
      ],
      [
        420.0,
        378.0
      ],
      [
        470.0,
        364.0
      ]
    ],
    [
      [
        522.0,
        156.0
      ],
      [
        474.0,
        157.0
      ],
      [
        471.0,
        95.0
      ],
      [
        519.0,
        97.0
      ]
    ],
    [
      [
        544.0,
        400.0
      ],
      [
        501.35382080078125,
        417.82232666015625
      ],
      [
        492.0,
        356.0
      ],
      [
        538.0,
        344.0
      ]
    ],
    [
      [
        551.0,
        473.0
      ],
      [
        509.0,
        492.0
      ],
      [
        502.0,
        438.0
      ],
      [
        545.0,
        422.0
      ]
    ],
    [
      [
        594.0,
        306.0
      ],
      [
        555.0,
        317.0
      ],
      [
        549.0,
        260.0
      ],
      [
        589.0,
        252.0
      ]
    ],
    [
      [
        581.0,
        155.0
      ],
      [
        541.0,
        154.0
      ],
      [
        539.0,
        97.0
      ],
      [
        579.0,
        101.0
      ]
    ],
    [
      [
        599.0,
        381.0
      ],
      [
        562.0,
        394.0
      ],
      [
        556.0,
        339.0
      ],
      [
        594.0,
        328.0
      ]
    ],
    [
      [
        604.0,
        449.0
      ],
      [
        570.5867309570312,
        467.9894714355469
      ],
      [
        563.0,
        416.0
      ],
      [
        600.0,
        402.0
      ]
    ],
    [
      [
        638.0,
        224.0
      ],
      [
        605.0,
        229.0
      ],
      [
        600.0,
        176.0
      ],
      [
        634.0,
        174.0
      ]
    ],
    [
      [
        643.0,
        295.0
      ],
      [
        611.3231201171875,
        305.7692565917969
      ],
      [
        605.0,
        251.0
      ],
      [
        638.0,
        245.0
      ]
    ],
    [
      [
        632.0,
        154.0
      ],
      [
        599.0,
        153.0
      ],
      [
        596.0,
        101.0
      ],
      [
        630.0,
        105.0
      ]
    ],
    [
      [
        647.0,
        363.0
      ],
      [
        616.0,
        375.0
      ],
      [
        611.0,
        325.0
      ],
      [
        643.0,
        315.0
      ]
    ],
    [
      [
        689.0,
        350.0
      ],
      [
        660.0,
        361.0
      ],
      [
        657.0,
        311.0
      ],
      [
        686.0,
        303.0
      ]
    ],
    [
      [
        650.0,
        428.0
      ],
      [
        620.0,
        443.0
      ],
      [
        616.0,
        396.0
      ],
      [
        647.0,
        384.0
      ]
    ]
  ],