{
  "size": [
    1280,
    720
  ],
  "ids0": [
    16,
    8,
    17,
    9,
    24,
    25,
    0,
    33,
    18,
    10,
    2,
    34,
    19,
    11,
    27,
    3,
    35,
    22
  ],
  "ids1": [
    23,
    15,
    31,
    38,
    7,
    13,
    22,
    21,
    14,
    5,
    39,
    30,
    6,
    37,
    20,
    12,
    4,
    11,
    27,
    35,
    10,
    26,
    18,
    34,
    1,
    0,
    32,
    36,
    28
  ],
  "corners0": [
    [
      [
        710.0,
        399.0
      ],
      [
        660.0,
        409.0
      ],
      [
        649.0,
        352.0
      ],
      [
        699.0,
        344.0
      ]
    ],
    [
      [
        723.0,
        480.0
      ],
      [
        674.0,
        493.0
      ],
      [
        663.0,
        437.0
      ],
      [
        713.0,
        425.0
      ]
    ],
    [
      [
        780.0,
        387.0
      ],
      [
        734.1597290039062,
        399.58111572265625
      ],
      [
        721.0,
        340.0
      ],
      [
        768.0,
        332.0
      ]
    ],
    [
      [
        792.0,
        464.0
      ],
      [
        746.0,
        477.0
      ],
      [
        735.0,
        420.0
      ],
      [
        780.9678344726562,
        407.3229064941406
      ]
    ],
    [
      [
        695.0,
        318.0
      ],
      [
        645.0,
        325.0
      ],
      [
        635.0,
        270.0
      ],
      [
        684.0,
        265.0
      ]
    ],
    [
      [
        765.0,
        311.0
      ],
      [
        718.0,
        318.0
      ],
      [
        706.0,
        262.0
      ],
      [
        753.0,
        257.0
      ]
    ],
    [
      [
        735.0,
        557.0
      ],
      [
        687.0,
        572.0
      ],
      [
        678.0,
        519.0
      ],
      [
        727.0,
        506.0
      ]
    ],
    [
      [
        751.6347045898438,
        234.6130828857422
      ],
      [
        703.0,
        240.0
      ],
      [
        691.0,
        188.0
      ],
      [
        738.0,
        186.0
      ]
    ],
    [
      [
        838.0,
        376.0
      ],
      [
        798.0,
        385.0
      ],
      [
        787.0,
        331.0
      ],
      [
        828.0,
        324.0
      ]
    ],
    [
      [
        850.0,
        448.0
      ],
      [
        812.030029296875,
        461.7132873535156
      ],
      [
        801.0,
        406.0
      ],
      [
        840.0,
        396.0
      ]
    ],
    [
      [
        859.0,
        518.0
      ],
      [
        821.0,
        533.0
      ],
      [
        813.0,
        481.0
      ],
      [
        852.0,
        468.0
      ]
    ],
    [
      [
        809.0,
        233.0
      ],
      [
        768.0,
        236.0
      ],
      [
        756.0,
        187.0
      ],
      [
        797.0,
        186.0
      ]
    ],
    [
      [
        889.0,
        366.0
      ],
      [
        855.0,
        373.0
      ],
      [
        845.0,
        322.0
      ],
      [
        879.0,
        317.0
      ]
    ],
    [
      [
        900.0,
        434.0
      ],
      [
        867.74267578125,
        445.8714904785156
      ],
      [
        857.0,
        394.0
      ],
      [
        890.037353515625,
        383.2287902832031
      ]
    ],
    [
      [
        876.0,
        297.0
      ],
      [
        842.0,
        303.0
      ],
      [
        830.0,
        253.0
      ],
      [
        864.0,
        250.0
      ]
    ],
    [
      [
        908.0,
        500.0
      ],
      [
        876.0,
        513.0
      ],
      [
        869.0,
        464.0
      ],
      [
        902.0,
        453.0
      ]
    ],
    [
      [
        861.0,
        231.0
      ],
      [
        827.0,
        234.0
      ],
      [
        814.0,
        187.0
      ],
      [
        849.0,
        187.0
      ]
    ],
    [
      [
        1005.0,
        342.0
      ],
      [
        983.0,
        347.0
      ],
      [
        974.0,
        304.0
      ],
      [
        996.0,
        300.0
      ]
    ]
  ],