{
  "size": [
    1280,
    720
  ],
  "ids0": [
    0,
    24,
    9,
    17,
    1,
    32,
    25,
    16,
    10,
    18,
    2,
    33,
    26,
    34,
    11,
    3,
    35,
    12,
    4,
    28,
    30,
    38,
    20
  ],
  "ids1": [
    31,
    39,
    38,
    23,
    7,
    15,
    37,
    21,
    13,
    28,
    5,
    20,
    12,
    4,
    27,
    35,
    19,
    11,
    34,
    18,
    3,
    33,
    17,
    9
  ],
  "corners0": [
    [
      [
        704.0,
        412.0
      ],
      [
        655.0,
        409.0
      ],
      [
        660.0,
        359.0
      ],
      [
        709.0,
        362.0
      ]
    ],
    [
      [
        719.0,
        200.0
      ],
      [
        670.0,
        194.0
      ],
      [
        674.0,
        145.0
      ],
      [
        724.7325439453125,
        153.6609344482422
      ]
    ],
    [
      [
        776.0,
        345.0
      ],
      [
        730.0,
        342.0
      ],
      [
        735.0,
        291.0
      ],
      [
        781.0,
        297.0
      ]
    ],
    [
      [
        781.0,
        276.0
      ],
      [
        735.0,
        271.0
      ],
      [
        739.0,
        221.0
      ],
      [
        785.0,
        228.0
      ]
    ],
    [
      [
        769.0,
        414.0
      ],
      [
        724.0,
        411.0
      ],
      [
        729.0,
        362.0
      ],
      [
        775.0,
        365.0
      ]
    ],
    [
      [
        723.0,
        131.0
      ],
      [
        674.0,
        124.0
      ],
      [
        678.0,
        79.0
      ],
      [
        725.0,
        86.0
      ]
    ],
    [
      [
        785.0,
        207.0
      ],
      [
        739.0,
        201.0
      ],
      [
        743.0,
        153.0
      ],
      [
        788.0,
        161.0
      ]
    ],
    [
      [
        713.0,
        268.0
      ],
      [
        667.0,
        263.0
      ],
      [
        672.0,
        216.0
      ],
      [
        717.0,
        222.0
      ]
    ],
    [
      [
        836.0,
        349.0
      ],
      [
        795.0,
        345.0
      ],
      [
        800.0,
        297.0
      ],
      [
        842.0,
        302.0
      ]
    ],
    [
      [
        842.0,
        282.0
      ],
      [
        800.0,
        277.0
      ],
      [
        804.0,
        229.0
      ],
      [
        845.0,
        235.0
      ]
    ],
    [
      [
        830.0,
        415.0
      ],
      [
        789.0,
        413.0
      ],
      [
        794.0,
        365.0
      ],
      [
        836.0,
        368.0
      ]
    ],
    [
      [
        787.0,
        141.0
      ],
      [
        743.0,
        134.0
      ],
      [
        745.0,
        89.0
      ],
      [
        789.0,
        97.0
      ]
    ],
    [
      [
        845.0,
        216.0
      ],
      [
        804.0,
        209.0
      ],
      [
        807.0,
        162.0
      ],
      [
        848.0,
        171.0
      ]
    ],
    [
      [
        847.0,
        151.0
      ],
      [
        806.0,
        143.0
      ],
      [
        808.0,
        100.0
      ],
      [
        848.0,
        108.0
      ]
    ],
    [
      [
        892.0,
        352.0
      ],
      [
        855.0,
        349.0
      ],
      [
        859.0,
        302.0
      ],
      [
        897.0,
        307.0
      ]
    ],
    [
      [
        885.0,
        415.0
      ],
      [
        848.0,
        414.0
      ],
      [
        854.0,
        368.0
      ],
      [
        891.0,
        371.0
      ]
    ],
    [
      [
        900.0,
        162.0
      ],
      [
        865.0,
        154.0
      ],
      [
        866.0,
        111.0
      ],
      [
        902.0,
        121.0
      ]
    ],
    [
      [
        941.0,
        355.0
      ],
      [
        909.0,
        352.0
      ],
      [
        913.0,
        307.0
      ],
      [
        946.0,
        312.0
      ]
    ],
    [
      [
        934.0,
        416.0
      ],
      [
        902.0,
        415.0
      ],
      [
        908.0,
        370.0
      ],
      [
        940.0,
        373.0
      ]
    ],
    [
      [
        949.0,
        232.0
      ],
      [
        916.0,
        225.0
      ],
      [
        918.0,
        183.0
      ],
      [
        951.0,
        191.0
      ]
    ],
    [
      [
        1033.436279296875,
        249.7904815673828
      ],
      [
        1005.0087890625,
        241.13287353515625
      ],
      [
        1007.0,
        201.0
      ],
      [
        1034.0,
        208.0
      ]
    ],
    [
      [
        1033.0,
        194.0
      ],
      [
        1007.0,
        186.0
      ],
      [
        1007.0,
        146.0
      ],
      [
        1033.0,
        155.0
      ]
    ],
    [
      [
        946.0,
        293.0
      ],
      [
        913.0,
        288.0
      ],
      [
        917.0,
        244.0
      ],
      [
        950.0,
        251.0
      ]
    ]
  ],