{
  "size": [
    1280,
    720
  ],
  "ids0": [
    8,
    16,
    9,
    0,
    17,
    1,
    24,
    25,
    33,
    10,
    2,
    26,
    34,
    11,
    3,
    27,
    35,
    13
  ],
  "ids1": [
    30,
    23,
    15,
    31,
    38,
    21,
    7,
    29,
    22,
    5,
    39,
    6,
    37,
    20,
    12,
    4,
    19,
    27,
    3,
    35,
    18,
    10,
    17,
    1,
    25,
    8,
    24,
    0,
    32,
    36,
    11
  ],
  "corners0": [
    [
      [
        695.0,
        396.0
      ],
      [
        647.0,
        404.0
      ],
      [
        639.0,
        348.0
      ],
      [
        688.0,
        342.0
      ]
    ],
    [
      [
        687.0,
        316.0
      ],
      [
        638.0,
        322.0
      ],
      [
        630.0,
        267.0
      ],
      [
        679.0,
        263.0
      ]
    ],
    [
      [
        764.0,
        388.0
      ],
      [
        718.8359985351562,
        397.55902099609375
      ],
      [
        711.0,
        339.0
      ],
      [
        757.0,
        334.0
      ]
    ],
    [
      [
        703.0,
        473.0
      ],
      [
        655.0,
        484.0
      ],
      [
        648.0,
        430.0
      ],
      [
        697.0,
        422.0
      ]
    ],
    [
      [
        757.54443359375,
        311.3503723144531
      ],
      [
        709.0,
        317.0
      ],
      [
        702.0,
        261.0
      ],
      [
        748.0,
        259.0
      ]
    ],
    [
      [
        770.0,
        462.0
      ],
      [
        725.0,
        473.0
      ],
      [
        719.0,
        417.0
      ],
      [
        765.0,
        409.0
      ]
    ],
    [
      [
        677.0,
        238.0
      ],
      [
        629.0,
        241.0
      ],
      [
        622.0,
        189.0
      ],
      [
        670.0,
        188.0
      ]
    ],
    [
      [
        746.0,
        238.0
      ],
      [
        700.0,
        240.0
      ],
      [
        692.0,
        187.0
      ],
      [
        738.0,
        187.0
      ]
    ],
    [
      [
        737.5371704101562,
        165.162841796875
      ],
      [
        690.0,
        166.0
      ],
      [
        682.0,
        117.0
      ],
      [
        726.0,
        119.0
      ]
    ],
    [
      [
        822.0,
        379.0
      ],
      [
        782.0,
        386.0
      ],
      [
        776.0,
        333.0
      ],
      [
        816.0,
        328.0
      ]
    ],
    [
      [
        828.0,
        449.0
      ],
      [
        789.0,
        459.0
      ],
      [
        783.0,
        407.0
      ],
      [
        823.0,
        399.0
      ]
    ],
    [
      [
        803.0,
        239.0
      ],
      [
        763.0,
        237.0
      ],
      [
        758.0,
        188.0
      ],
      [
        798.0,
        191.0
      ]
    ],
    [
      [
        792.0,
        171.0
      ],
      [
        753.0,
        167.0
      ],
      [
        747.0,
        121.0
      ],
      [
        786.0,
        126.0
      ]
    ],
    [
      [
        873.0,
        371.0
      ],
      [
        839.0,
        377.0
      ],
      [
        833.0,
        327.0
      ],
      [
        867.0,
        323.0
      ]
    ],
    [
      [
        879.0,
        437.0
      ],
      [
        846.6488647460938,
        447.8211669921875
      ],
      [
        840.0,
        397.0
      ],
      [
        874.0,
        390.0
      ]
    ],
    [
      [
        855.0,
        238.0
      ],
      [
        821.0,
        237.0
      ],
      [
        815.0,
        190.0
      ],
      [
        849.0,
        193.0
      ]
    ],
    [
      [
        844.0,
        174.0
      ],
      [
        810.0,
        170.0
      ],
      [
        803.0,
        127.0
      ],
      [
        838.0,
        133.0
      ]
    ],
    [
      [
        957.0,
        358.0
      ],
      [
        931.0,
        363.0
      ],
      [
        925.0,
        317.0
      ],
      [
        952.0,
        314.0
      ]
    ]
  ],