{
  "size": [
    1280,
    720
  ],
  "ids0": [
    2,
    1,
    3,
    0,
    10,
    9,
    11,
    12,
    8,
    5,
    17,
    18,
    19,
    13,
    16,
    20,
    6,
    26,
    25,
    21,
    14,
    27,
    24,
    28,
    7,
    22,
    29,
    15,
    35,
    32,
    23,
    30,
    34,
    36
  ],
  "ids1": [
    31,
    23,
    39,
    15,
    7,
    30,
    22,
    38,
    14,
    6,
    5,
    20,
    4
  ],
  "corners0": [
    [
      [
        737.0,
        411.0
      ],
      [
        692.0,
        401.0
      ],
      [
        701.0,
        358.0
      ],
      [
        746.0,
        368.0
      ]
    ],
    [
      [
        673.0,
        398.0
      ],
      [
        628.0,
        388.0
      ],
      [
        639.0,
        345.0
      ],
      [
        683.0,
        355.0
      ]
    ],
    [
      [
        799.0,
        424.0
      ],
      [
        755.0,
        414.0
      ],
      [
        765.0,
        370.0
      ],
      [
        808.0,
        380.0
      ]
    ],
    [
      [
        609.0,
        385.0
      ],
      [
        567.0,
        376.0
      ],
      [
        578.0,
        333.0
      ],
      [
        620.0,
        342.0
      ]
    ],
    [
      [
        748.0,
        349.0
      ],
      [
        705.0,
        339.0
      ],
      [
        714.0,
        297.0
      ],
      [
        757.0,
        307.0
      ]
    ],
    [
      [
        686.0,
        336.0
      ],
      [
        642.0,
        326.0
      ],
      [
        652.0,
        286.0
      ],
      [
        695.0,
        294.0
      ]
    ],
    [
      [
        810.0,
        361.0
      ],
      [
        767.0,
        352.0
      ],
      [
        775.0,
        310.0
      ],
      [
        819.5621337890625,
        321.0971374511719
      ]
    ],
    [
      [
        868.7953491210938,
        375.7317199707031
      ],
      [
        828.0,
        364.0
      ],
      [
        836.0,
        322.0
      ],
      [
        876.0,
        332.0
      ]
    ],
    [
      [
        623.0,
        324.0
      ],
      [
        582.0,
        315.0
      ],
      [
        592.0,
        275.0
      ],
      [
        634.0,
        283.0
      ]
    ],
    [
      [
        917.0,
        447.0
      ],
      [
        878.0,
        438.0
      ],
      [
        885.0,
        395.0
      ],
      [
        925.0,
        404.0
      ]
    ],
    [
      [
        698.0,
        277.0
      ],
      [
        656.0,
        268.0
      ],
      [
        665.0,
        230.0
      ],
      [
        707.0,
        238.0
      ]
    ],
    [
      [
        759.0,
        289.0
      ],
      [
        717.0,
        280.0
      ],
      [
        725.0,
        241.0
      ],
      [
        766.0,
        250.0
      ]
    ],
    [
      [
        818.27392578125,
        303.5852355957031
      ],
      [
        775.4522094726562,
        289.4971923828125
      ],
      [
        785.0,
        253.0
      ],
      [
        827.544189453125,
        264.859130859375
      ]
    ],
    [
      [
        926.0,
        385.0
      ],
      [
        887.0,
        376.0
      ],
      [
        894.0,
        335.0
      ],
      [
        933.5225830078125,
        346.98779296875
      ]
    ],
    [
      [
        637.0,
        265.0
      ],
      [
        596.0,
        257.0
      ],
      [
        606.0,
        220.0
      ],
      [
        647.0,
        227.0
      ]
    ],
    [
      [
        877.0,
        314.0
      ],
      [
        837.0,
        304.0
      ],
      [
        844.0,
        265.0
      ],
      [
        883.0,
        276.0
      ]
    ],
    [
      [
        971.0,
        456.0
      ],
      [
        935.0,
        449.0
      ],
      [
        942.0,
        406.0
      ],
      [
        977.0,
        414.0
      ]
    ],
    [
      [
        768.0,
        233.0
      ],
      [
        728.0,
        224.0
      ],
      [
        735.0,
        188.0
      ],
      [
        775.0,
        197.0
      ]
    ],
    [
      [
        709.0,
        221.0
      ],
      [
        668.0,
        212.0
      ],
      [
        677.0,
        178.0
      ],
      [
        717.0,
        185.0
      ]
    ],
    [
      [
        932.0,
        327.0
      ],
      [
        895.0,
        317.0
      ],
      [
        900.0,
        278.0
      ],
      [
        937.0,
        289.0
      ]
    ],
    [
      [
        978.0,
        397.0
      ],
      [
        943.0,
        388.0
      ],
      [
        949.0,
        347.0
      ],
      [
        984.0,
        357.0
      ]
    ],
    [
      [
        827.0,
        245.0
      ],
      [
        787.0,
        236.0
      ],
      [
        793.0,
        200.0
      ],
      [
        832.0,
        209.0
      ]
    ],
    [
      [
        650.0,
        210.0
      ],
      [
        610.0,
        203.0
      ],
      [
        620.0,
        169.0
      ],
      [
        659.0,
        175.0
      ]
    ],
    [
      [
        883.0,
        258.0
      ],
      [
        845.0,
        248.0
      ],
      [
        850.0,
        212.0
      ],
      [
        887.0,
        222.0
      ]
    ],
    [
      [
        1019.0,
        466.0
      ],
      [
        987.0,
        458.0
      ],
      [
        994.0,
        417.0
      ],
      [
        1026.0,
        425.0
      ]
    ],
    [
      [
        984.0,
        339.0
      ],
      [
        949.0,
        329.0
      ],
      [
        953.0,
        292.0
      ],
      [
        987.0,
        301.0
      ]
    ],
    [
      [
        937.0,
        271.0
      ],
      [
        901.0,
        261.0
      ],
      [
        904.0,
        226.0
      ],
      [
        940.0,
        235.0
      ]
    ],
    [
      [
        1027.0,
        407.0
      ],
      [
        995.0,
        400.0
      ],
      [
        1000.0,
        360.0
      ],
      [
        1031.0,
        368.0
      ]
    ],
    [
      [
        833.0,
        193.0
      ],
      [
        795.0,
        184.0
      ],
      [
        800.0,
        151.0
      ],
      [
        837.0,
        160.0
      ]
    ],
    [
      [
        662.0,
        159.0
      ],
      [
        624.0,
        153.0
      ],
      [
        633.0,
        122.0
      ],
      [
        670.0,
        128.0
      ]
    ],
    [
      [
        1031.0,
        351.0
      ],
      [
        1000.0,
        342.0
      ],
      [
        1003.0,
        305.0
      ],
      [
        1034.0,
        314.0
      ]
    ],
    [
      [
        987.0,
        284.0
      ],
      [
        954.0,
        274.0
      ],
      [
        957.0,
        239.0
      ],
      [
        989.0,
        249.0
      ]
    ],
    [
      [
        777.0,
        180.0
      ],
      [
        737.0,
        171.0
      ],
      [
        744.0,
        140.0
      ],
      [
        782.0,
        148.0
      ]
    ],
    [
      [
        888.0,
        205.0
      ],
      [
        851.0,
        196.0
      ],
      [
        855.0,
        163.0
      ],
      [
        891.0,
        173.0
      ]
    ]
  ],