{
  "size": [
    1280,
    720
  ],
  "ids0": [
    32,
    16,
    8,
    17,
    24,
    0,
    1,
    33,
    10,
    18,
    26,
    2,
    34,
    19,
    11,
    27,
    3,
    35,
    6
  ],
  "ids1": [
    23,
    15,
    31,
    38,
    7,
    21,
    13,
    22,
    14,
    5,
    39,
    30,
    6,
    37,
    20,
    12,
    28,
    4,
    19,
    11,
    27,
    3,
    35,
    18,
    10,
    17,
    32,
    0
  ],
  "corners0": [
    [
      [
        678.0,
        240.0
      ],
      [
        624.0,
        245.0
      ],
      [
        614.0,
        190.0
      ],
      [
        667.0,
        187.0
      ]
    ],
    [
      [
        705.0,
        397.0
      ],
      [
        654.0,
        407.0
      ],
      [
        644.0,
        350.0
      ],
      [
        694.0,
        343.0
      ]
    ],
    [
      [
        718.0,
        477.0
      ],
      [
        668.0,
        490.0
      ],
      [
        658.0,
        434.0
      ],
      [
        708.0,
        423.0
      ]
    ],
    [
      [
        775.0,
        386.0
      ],
      [
        727.0,
        396.0
      ],
      [
        716.0,
        339.0
      ],
      [
        764.0,
        331.0
      ]
    ],
    [
      [
        690.0,
        317.0
      ],
      [
        640.0,
        324.0
      ],
      [
        630.0,
        269.0
      ],
      [
        680.0,
        264.0
      ]
    ],
    [
      [
        729.0,
        555.0
      ],
      [
        681.0,
        569.0
      ],
      [
        672.0,
        516.0
      ],
      [
        720.0,
        503.0
      ]
    ],
    [
      [
        797.0,
        536.0
      ],
      [
        752.0,
        551.0
      ],
      [
        743.0,
        496.0
      ],
      [
        789.0,
        484.0
      ]
    ],
    [
      [
        747.5697021484375,
        233.8094482421875
      ],
      [
        698.0,
        239.0
      ],
      [
        687.0,
        187.0
      ],
      [
        734.0,
        185.0
      ]
    ],
    [
      [
        846.0,
        446.0
      ],
      [
        805.0,
        458.0
      ],
      [
        796.0,
        405.0
      ],
      [
        837.0,
        395.0
      ]
    ],
    [
      [
        834.0,
        374.0
      ],
      [
        793.0,
        383.0
      ],
      [
        783.0,
        329.0
      ],
      [
        824.0,
        323.0
      ]
    ],
    [
      [
        821.0,
        302.0
      ],
      [
        779.0,
        308.0
      ],
      [
        768.0,
        256.0
      ],
      [
        809.0,
        252.0
      ]
    ],
    [
      [
        855.0,
        516.0
      ],
      [
        816.0,
        531.0
      ],
      [
        808.0,
        479.0
      ],
      [
        847.0,
        467.0
      ]
    ],
    [
      [
        805.0,
        232.0
      ],
      [
        764.0,
        235.0
      ],
      [
        753.0,
        186.0
      ],
      [
        793.0,
        185.0
      ]
    ],
    [
      [
        886.0,
        364.0
      ],
      [
        851.0,
        372.0
      ],
      [
        841.0,
        321.0
      ],
      [
        876.0,
        316.0
      ]
    ],
    [
      [
        896.0,
        432.0
      ],
      [
        863.0,
        443.0
      ],
      [
        853.0,
        393.0
      ],
      [
        888.0,
        384.0
      ]
    ],
    [
      [
        873.0,
        296.0
      ],
      [
        838.0,
        302.0
      ],
      [
        826.0,
        252.0
      ],
      [
        861.0,
        249.0
      ]
    ],
    [
      [
        905.0,
        498.0
      ],
      [
        871.0,
        511.0
      ],
      [
        864.0,
        463.0
      ],
      [
        898.0,
        451.0
      ]
    ],
    [
      [
        859.6306762695312,
        228.68576049804688
      ],
      [
        822.0,
        232.0
      ],
      [
        811.0,
        186.0
      ],
      [
        846.0,
        186.0
      ]
    ],
    [
      [
        1019.0,
        453.0
      ],
      [
        997.0,
        463.0
      ],
      [
        992.0,
        420.0
      ],
      [
        1014.0,
        412.0
      ]
    ]
  ],