{
  "size": [
    1280,
    720
  ],
  "ids0": [
    24,
    8,
    32,
    16,
    17,
    0,
    9,
    26,
    34,
    18,
    10,
    2,
    27,
    19,
    35
  ],
  "ids1": [
    29,
    38,
    31,
    39,
    30,
    37,
    23,
    21,
    22,
    14,
    15,
    13,
    27,
    12,
    35,
    19,
    6,
    5,
    7,
    11,
    25,
    17,
    4,
    18,
    32,
    3,
    10,
    24,
    36,
    20,
    28,
    34
  ],
  "corners0": [
    [
      [
        467.0,
        263.0
      ],
      [
        417.0,
        272.0
      ],
      [
        410.0,
        207.0
      ],
      [
        462.0,
        201.0
      ]
    ],
    [
      [
        487.0,
        434.0
      ],
      [
        437.0,
        453.0
      ],
      [
        428.0,
        391.0
      ],
      [
        477.91387939453125,
        373.2099304199219
      ]
    ],
    [
      [
        460.0,
        173.0
      ],
      [
        408.0,
        176.0
      ],
      [
        406.0,
        112.0
      ],
      [
        457.0,
        113.0
      ]
    ],
    [
      [
        475.0,
        351.0
      ],
      [
        427.0,
        364.0
      ],
      [
        419.0,
        301.0
      ],
      [
        469.0,
        290.0
      ]
    ],
    [
      [
        542.0,
        334.0
      ],
      [
        498.0,
        347.0
      ],
      [
        491.0,
        285.0
      ],
      [
        537.0,
        276.0
      ]
    ],
    [
      [
        496.0,
        510.0
      ],
      [
        450.0,
        531.0
      ],
      [
        440.0,
        476.0
      ],
      [
        489.0,
        457.0
      ]
    ],
    [
      [
        549.0,
        411.0
      ],
      [
        506.0,
        428.0
      ],
      [
        499.0,
        371.0
      ],
      [
        543.0,
        357.0
      ]
    ],
    [
      [
        593.0,
        244.0
      ],
      [
        555.0,
        251.0
      ],
      [
        550.0,
        193.0
      ],
      [
        588.0,
        190.0
      ]
    ],
    [
      [
        587.0,
        169.0
      ],
      [
        548.0,
        169.0
      ],
      [
        546.0,
        112.0
      ],
      [
        585.0,
        116.0
      ]
    ],
    [
      [
        597.0,
        320.0
      ],
      [
        560.0,
        330.0
      ],
      [
        555.0,
        274.0
      ],
      [
        593.0,
        266.0
      ]
    ],
    [
      [
        602.0,
        391.0
      ],
      [
        566.0,
        406.0
      ],
      [
        561.0,
        352.0
      ],
      [
        598.0,
        341.0
      ]
    ],
    [
      [
        606.0,
        458.0
      ],
      [
        572.0,
        476.0
      ],
      [
        567.0,
        427.0
      ],
      [
        602.0,
        412.0
      ]
    ],
    [
      [
        641.0,
        237.0
      ],
      [
        609.0,
        243.0
      ],
      [
        605.0,
        190.0
      ],
      [
        637.0,
        187.0
      ]
    ],
    [
      [
        644.0,
        307.0
      ],
      [
        615.2608032226562,
        317.7615966796875
      ],
      [
        609.0,
        264.0
      ],
      [
        639.048828125,
        255.4297637939453
      ]
    ],
    [
      [
        635.0,
        168.0
      ],
      [
        604.0,
        167.0
      ],
      [
        602.0,
        115.0
      ],
      [
        634.0,
        119.0
      ]
    ]
  ],
  "corners1": [
    [
      [
        388.0,
        284.0
      ],
      [
        351.0,
        282.0
      ],
      [
        354.0,
        245.0
      ],
      [
        391.0,
        247.0
      ]
    ],
    [
      [
        444.0,
        231.0
      ],
      [
        407.0,
        229.0
      ],
      [
        411.0,
        192.0
      ],
      [
        448.0,
        195.0
      ]
    ],
    [
      [
        494.0,
        288.0
      ],
      [
        458.0,
        285.0
      ],
      [
        461.0,
        248.0
      ],
      [
        498.0,
        251.0
      ]
    ],
    [
      [
        498.0,
        234.0
      ],
      [
        461.0,
        231.0
      ],
      [
        465.0,
        194.0
      ],
      [
        501.0,
        197.0
      ]
    ],
    [
      [
        441.0,
        286.0
      ],
      [
        405.0,
        284.0
      ],
      [
        408.0,
        246.0
      ],
      [
        444.0,
        249.0
      ]
    ],
    [
      [
        390.0,
        230.0
      ],
      [
        354.0,
        228.0
      ],
      [
        358.0,
        191.0
      ],
      [
        394.0,
        193.0
      ]
    ],
    [
      [
        492.0,
        341.0
      ],
      [
        456.0,
        339.0
      ],
      [
        459.0,
        302.0
      ],
      [
        495.0,
        305.0
      ]
    ],
    [
      [
        386.0,
        338.0
      ],
      [
        350.0,
        336.0
      ],
      [
        353.0,
        299.0
      ],
      [
        388.0,
        301.0
      ]
    ],
    [
      [
        438.0,
        340.0
      ],
      [
        403.0,
        338.0
      ],
      [
        405.0,
        301.0
      ],
      [
        441.0,
        303.0
      ]
    ],
    [
      [
        438.0,
        391.0
      ],
      [
        403.0,
        392.0
      ],
      [
        402.0,
        356.0
      ],
      [
        438.0,
        355.0
      ]
    ],
    [
      [
        491.0,
        392.0
      ],
      [
        455.0,
        393.0
      ],
      [
        455.0,
        357.0
      ],
      [
        491.0,
        357.0
      ]
    ],
    [
      [
        385.0,
        391.0
      ],
      [
        350.0,
        389.0
      ],
      [
        351.0,
        353.0
      ],
      [
        386.0,
        355.0
      ]
    ],
    [
      [
        284.0,
        283.0
      ],
      [
        251.0,
        281.0
      ],
      [
        254.0,
        244.0
      ],
      [
        287.0,
        245.0
      ]
    ],
    [
      [
        334.0,
        390.0
      ],
      [
        300.0,
        387.0
      ],
      [
        301.0,
        351.0
      ],
      [
        335.0,
        354.0
      ]
    ],
    [
      [
        288.0,
        227.0
      ],
      [
        255.0,
        229.0
      ],
      [
        256.0,
        192.0
      ],
      [
        289.0,
        190.0
      ]
    ],
    [
      [
        284.0,
        336.0
      ],
      [
        251.0,
        334.0
      ],
      [
        253.0,
        297.0
      ],
      [
        285.0,
        299.0
      ]
    ],
    [
      [
        438.0,
        442.0
      ],
      [
        403.0,
        442.0
      ],
      [
        402.0,
        408.0
      ],
      [
        437.0,
        408.0
      ]
    ],
    [
      [
        387.0,
        440.0
      ],
      [
        352.0,
        441.0
      ],
      [
        350.0,
        407.0
      ],
      [
        385.0,
        407.0
      ]
    ],
    [
      [
        489.0,
        442.0
      ],
      [
        454.0,
        443.0
      ],
      [
        454.0,
        409.0
      ],
      [
        489.0,
        409.0
      ]
    ],
    [
      [
        284.0,
        389.0
      ],
      [
        252.0,
        386.0
      ],
      [
        252.0,
        351.0
      ],
      [
        285.0,
        353.0
      ]
    ],
    [
      [
        191.0,
        283.0
      ],
      [
        161.0,
        282.0
      ],
      [
        163.0,
        244.0
      ],
      [
        193.0,
        245.0
      ]
    ],
    [
      [
        191.0,
        335.0
      ],
      [
        161.0,
        334.0
      ],
      [
        162.0,
        296.0
      ],
      [
        192.0,
        297.0
      ]
    ],
    [
      [
        334.0,
        441.0
      ],
      [
        302.0,
        438.0
      ],
      [
        302.0,
        404.0
      ],
      [
        335.0,
        406.0
      ]
    ],
    [
