{
  "size": [
    1280,
    720
  ],
  "ids0": [
    35,
    37,
    26,
    38,
    28,
    27,
    29,
    21,
    31,
    25,
    30,
    18,
    33,
    22,
    32,
    23,
    12,
    24,
    17,
    13,
    11,
    14,
    10,
    16,
    34,
    15,
    9,
    36,
    4,
    3,
    6,
    8,
    7
  ],
  "ids1": [
    33,
    35,
    32,
    26,
    25,
    18,
    27,
    19,
    24,
    16,
    28,
    10,
    9,
    38,
    21,
    8,
    12,
    34,
    30,
    1,
    39,
    22,
    2,
    13,
    3,
    0,
    31,
    4,
    14,
    36,
    5
  ],
  "corners0": [
    [
      [
        639.0,
        171.0
      ],
      [
        583.0,
        165.0
      ],
      [
        586.0,
        110.0
      ],
      [
        645.0,
        116.0
      ]
    ],
    [
      [
        808.0,
        190.0
      ],
      [
        752.7345581054688,
        180.40975952148438
      ],
      [
        761.0,
        126.0
      ],
      [
        818.0,
        135.0
      ]
    ],
    [
      [
        557.0,
        241.0
      ],
      [
        503.0,
        238.0
      ],
      [
        500.0,
        185.0
      ],
      [
        556.0,
        187.0
      ]
    ],
    [
      [
        889.0,
        201.0
      ],
      [
        836.0,
        192.0
      ],
      [
        846.0,
        139.0
      ],
      [
        900.0,
        149.0
      ]
    ],
    [
      [
        716.0,
        256.0
      ],
      [
        661.0,
        249.0
      ],
      [
        666.0,
        199.0
      ],
      [
        723.0,
        206.0
      ]
    ],
    [
      [
        634.0,
        248.0
      ],
      [
        580.0,
        241.0
      ],
      [
        583.0,
        191.0
      ],
      [
        639.0,
        197.0
      ]
    ],
    [
      [
        796.0,
        265.0
      ],
      [
        743.0,
        258.0
      ],
      [
        750.0,
        208.0
      ],
      [
        805.0,
        216.0
      ]
    ],
    [
      [
        784.0,
        336.0
      ],
      [
        731.0,
        330.0
      ],
      [
        738.0,
        281.0
      ],
      [
        794.0,
        289.0
      ]
    ],
    [
      [
        944.0,
        287.0
      ],
      [
        896.0,
        279.0
      ],
      [
        908.0,
        228.0
      ],
      [
        959.0,
        237.0
      ]
    ],
    [
      [
        480.0,
        236.0
      ],
      [
        430.0,
        231.0
      ],
      [
        428.0,
        180.0
      ],
      [
        479.0,
        184.0
      ]
    ],
    [
      [
        872.0,
        275.0
      ],
      [
        822.0,
        268.0
      ],
      [
        832.0,
        219.0
      ],
      [
        884.0,
        227.0
      ]
    ],
    [
      [
        557.0,
        310.0
      ],
      [
        505.0,
        307.0
      ],
      [
        502.0,
        259.0
      ],
      [
        555.0,
        262.0
      ]
    ],
    [
      [
        477.0,
        158.0
      ],
      [
        429.0,
        158.0
      ],
      [
        425.0,
        107.0
      ],
      [
        475.0,
        106.0
      ]
    ],
    [
      [
        857.0,
        344.0
      ],
      [
        806.0,
        338.0
      ],
      [
        817.0,
        291.0
      ],
      [
        869.0,
        298.0
      ]
    ],
    [
      [
        404.0,
        159.0
      ],
      [
        358.0,
        157.0
      ],
      [
        356.0,
        105.0
      ],
      [
        403.0,
        105.0
      ]
    ],
    [
      [
        925.0,
        352.0
      ],
      [
        878.0,
        346.0
      ],
      [
        891.0,
        300.0
      ],
      [
        939.0,
        307.0
      ]
    ],
    [
      [
        701.0,
        389.0
      ],
      [
        650.0,
        385.0
      ],
      [
        652.0,
        342.0
      ],
      [
        705.0,
        347.0
      ]
    ],
    [
      [
        409.0,
        231.0
      ],
      [
        365.0,
        227.0
      ],
      [
        361.0,
        178.0
      ],
      [
        407.0,
        181.0
      ]
    ],
    [
      [
        484.0,
        303.0
      ],
      [
        438.0,
        300.0
      ],
      [
        432.0,
        253.0
      ],
      [
        480.0,
        256.0
      ]
    ],
    [
      [
        771.0,
        398.0
      ],
      [
        721.0,
        391.0
      ],
      [
        728.0,
        350.0
      ],
      [
        781.0,
        356.0
      ]
    ],
    [
      [
        628.0,
        381.0
      ],
      [
        579.0,
        377.0
      ],
      [
        577.0,
        334.0
      ],
      [
        630.0,
        339.0
      ]
    ],
    [
      [
        841.0,
        404.0
      ],
      [
        793.0,
        399.0
      ],
      [
        803.0,
        358.0
      ],
      [
        853.0,
        364.0
      ]
    ],
    [
      [
        557.0,
        373.0
      ],
      [
        509.0,
        368.0
      ],
      [
        505.0,
        327.0
      ],
      [
        555.0,
        331.0
      ]
    ],
    [
      [
        416.0,
        296.0
      ],
      [
        374.0,
        293.0
      ],
      [
        367.0,
        248.0
      ],
      [
        411.0,
        251.0
      ]
    ],
    [
      [
        556.0,
        164.0
      ],
      [
        502.0,
        160.0
      ],
      [
        503.0,
        107.0
      ],
      [
        558.0,
        110.0
      ]
    ],
    [
      [
        906.0,
        410.0
      ],
      [
        862.0,
        406.0
      ],
      [
        874.0,
        365.0
      ],
      [
        920.0,
        371.0
      ]
    ],
    [
      [
        488.0,
        364.0
      ],
      [
        444.0,
        360.0
      ],
      [
        438.0,
        319.0
      ],
      [
        484.0,
        323.0
      ]
    ],
    [
      [
        725.0,
        179.0
      ],
      [
        667.0,
        172.0
      ],
      [
        673.0,
        117.0
      ],
      [
        732.0,
        124.0
      ]
    ],
    [
      [
        693.0,
        444.0
      ],
      [
        646.0,
        440.0
      ],
      [
        647.0,
        404.0
      ],
      [
        697.0,
        408.0
      ]
    ],
    [
      [
        625.0,
        436.0
      ],
      [
        578.0,
        431.0
      ],
      [
        577.0,
        395.0
      ],
      [
        626.0,
        400.0
      ]
    ],
    [
      [
        825.0,
        457.0
      ],
      [
        780.0,
        452.0
      ],
      [
        790.0,
        417.0
      ],
      [
        836.0,
        423.0
      ]
    ],
    [
      [
        423.0,
        356.0
      ],
      [
        384.0,
        352.0
      ],
      [
        376.0,
        312.0
      ],
      [
        418.0,
        316.0
      ]
    ],
    [
      [
        887.0,
        461.0
      ],
      [
        845.0,
        458.0
      ],
      [
        857.0,
        423.0
      ],
      [
        900.0,
        428.0
      ]
    ]
  ],