{
  "size": [
    1280,
    720
  ],
  "ids0": [
    37,
    38,
    35,
    28,
    27,
    31,
    26,
    20,
    21,
    25,
    36,
    19,
    32,
    22,
    23,
    18,
    34,
    24,
    17,
    16,
    7,
    8,
    1,
    0
  ],
  "ids1": [
    34,
    35,
    33,
    26,
    32,
    25,
    24,
    19,
    17,
    16,
    30,
    39,
    21,
    11,
    36,
    22,
    12,
    4
  ],
  "corners0": [
    [
      [
        786.0,
        221.0
      ],
      [
        723.0,
        211.0
      ],
      [
        730.0,
        159.0
      ],
      [
        797.0,
        169.0
      ]
    ],
    [
      [
        875.0,
        234.0
      ],
      [
        816.0,
        224.0
      ],
      [
        827.0,
        173.0
      ],
      [
        891.0,
        184.0
      ]
    ],
    [
      [
        602.0,
        197.0
      ],
      [
        542.0,
        192.0
      ],
      [
        537.0,
        141.0
      ],
      [
        601.0,
        144.0
      ]
    ],
    [
      [
        689.0,
        278.0
      ],
      [
        629.0,
        272.0
      ],
      [
        628.0,
        224.0
      ],
      [
        693.0,
        231.0
      ]
    ],
    [
      [
        605.0,
        268.0
      ],
      [
        547.0,
        262.0
      ],
      [
        541.0,
        215.0
      ],
      [
        603.0,
        220.0
      ]
    ],
    [
      [
        933.0,
        313.0
      ],
      [
        879.0,
        305.0
      ],
      [
        895.0,
        260.0
      ],
      [
        951.0,
        270.0
      ]
    ],
    [
      [
        523.0,
        258.0
      ],
      [
        469.0,
        253.0
      ],
      [
        460.0,
        208.0
      ],
      [
        517.0,
        212.0
      ]
    ],
    [
      [
        683.0,
        336.0
      ],
      [
        628.0,
        330.0
      ],
      [
        627.0,
        291.0
      ],
      [
        685.0,
        297.0
      ]
    ],
    [
      [
        761.0,
        347.0
      ],
      [
        707.0,
        341.0
      ],
      [
        710.0,
        302.0
      ],
      [
        769.0,
        309.0
      ]
    ],
    [
      [
        447.0,
        250.0
      ],
      [
        400.0,
        246.0
      ],
      [
        385.0458984375,
        204.5588836669922
      ],
      [
        438.0,
        205.0
      ]
    ],
    [
      [
        695.0,
        207.0
      ],
      [
        631.0,
        201.0
      ],
      [
        631.0,
        148.0
      ],
      [
        698.0,
        154.0
      ]
    ],
    [
      [
        606.0,
        325.0
      ],
      [
        553.0,
        320.0
      ],
      [
        547.0,
        281.0
      ],
      [
        604.0,
        287.0
      ]
    ],
    [
      [
        362.0,
        179.0
      ],
      [
        319.0,
        178.0
      ],
      [
        304.0,
        131.0
      ],
      [
        349.0,
        130.0
      ]
    ],
    [
      [
        838.0,
        356.0
      ],
      [
        784.0,
        351.0
      ],
      [
        792.0,
        314.0
      ],
      [
        849.0,
        320.0
      ]
    ],
    [
      [
        909.0,
        367.0
      ],
      [
        859.0,
        360.0
      ],
      [
        873.0,
        324.0
      ],
      [
        925.0,
        331.0
      ]
    ],
    [
      [
        530.0,
        316.0
      ],
      [
        480.0,
        310.0
      ],
      [
        472.0,
        272.0
      ],
      [
        524.0,
        277.0
      ]
    ],
    [
      [
        514.0,
        188.0
      ],
      [
        459.0,
        185.0
      ],
      [
        451.0,
        136.0
      ],
      [
        508.0,
        137.0
      ]
    ],
    [
      [
        378.0,
        242.0
      ],
      [
        337.0,
        239.0
      ],
      [
        323.0,
        198.0
      ],
      [
        365.0,
        199.0
      ]
    ],
    [
      [
        459.0,
        306.0
      ],
      [
        414.0,
        301.0
      ],
      [
        401.05780029296875,
        266.74786376953125
      ],
      [
        450.0,
        269.0
      ]
    ],
    [
      [
        396.0,
        299.0
      ],
      [
        354.0,
        293.0
      ],
      [
        340.0,
        255.0
      ],
      [
        385.9615173339844,
        258.2766418457031
      ]
    ],
    [
      [
        868.0,
        452.0
      ],
      [
        822.0,
        447.0
      ],
      [
        834.0,
        420.0
      ],
      [
        882.0,
        426.0
      ]
    ],
    [
      [
        411.0,
        346.0
      ],
      [
        371.0,
        340.0
      ],
      [
        358.0,
        308.0
      ],
      [
        399.0,
        313.0
      ]
    ],
    [
      [
        482.0,
        397.0
      ],
      [
        441.0,
        391.0
      ],
      [
        431.0,
        364.0
      ],
      [
        475.0,
        370.0
      ]
    ],
    [
      [
        424.0,
        387.0
      ],
      [
        388.0,
        381.0
      ],
      [
        376.0,
        353.0
      ],
      [
        414.0,
        359.0
      ]
    ]
  ],