{
  "size": [
    1280,
    720
  ],
  "ids0": [
    39,
    30,
    23,
    37,
    22,
    29,
    21,
    20,
    27,
    12,
    5,
    28
  ],
  "ids1": [
    39,
    38,
    37,
    31,
    30,
    29,
    35,
    27,
    20,
    15,
    14,
    34,
    13,
    7,
    19,
    26,
    12,
    36,
    18,
    11,
    28,
    9,
    8
  ],
  "corners0": [
    [
      [
        699.0,
        391.0
      ],
      [
        634.0,
        377.0
      ],
      [
        632.0,
        309.0
      ],
      [
        699.0,
        319.0
      ]
    ],
    [
      [
        612.0,
        461.0
      ],
      [
        559.0,
        445.0
      ],
      [
        553.0,
        387.0
      ],
      [
        609.0,
        400.0
      ]
    ],
    [
      [
        701.0,
        560.0
      ],
      [
        643.0,
        542.0
      ],
      [
        640.0,
        491.0
      ],
      [
        702.0,
        508.0
      ]
    ],
    [
      [
        525.0,
        357.0
      ],
      [
        479.0,
        346.0
      ],
      [
        472.0,
        284.0
      ],
      [
        519.0,
        292.0
      ]
    ],
    [
      [
        619.0,
        535.0
      ],
      [
        569.0,
        517.0
      ],
      [
        563.0,
        468.0
      ],
      [
        616.0,
        485.0
      ]
    ],
    [
      [
        536.0,
        439.0
      ],
      [
        492.0,
        424.0
      ],
      [
        484.0,
        370.0
      ],
      [
        530.0,
        382.0
      ]
    ],
    [
      [
        547.0,
        509.0
      ],
      [
        504.0,
        493.0
      ],
      [
        497.0,
        447.0
      ],
      [
        541.0,
        463.0
      ]
    ],
    [
      [
        486.0,
        488.0
      ],
      [
        446.7991027832031,
        474.4781799316406
      ],
      [
        439.0,
        426.0
      ],
      [
        478.0,
        440.0
      ]
    ],
    [
      [
        418.0,
        403.0
      ],
      [
        384.44146728515625,
        392.8082580566406
      ],
      [
        376.0,
        342.0
      ],
      [
        409.0,
        351.0
      ]
    ],
    [
      [
        499.0,
        548.0
      ],
      [
        461.2691345214844,
        532.7230834960938
      ],
      [
        454.0,
        491.0
      ],
      [
        492.7674255371094,
        504.43096923828125
      ]
    ],
    [
      [
        568.0,
        625.0
      ],
      [
        526.5239868164062,
        607.8594970703125
      ],
      [
        521.0,
        571.0
      ],
      [
        563.0,
        590.0
      ]
    ],
    [
      [
        473.0,
        420.0
      ],
      [
        432.4046325683594,
        408.8115539550781
      ],
      [
        425.0,
        354.0
      ],
      [
        465.0,
        365.0
      ]
    ]
  ],
  "corners1": [
    [
      [
        859.0,
        357.0
      ],
      [
        791.0,
        347.0
      ],
      [
        796.0,
        281.0
      ],
      [
        868.0,
        291.0
      ]
    ],
    [
      [
        761.0,
        343.0
      ],
      [
        695.0,
        333.0
      ],
      [
        696.0,
        270.0
      ],
      [
        765.0,
        278.0
      ]
    ],
    [
      [
        665.0,
        330.0
      ],
      [
        606.0,
        321.0
      ],
      [
        604.0,
        260.0
      ],
      [
        666.0,
        268.0
      ]
    ],
    [
      [
        847.0,
        442.0
      ],
      [
        784.0,
        432.0
      ],
      [
        790.0,
        375.0
      ],
      [
        856.0,
        386.0
      ]
    ],
    [
      [
        755.0,
        427.0
      ],
      [
        694.0,
        416.0
      ],
      [
        696.0,
        362.0
      ],
      [
        760.0,
        372.0
      ]
    ],
    [
      [
        666.0,
        412.0
      ],
      [
        610.0,
        401.0
      ],
      [
        609.0,
        348.0
      ],
      [
        667.0,
        359.0
      ]
    ],
    [
      [
        501.0,
        310.0
      ],
      [
        454.0,
        303.0
      ],
      [
        447.0,
        247.0
      ],
      [
        496.0,
        251.0
      ]
    ],
    [
      [
        511.0,
        385.0
      ],
      [
        465.0,
        375.0
      ],
      [
        458.0,
        325.0
      ],
      [
        506.0,
        333.0
      ]
    ],
    [
      [
        592.0,
        467.0
      ],
      [
        542.0,
        457.0
      ],
      [
        535.0,
        411.0
      ],
      [
        587.0,
        419.0
      ]
    ],
    [
      [
        824.0,
        575.0
      ],
      [
        767.0,
        567.0
      ],
      [
        771.0,
        527.0
      ],
      [
        831.0,
        536.0
      ]
    ],
    [
      [
        745.0,
        561.0
      ],
      [
        691.0,
        551.0
      ],
      [
        690.0,
        510.0
      ],
      [
        747.0,
        520.0
      ]
    ],
    [
      [
        434.0,
        301.0
      ],
      [
        393.0,
        295.0
      ],
      [
        386.0,
        243.0
      ],
      [
        427.0,
        247.0
      ]
    ],
    [
      [
        669.0,
        545.0
      ],
      [
        618.0,
        534.0
      ],
      [
        614.0,
        493.0
      ],
      [
        668.0,
        504.0
      ]
    ],
    [
      [
        813.0,
        628.0
      ],
      [
        759.0,
        619.0
      ],
      [
        762.0,
        583.0
      ],
      [
        820.0,
        593.0
      ]
    ],
    [
      [
        521.0,
        452.0
      ],
      [
        477.0,
        440.0
      ],
      [
        470.0,
        396.0
      ],
      [
        516.0,
        407.0
      ]
    ],
    [
      [
        446.0,
        372.0
      ],
      [
        406.0,
        363.0
      ],
      [
        398.0,
        317.0
      ],
      [
        438.0,
        323.0
      ]
    ],
    [
      [
        597.0,
        527.0
      ],
      [
        551.0,
        516.0
      ],
      [
        544.0,
        477.0
      ],
      [
        593.0,
        487.0
      ]
    ],
    [
      [
        580.0,
        320.0
      ],
      [
        524.0,
        312.0
      ],
      [
        519.0,
        252.0
      ],
      [
        577.0,
        258.0
      ]
    ],
    [
      [
        458.0,
        436.0
      ],
      [
        420.0,
        426.0
      ],
      [
        412.0,
        384.0
      ],
      [
        451.0,
        393.0
      ]
    ],
    [
      [
        531.0,
        509.0
      ],
      [
        490.0,
        499.0
      ],
      [
        481.0,
        461.0
      ],
      [
        524.0,
        470.0
      ]
    ],
    [
      [
        586.0,
        399.0
      ],
      [
        532.0,
        388.0
      ],
      [
        527.0,
        335.0
      ],
      [
        583.0,
        344.0
      ]
    ],
    [
      [
        418.0,
        479.0
      ],
      [
        384.0,
        467.0
      ],
      [
        375.0,
        429.0
      ],
      [
        409.0,
        440.0
      ]
    ],
    [
      [
        371.0,
        463.0
      ],
      [
        342.0,
        452.0
      ],
      [
        332.0,
        416.0
      ],
      [
        362.0,
        427.0
      ]
    ]
  ]
}