{
  "size": [
    1280,
    720
  ],
  "ids0": [
    39,
    38,
    23,
    30,
    37,
    22,
    7,
    15,
    29,
    14,
    21,
    28,
    12,
    20,
    18,
    33,
    10,
    36
  ],
  "ids1": [
    38,
    30,
    37,
    23,
    22,
    36,
    21,
    15,
    28,
    14,
    35,
    20,
    13,
    27,
    7,
    19,
    6,
    12,
    34,
    5,
    26,
    4,
    11,
    18,
    33,
    3,
    10
  ],
  "corners0": [
    [
      [
        752.0,
        251.0
      ],
      [
        702.0,
        240.0
      ],
      [
        708.0,
        188.0
      ],
      [
        759.0,
        197.0
      ]
    ],
    [
      [
        681.0,
        237.0
      ],
      [
        636.0,
        229.0
      ],
      [
        641.0,
        179.0
      ],
      [
        687.0,
        186.0
      ]
    ],
    [
      [
        734.0,
        391.0
      ],
      [
        688.0,
        379.0
      ],
      [
        694.0,
        333.0
      ],
      [
        741.0,
        345.0
      ]
    ],
    [
      [
        675.0,
        308.0
      ],
      [
        631.0,
        298.0
      ],
      [
        635.0,
        250.0
      ],
      [
        680.0,
        259.0
      ]
    ],
    [
      [
        616.0,
        226.0
      ],
      [
        576.0,
        219.0
      ],
      [
        579.0,
        172.0
      ],
      [
        621.0,
        177.0
      ]
    ],
    [
      [
        668.0,
        374.0
      ],
      [
        627.0,
        362.0
      ],
      [
        631.0,
        318.0
      ],
      [
        673.0,
        329.0
      ]
    ],
    [
      [
        718.0,
        511.0
      ],
      [
        672.8945922851562,
        498.6024475097656
      ],
      [
        679.0,
        457.0
      ],
      [
        726.8009643554688,
        469.5928039550781
      ]
    ],
    [
      [
        725.0,
        453.0
      ],
      [
        682.0,
        440.0
      ],
      [
        687.0,
        399.0
      ],
      [
        732.0,
        412.0
      ]
    ],
    [
      [
        612.0,
        294.0
      ],
      [
        573.0,
        285.0
      ],
      [
        576.0,
        239.0
      ],
      [
        616.0,
        247.0
      ]
    ],
    [
      [
        663.0,
        435.0
      ],
      [
        623.0,
        422.0
      ],
      [
        627.0,
        382.0
      ],
      [
        667.0,
        394.0
      ]
    ],
    [
      [
        608.0,
        358.0
      ],
      [
        571.0,
        347.0
      ],
      [
        573.0,
        305.0
      ],
      [
        611.0,
        314.0
      ]
    ],
    [
      [
        555.0,
        281.0
      ],
      [
        521.0,
        273.0
      ],
      [
        523.0,
        230.0
      ],
      [
        558.0,
        237.0
      ]
    ],
    [
      [
        553.0,
        402.0
      ],
      [
        518.0,
        390.0
      ],
      [
        519.0,
        350.0
      ],
      [
        555.0,
        361.0
      ]
    ],
    [
      [
        553.0,
        343.0
      ],
      [
        520.0,
        333.0
      ],
      [
        521.0,
        293.0
      ],
      [
        555.0,
        301.0
      ]
    ],
    [
      [
        460.0,
        318.0
      ],
      [
        432.0,
        310.0
      ],
      [
        432.0,
        271.0
      ],
      [
        461.0,
        278.0
      ]
    ],
    [
      [
        419.0,
        198.0
      ],
      [
        394.0,
        194.0
      ],
      [
        395.0,
        154.0
      ],
      [
        421.0,
        157.0
      ]
    ],
    [
      [
        462.0,
        371.0
      ],
      [
        435.0,
        362.0
      ],
      [
        434.0,
        325.0
      ],
      [
        461.0,
        333.0
      ]
    ],
    [
      [
        558.0,
        217.0
      ],
      [
        522.0,
        210.0
      ],
      [
        525.0,
        166.0
      ],
      [
        561.0,
        170.0
      ]
    ]
  ],