{
  "size": [
    1280,
    720
  ],
  "ids0": [
    6,
    5,
    27,
    4,
    21,
    22,
    30,
    7,
    29,
    13,
    14,
    35,
    23,
    31,
    37,
    38,
    3,
    12,
    15,
    26,
    39,
    10,
    34,
    2,
    17,
    25,
    9,
    33,
    1,
    20,
    16,
    24,
    8,
    32,
    28,
    0,
    36,
    11
  ],
  "ids1": [
    21,
    17,
    2,
    9,
    13,
    34,
    25,
    19,
    27,
    18,
    11,
    5,
    26,
    33,
    28,
    12,
    10,
    8,
    24,
    3,
    4,
    38,
    0,
    32,
    6,
    1,
    31,
    15,
    7,
    20
  ],
  "corners0": [
    [
      [
        838.0,
        478.0
      ],
      [
        786.0,
        470.0
      ],
      [
        795.0,
        418.0
      ],
      [
        848.0,
        426.0
      ]
    ],
    [
      [
        764.0,
        467.0
      ],
      [
        711.0,
        459.0
      ],
      [
        719.0,
        408.0
      ],
      [
        772.0,
        416.0
      ]
    ],
    [
      [
        640.0,
        222.0
      ],
      [
        588.0,
        216.0
      ],
      [
        595.0,
        164.0
      ],
      [
        646.0,
        169.0
      ]
    ],
    [
      [
        690.0,
        456.0
      ],
      [
        638.0,
        447.0
      ],
      [
        644.0,
        397.0
      ],
      [
        697.0,
        405.0
      ]
    ],
    [
      [
        783.0,
        315.0
      ],
      [
        732.0,
        307.0
      ],
      [
        738.0,
        256.0
      ],
      [
        790.0,
        263.0
      ]
    ],
    [
      [
        860.0,
        325.0
      ],
      [
        810.0,
        317.0
      ],
      [
        817.0,
        265.0
      ],
      [
        868.0,
        273.0
      ]
    ],
    [
      [
        869.0,
        247.0
      ],
      [
        819.3073120117188,
        238.32962036132812
      ],
      [
        825.0,
        187.0
      ],
      [
        876.0,
        195.0
      ]
    ],
    [
      [
        910.0,
        486.0
      ],
      [
        860.0,
        480.0
      ],
      [
        870.0,
        428.0
      ],
      [
        921.0,
        435.0
      ]
    ],
    [
      [
        792.0,
        236.0
      ],
      [
        741.0,
        229.0
      ],
      [
        747.0,
        178.0
      ],
      [
        798.0,
        185.0
      ]
    ],
    [
      [
        773.0,
        392.0
      ],
      [
        723.0,
        384.0
      ],
      [
        730.0,
        334.0
      ],
      [
        780.4463500976562,
        341.2171936035156
      ]
    ],
    [
      [
        849.0,
        402.0
      ],
      [
        799.0,
        394.0
      ],
      [
        807.0,
        344.0
      ],
      [
        858.0,
        352.0
      ]
    ],
    [
      [
        648.0,
        147.0
      ],
      [
        597.0,
        143.0
      ],
      [
        604.0,
        93.0
      ],
      [
        654.0,
        96.0
      ]
    ],
    [
      [
        935.0,
        335.0
      ],
      [
        886.0,
        327.0
      ],
      [
        893.0,
        276.0
      ],
      [
        942.0,
        284.0
      ]
    ],
    [
      [
        944.0,
        258.0
      ],
      [
        896.0,
        250.0
      ],
      [
        901.0,
        198.0
      ],
      [
        950.0,
        207.0
      ]
    ],
    [
      [
        800.0,
        159.0
      ],
      [
        748.0,
        152.0
      ],
      [
        754.0,
        104.0
      ],
      [
        805.0,
        110.0
      ]
    ],
    [
      [
        877.0,
        169.0
      ],
      [
        826.0,
        161.0
      ],
      [
        831.0,
        112.0
      ],
      [
        881.0,
        120.0
      ]
    ],
    [
      [
        617.0,
        445.0
      ],
      [
        569.0,
        436.0
      ],
      [
        573.0,
        386.0
      ],
      [
        623.0,
        395.0
      ]
    ],
    [
      [
        697.0,
        381.0
      ],
      [
        648.0,
        374.0
      ],
      [
        654.0,
        324.0
      ],
      [
        704.0,
        332.0
      ]
    ],
    [
      [
        922.0,
        412.0
      ],
      [
        875.0,
        405.0
      ],
      [
        883.0,
        354.0
      ],
      [
        932.0,
        362.0
      ]
    ],
    [
      [
        567.0,
        216.0
      ],
      [
        520.0,
        211.0
      ],
      [
        527.0,
        161.0
      ],
      [
        574.0,
        164.0
      ]
    ],
    [
      [
        951.0,
        181.0
      ],
      [
        902.0,
        172.0
      ],
      [
        907.0,
        123.0
      ],
      [
        955.0,
        132.0
      ]
    ],
    [
      [
        553.0,
        362.0
      ],
      [
        508.0,
        355.0
      ],
      [
        512.0,
        305.0
      ],
      [
        559.0,
        311.0
      ]
    ],
    [
      [
        575.0,
        143.0
      ],
      [
        528.0,
        140.0
      ],
      [
        536.0,
        92.0
      ],
      [
        583.0,
        94.0
      ]
    ],
    [
      [
        548.0,
        433.0
      ],
      [
        504.0,
        424.0
      ],
      [
        507.0,
        376.0
      ],
      [
        553.0,
        384.0
      ]
    ],
    [
      [
        493.0,
        282.0
      ],
      [
        451.0,
        277.0
      ],
      [
        457.0,
        228.0
      ],
      [
        499.0,
        232.0
      ]
    ],
    [
      [
        500.0,
        211.0
      ],
      [
        458.0,
        208.0
      ],
      [
        464.0,
        160.0
      ],
      [
        507.0,
        162.0
      ]
    ],
    [
      [
        488.0,
        353.0
      ],
      [
        447.0,
        346.0
      ],
      [
        450.0,
        298.0
      ],
      [
        492.0,
        303.0
      ]
    ],
    [
      [
        509.0,
        140.0
      ],
      [
        467.0,
        140.0
      ],
      [
        472.0,
        94.0
      ],
      [
        514.0,
        92.0
      ]
    ],
    [
      [
        484.0,
        421.0
      ],
      [
        444.0,
        412.0
      ],
      [
        447.0,
        366.0
      ],
      [
        487.0,
        374.0
      ]
    ],
    [
      [
        706.0,
        305.0
      ],
      [
        656.0,
        298.0
      ],
      [
        662.0,
        247.0
      ],
      [
        712.0,
        253.0
      ]
    ],
    [
      [
        432.0,
        276.0
      ],
      [
        396.0,
        271.0
      ],
      [
        401.0,
        225.0
      ],
      [
        438.0,
        229.0
      ]
    ],
    [
      [
        439.0,
        207.0
      ],
      [
        402.0,
        205.0
      ],
      [
        408.0,
        160.0
      ],
      [
        445.0,
        160.0
      ]
    ],
    [
      [
        428.0,
        343.0
      ],
      [
        392.0,
        336.0
      ],
      [
        395.0,
        292.0
      ],
      [
        432.0,
        297.0
      ]
    ],
    [
      [
        448.0,
        139.0
      ],
      [
        411.0,
        141.0
      ],
      [
        416.0,
        97.0
      ],
      [
        453.0,
        94.0
      ]
    ],
    [
      [
        714.0,
        227.0
      ],
      [
        664.0,
        221.0
      ],
      [
        670.0,
        171.0
      ],
      [
        721.0,
        177.0
      ]
    ],
    [
      [
        425.0,
        409.0
      ],
      [
        391.0,
        401.0
      ],
      [
        393.0,
        357.0
      ],
      [
        428.0,
        364.0
      ]
    ],
    [
      [
        722.0,
        151.0
      ],
      [
        672.0,
        146.0
      ],
      [
        678.0,
        98.0
      ],
      [
        728.0,
        103.0
      ]
    ],
    [
      [
        624.0,
        373.0
      ],
      [
        574.0,
        364.0
      ],
