{
  "size": [
    1280,
    720
  ],
  "ids0": [
    7,
    12,
    20,
    4,
    13,
    28,
    16,
    21,
    5,
    19,
    11,
    22,
    3,
    14,
    29,
    0,
    6,
    27,
    10,
    37,
    30,
    18,
    36,
    15,
    35
  ],
  "ids1": [
    0,
    8,
    1,
    9,
    16,
    2,
    17,
    10,
    24,
    3,
    18,
    25,
    11,
    26,
    19,
    32,
    4,
    33,
    12,
    27,
    20,
    5,
    35,
    28,
    38,
    23,
    34
  ],
  "corners0": [
    [
      [
        719.0,
        124.0
      ],
      [
        755.7704467773438,
        132.90158081054688
      ],
      [
        745.0,
        167.0
      ],
      [
        710.0,
        158.0
      ]
    ],
    [
      [
        855.0,
        212.0
      ],
      [
        887.0,
        222.0
      ],
      [
        878.0,
        256.0
      ],
      [
        845.0,
        245.0
      ]
    ],
    [
      [
        842.0,
        261.0
      ],
      [
        874.0,
        271.0
      ],
      [
        864.0,
        305.0
      ],
      [
        832.0,
        295.0
      ]
    ],
    [
      [
        867.0,
        163.0
      ],
      [
        899.0,
        173.0
      ],
      [
        891.0,
        206.0
      ],
      [
        858.0,
        196.0
      ]
    ],
    [
      [
        806.0,
        198.0
      ],
      [
        839.0,
        209.0
      ],
      [
        829.0,
        241.0
      ],
      [
        797.0,
        231.0
      ]
    ],
    [
      [
        828.0,
        310.0
      ],
      [
        860.0,
        320.0
      ],
      [
        850.0,
        353.0
      ],
      [
        818.0,
        343.0
      ]
    ],
    [
      [
        1025.0,
        319.0
      ],
      [
        1055.0,
        330.0
      ],
      [
        1044.0,
        364.0
      ],
      [
        1014.0,
        354.0
      ]
    ],
    [
      [
        793.0,
        247.0
      ],
      [
        825.0,
        257.0
      ],
      [
        816.0,
        290.0
      ],
      [
        784.0,
        280.0
      ]
    ],
    [
      [
        818.0,
        150.0
      ],
      [
        851.0,
        160.0
      ],
      [
        842.0,
        192.0
      ],
      [
        809.0,
        182.0
      ]
    ],
    [
      [
        890.0,
        276.0
      ],
      [
        922.0,
        287.0
      ],
      [
        912.0,
        319.0
      ],
      [
        880.0,
        309.0
      ]
    ],
    [
      [
        903.0,
        227.0
      ],
      [
        935.0,
        238.0
      ],
      [
        926.0,
        270.0
      ],
      [
        894.0,
        260.0
      ]
    ],
    [
      [
        744.0,
        234.0
      ],
      [
        777.0,
        244.0
      ],
      [
        767.0,
        276.0
      ],
      [
        735.0,
        266.0
      ]
    ],
    [
      [
        915.0,
        178.0
      ],
      [
        947.0,
        189.0
      ],
      [
        939.0,
        221.0
      ],
      [
        907.0,
        211.0
      ]
    ],
    [
      [
        757.0,
        185.0
      ],
      [
        789.0,
        194.0
      ],
      [
        780.0,
        227.0
      ],
      [
        748.0,
        217.0
      ]
    ],
    [
      [
        780.0,
        296.0
      ],
      [
        812.0,
        306.0
      ],
      [
        802.0,
        338.0
      ],
      [
        770.0,
        328.0
      ]
    ],
    [
      [
        1051.0,
        223.0
      ],
      [
        1080.0,
        235.0
      ],
      [
        1071.0,
        269.0
      ],
      [
        1042.0,
        258.0
      ]
    ],
    [
      [
        769.0,
        137.0
      ],
      [
        801.0,
        146.0
      ],
      [
        793.0,
        178.0
      ],
      [
        760.0,
        169.0
      ]
    ],
    [
      [
        876.0,
        325.0
      ],
      [
        907.0,
        335.0
      ],
      [
        897.0,
        367.0
      ],
      [
        865.0,
        357.0
      ]
    ],
    [
      [
        950.0,
        242.0
      ],
      [
        981.0,
        253.0
      ],
      [
        972.0,
        285.0
      ],
      [
        941.0,
        275.0
      ]
    ],
    [
      [
        766.0,
        344.0
      ],
      [
        798.0,
        354.0
      ],
      [
        788.0,
        386.0
      ],
      [
        757.0,
        376.0
      ]
    ],
    [
      [
        732.0,
        282.0
      ],
      [
        763.0,
        292.0
      ],
      [
        754.0,
        324.0
      ],
      [
        722.0,
        314.0
      ]
    ],
    [
      [
        937.0,
        291.0
      ],
      [
        967.0,
        301.0
      ],
      [
        957.0,
        334.0
      ],
      [
        927.0,
        324.0
      ]
    ],
    [
      [
        814.0,
        358.0
      ],
      [
        845.0,
        368.0
      ],
      [
        835.0,
        400.0
      ],
      [
        804.0,
        390.0
      ]
    ],
    [
      [
        709.0,
        173.0
      ],
      [
        740.0,
        181.0
      ],
      [
        731.0,
        214.0
      ],
      [
        700.0,
        205.0
      ]
    ],
    [
      [
        861.0,
        373.0
      ],
      [
        892.0,
        383.0
      ],
      [
        881.0,
        414.0
      ],
      [
        851.0,
        404.0
      ]
    ]
  ],