{
  "size": [
    1280,
    720
  ],
  "ids0": [
    31,
    30,
    23,
    22,
    39,
    15,
    29,
    38,
    14,
    37,
    21,
    28,
    13,
    7,
    20,
    6,
    12,
    5,
    19,
    27,
    35,
    4,
    11,
    17,
    3,
    26,
    18,
    34,
    10,
    2,
    32,
    8,
    33,
    9,
    36
  ],
  "ids1": [
    16,
    8,
    24,
    17,
    9,
    32,
    0,
    25,
    1,
    33,
    26,
    18,
    10,
    2,
    19,
    27,
    11,
    3,
    35,
    20,
    12,
    28,
    4,
    29,
    38,
    37,
    34,
    36
  ],
  "corners0": [
    [
      [
        400.0,
        184.0
      ],
      [
        442.0,
        185.0
      ],
      [
        440.0,
        229.0
      ],
      [
        398.0,
        228.0
      ]
    ],
    [
      [
        461.0,
        185.0
      ],
      [
        504.0,
        186.0
      ],
      [
        501.0,
        229.0
      ],
      [
        459.0,
        228.0
      ]
    ],
    [
      [
        403.0,
        122.0
      ],
      [
        446.0,
        124.0
      ],
      [
        442.0,
        166.0
      ],
      [
        400.0,
        165.0
      ]
    ],
    [
      [
        465.0,
        123.0
      ],
      [
        507.0,
        125.0
      ],
      [
        504.0,
        167.0
      ],
      [
        461.0,
        165.0
      ]
    ],
    [
      [
        397.0,
        248.0
      ],
      [
        439.0,
        247.0
      ],
      [
        440.0,
        289.0
      ],
      [
        398.0,
        291.0
      ]
    ],
    [
      [
        408.0,
        62.0
      ],
      [
        450.0,
        64.0
      ],
      [
        446.0,
        105.0
      ],
      [
        403.0,
        103.0
      ]
    ],
    [
      [
        522.0,
        186.0
      ],
      [
        564.0,
        188.0
      ],
      [
        561.0,
        230.0
      ],
      [
        520.0,
        228.0
      ]
    ],
    [
      [
        458.0,
        248.0
      ],
      [
        500.0,
        247.0
      ],
      [
        500.0,
        289.0
      ],
      [
        459.0,
        290.0
      ]
    ],
    [
      [
        469.0,
        63.0
      ],
      [
        511.0,
        66.0
      ],
      [
        506.4684143066406,
        108.9566421508789
      ],
      [
        465.0,
        104.0
      ]
    ],
    [
      [
        520.0,
        247.0
      ],
      [
        561.0,
        248.0
      ],
      [
        559.0,
        290.0
      ],
      [
        518.0,
        289.0
      ]
    ],
    [
      [
        526.0,
        125.0
      ],
      [
        567.0,
        128.0
      ],
      [
        564.0,
        169.0
      ],
      [
        523.0,
        167.0
      ]
    ],
    [
      [
        582.0,
        188.0
      ],
      [
        623.0,
        191.0
      ],
      [
        619.0,
        232.0
      ],
      [
        579.0,
        229.0
      ]
    ],
    [
      [
        530.0,
        66.0
      ],
      [
        571.0,
        70.0
      ],
      [
        567.0,
        110.0
      ],
      [
        526.0,
        106.0
      ]
    ],
    [
      [
        414.0,
        4.0
      ],
      [
        455.0,
        6.0
      ],
      [
        450.0,
        45.0
      ],
      [
        408.0,
        43.0
      ]
    ],
    [
      [
        586.0,
        128.0
      ],
      [
        626.0,
        132.0
      ],
      [
        623.0,
        172.0
      ],
      [
        583.0,
        169.0
      ]
    ],
    [
      [
        473.0,
        7.0
      ],
      [
        515.0,
        8.0
      ],
      [
        513.0,
        46.0
      ],
      [
        471.0,
        46.0
      ]
    ],
    [
      [
        590.0,
        70.0
      ],
      [
        629.0,
        75.0
      ],
      [
        626.0,
        114.0
      ],
      [
        586.0,
        110.0
      ]
    ],
    [
      [
        535.0,
        9.0
      ],
      [
        575.0,
        13.0
      ],
      [
        571.0,
        51.0
      ],
      [
        530.0,
        47.0
      ]
    ],
    [
      [
        644.0,
        132.0
      ],
      [
        682.0,
        137.0
      ],
      [
        678.0,
        176.0
      ],
      [
        640.0,
        172.0
      ]
    ],
    [
      [
        641.0,
        190.0
      ],
      [
        678.0,
        194.0
      ],
      [
        675.0,
        233.0
      ],
      [
        637.0,
        231.0
      ]
    ],
    [
      [
        637.0,
        249.0
      ],
      [
        675.0,
        251.0
      ],
      [
        671.0,
        290.0
      ],
      [
        634.0,
        289.0
      ]
    ],
    [
      [
        594.0,
        14.0
      ],
      [
        633.0,
        20.0
      ],
      [
        629.0,
        57.0
      ],
      [
        590.0,
        52.0
      ]
    ],
    [
      [
        647.0,
        76.0
      ],
      [
        685.0,
        81.0
      ],
      [
        682.0,
        119.0
      ],
      [
        644.0,
        115.0
      ]
    ],
    [
      [
        749.0,
        142.0
      ],
      [
        784.0,
        147.0
      ],
      [
        781.0,
        186.0
      ],
      [
        746.0,
        182.0
      ]
    ],
    [
      [
        651.0,
        21.0
      ],
      [
        687.0,
        27.0
      ],
      [
        685.0,
        63.0
      ],
      [
        647.0,
        58.0
      ]
    ],
    [
      [
        695.0,
        194.0
      ],
      [
        730.0,
        198.0
      ],
      [
        727.0,
        236.0
      ],
      [
        692.0,
        233.0
      ]
    ],
    [
      [
        699.0,
        138.0
      ],
      [
        734.0,
        143.0
      ],
      [
        731.0,
        180.0
      ],
      [
        696.0,
        176.0
      ]
    ],
    [
      [
        692.0,
        251.0
      ],
      [
        727.0,
        254.0
      ],
      [
        723.0,
        291.0
      ],
      [
        688.0,
        289.0
      ]
    ],
    [
      [
        702.0,
        83.0
      ],
      [
        737.0,
        89.0
      ],
      [
        734.0,
        125.0
      ],
      [
        699.0,
        120.0
      ]
    ],
    [
      [
        705.0,
        29.0
      ],
      [
        739.0,
        36.0
      ],
      [
        736.0,
        71.0
      ],
      [
        702.0,
        65.0
      ]
    ],
    [
      [
        789.0,
        254.0
      ],
      [
        821.0,
        257.0
      ],
      [
        817.0,
        294.0
      ],
      [
        785.0,
        292.0
      ]
    ],
    [
      [
        799.0,
        96.0
      ],
      [
        831.0,
        103.0
      ],
      [
        828.0,
        139.0
      ],
      [
        797.0,
        134.0
      ]
    ],
    [
      [
        743.0,
        253.0
      ],
      [
        775.0,
        256.0
      ],
      [
        771.0,
        292.0
      ],
      [
        739.0,
        290.0
      ]
    ],
    [
      [
        753.0,
        90.0
      ],
      [
        785.0,
        96.0
      ],
      [
        782.0,
        131.0
      ],
      [
        751.0,
        126.0
      ]
    ],
    [
      [
        579.0,
        248.0
      ],
      [
        620.0,
        250.0
      ],
      [
        616.0,
        290.0
      ],
      [
        577.0,
        289.0
      ]
    ]
  ],