{
  "size": [
    1280,
    720
  ],
  "ids0": [
    31,
    23,
    39,
    15,
    22,
    7,
    30,
    14,
    38,
    6,
    21,
    29,
    37,
    13,
    5,
    12,
    11,
    4,
    18,
    27,
    26,
    36,
    20,
    28
  ],
  "ids1": [
    18,
    17,
    19,
    26,
    9,
    25,
    27,
    11,
    10,
    12,
    20,
    28,
    2,
    35,
    3,
    8,
    16,
    34,
    24,
    1,
    33,
    4,
    0,
    21,
    13,
    29,
    32,
    37,
    5,
    22,
    30,
    6,
    23,
    31,
    15,
    7,
    39
  ],
  "corners0": [
    [
      [
        478.0,
        209.0
      ],
      [
        524.0,
        206.0
      ],
      [
        527.0,
        255.0
      ],
      [
        480.0,
        259.0
      ]
    ],
    [
      [
        477.0,
        139.0
      ],
      [
        524.0,
        137.0
      ],
      [
        525.0,
        186.0
      ],
      [
        479.0,
        189.0
      ]
    ],
    [
      [
        480.0,
        280.0
      ],
      [
        526.0,
        275.0
      ],
      [
        529.0,
        323.0
      ],
      [
        483.0,
        329.0
      ]
    ],
    [
      [
        477.0,
        70.0
      ],
      [
        524.0,
        70.0
      ],
      [
        525.0,
        117.0
      ],
      [
        478.0,
        118.0
      ]
    ],
    [
      [
        545.0,
        137.0
      ],
      [
        589.0,
        139.0
      ],
      [
        588.0,
        185.0
      ],
      [
        544.0,
        185.0
      ]
    ],
    [
      [
        479.0,
        5.0
      ],
      [
        525.0,
        6.0
      ],
      [
        525.0,
        50.0
      ],
      [
        478.0,
        50.0
      ]
    ],
    [
      [
        544.0,
        207.0
      ],
      [
        588.0,
        204.0
      ],
      [
        590.0,
        250.0
      ],
      [
        546.0,
        254.0
      ]
    ],
    [
      [
        545.0,
        71.0
      ],
      [
        588.0,
        74.0
      ],
      [
        588.0,
        119.0
      ],
      [
        544.0,
        117.0
      ]
    ],
    [
      [
        546.0,
        275.0
      ],
      [
        588.0,
        270.0
      ],
      [
        591.0,
        316.0
      ],
      [
        550.2719116210938,
        323.8931579589844
      ]
    ],
    [
      [
        546.0,
        7.0
      ],
      [
        589.0,
        12.0
      ],
      [
        588.0,
        54.0
      ],
      [
        544.0,
        51.0
      ]
    ],
    [
      [
        608.0,
        138.0
      ],
      [
        647.0,
        140.0
      ],
      [
        646.0,
        185.0
      ],
      [
        607.0,
        184.0
      ]
    ],
    [
      [
        608.0,
        204.0
      ],
      [
        648.0,
        204.0
      ],
      [
        647.0,
        248.0
      ],
      [
        607.0,
        249.0
      ]
    ],
    [
      [
        607.0,
        271.0
      ],
      [
        647.0,
        267.0
      ],
      [
        648.0,
        310.0
      ],
      [
        609.0,
        315.0
      ]
    ],
    [
      [
        608.0,
        74.0
      ],
      [
        647.0,
        78.0
      ],
      [
        646.0,
        121.0
      ],
      [
        607.0,
        119.0
      ]
    ],
    [
      [
        608.0,
        13.0
      ],
      [
        647.0,
        18.0
      ],
      [
        646.0,
        59.0
      ],
      [
        607.0,
        55.0
      ]
    ],
    [
      [
        665.0,
        79.0
      ],
      [
        701.0,
        83.0
      ],
      [
        700.0,
        124.0
      ],
      [
        664.0,
        121.0
      ]
    ],
    [
      [
        716.0,
        83.0
      ],
      [
        751.0,
        88.0
      ],
      [
        750.0,
        129.0
      ],
      [
        716.0,
        126.0
      ]
    ],
    [
      [
        665.0,
        20.0
      ],
      [
        700.0,
        26.0
      ],
      [
        700.0,
        65.0
      ],
      [
        664.0,
        60.0
      ]
    ],
    [
      [
        764.0,
        145.0
      ],
      [
        795.0,
        148.0
      ],
      [
        794.0,
        188.0
      ],
      [
        763.0,
        186.0
      ]
    ],
    [
      [
        718.0,
        202.0
      ],
      [
        749.0,
        204.0
      ],
      [
        747.0,
        244.0
      ],
      [
        716.0,
        243.0
      ]
    ],
    [
      [
        764.0,
        202.0
      ],
      [
        794.0,
        203.0
      ],
      [
        792.0,
        243.0
      ],
      [
        762.0,
        244.0
      ]
    ],
    [
      [
        664.0,
        267.0
      ],
      [
        699.0,
        263.0
      ],
      [
        700.0,
        305.0
      ],
      [
        665.0,
        309.0
      ]
    ],
    [
      [
        665.0,
        140.0
      ],
      [
        701.0,
        143.0
      ],
      [
        700.0,
        185.0
      ],
      [
        664.0,
        183.0
      ]
    ],
    [
      [
        664.0,
        204.0
      ],
      [
        700.0,
        203.0
      ],
      [
        701.0,
        244.0
      ],
      [
        665.0,
        247.0
      ]
    ]
  ],