{
  "size": [
    1280,
    720
  ],
  "ids0": [
    35,
    34,
    33,
    27,
    26,
    28,
    37,
    25,
    32,
    18,
    19,
    29,
    20,
    24,
    17,
    38,
    21,
    30,
    16,
    10,
    12,
    11,
    22,
    9,
    39,
    13,
    31,
    8,
    2,
    7,
    3,
    14,
    4,
    23,
    1,
    0,
    15,
    36
  ],
  "ids1": [
    32,
    24,
    16,
    8,
    33,
    25,
    17,
    0,
    9,
    34,
    26,
    18,
    1
  ],
  "corners0": [
    [
      [
        672.0,
        498.0
      ],
      [
        712.0,
        490.0
      ],
      [
        720.0,
        530.0
      ],
      [
        679.0,
        538.0
      ]
    ],
    [
      [
        730.0,
        488.0
      ],
      [
        770.0,
        480.0
      ],
      [
        778.0,
        519.0
      ],
      [
        738.0,
        528.0
      ]
    ],
    [
      [
        788.0,
        477.0
      ],
      [
        827.0,
        469.0
      ],
      [
        835.0,
        508.0
      ],
      [
        796.0,
        517.0
      ]
    ],
    [
      [
        663.0,
        441.0
      ],
      [
        700.4465942382812,
        431.4190368652344
      ],
      [
        710.0,
        472.0
      ],
      [
        670.0,
        480.0
      ]
    ],
    [
      [
        720.0,
        431.0
      ],
      [
        759.0,
        423.0
      ],
      [
        767.0,
        462.0
      ],
      [
        728.0,
        470.0
      ]
    ],
    [
      [
        606.0,
        451.0
      ],
      [
        645.0,
        444.0
      ],
      [
        652.0,
        483.0
      ],
      [
        613.0,
        490.0
      ]
    ],
    [
      [
        558.0,
        516.0
      ],
      [
        596.0,
        509.0
      ],
      [
        603.0,
        549.0
      ],
      [
        564.0,
        554.0
      ]
    ],
    [
      [
        777.0,
        421.0
      ],
      [
        815.0,
        413.0
      ],
      [
        824.0,
        451.0
      ],
      [
        785.0,
        459.0
      ]
    ],
    [
      [
        844.0,
        466.0
      ],
      [
        881.0,
        457.0
      ],
      [
        889.0,
        496.0
      ],
      [
        852.0,
        505.0
      ]
    ],
    [
      [
        710.0,
        376.0
      ],
      [
        748.0,
        368.0
      ],
      [
        757.0,
        405.0
      ],
      [
        718.0,
        414.0
      ]
    ],
    [
      [
        654.0,
        386.0
      ],
      [
        693.0,
        379.0
      ],
      [
        700.0,
        416.0
      ],
      [
        661.0,
        424.0
      ]
    ],
    [
      [
        550.0,
        460.0
      ],
      [
        588.0,
        453.0
      ],
      [
        595.0,
        491.0
      ],
      [
        556.0,
        498.0
      ]
    ],
    [
      [
        598.0,
        396.0
      ],
      [
        636.0,
        388.0
      ],
      [
        643.0,
        426.0
      ],
      [
        604.0,
        433.0
      ]
    ],
    [
      [
        832.0,
        410.0
      ],
      [
        869.0,
        402.0
      ],
      [
        878.0,
        440.0
      ],
      [
        841.0,
        448.0
      ]
    ],
    [
      [
        766.0,
        366.0
      ],
      [
        803.0,
        358.0
      ],
      [
        812.0,
        395.0
      ],
      [
        774.0,
        403.0
      ]
    ],
    [
      [
        504.0,
        523.0
      ],
      [
        540.0,
        517.0
      ],
      [
        546.0,
        556.0
      ],
      [
        509.0,
        561.0
      ]
    ],
    [
      [
        544.0,
        405.0
      ],
      [
        581.0,
        398.0
      ],
      [
        587.0,
        435.0
      ],
      [
        549.0,
        442.0
      ]
    ],
    [
      [
        497.0,
        468.0
      ],
      [
        533.0,
        462.0
      ],
      [
        539.0,
        499.0
      ],
      [
        502.0,
        505.0
      ]
    ],
    [
      [
        820.0,
        356.0
      ],
      [
        856.0,
        349.0
      ],
      [
        865.0,
        385.0
      ],
      [
        829.0,
        393.0
      ]
    ],
    [
      [
        700.0,
        324.0
      ],
      [
        737.0,
        316.0
      ],
      [
        746.0,
        351.0
      ],
      [
        708.0,
        359.0
      ]
    ],
    [
      [
        591.0,
        343.0
      ],
      [
        628.0,
        336.0
      ],
      [
        635.0,
        371.0
      ],
      [
        597.0,
        379.0
      ]
    ],
    [
      [
        646.0,
        333.0
      ],
      [
        683.0,
        326.0
      ],
      [
        690.0,
        361.0
      ],
      [
        652.0,
        369.0
      ]
    ],
    [
      [
        492.0,
        414.0
      ],
      [
        527.0,
        407.0
      ],
      [
        532.0,
        444.0
      ],
      [
        496.0,
        450.0
      ]
    ],
    [
      [
        755.0,
        314.0
      ],
      [
        791.0,
        307.0
      ],
      [
        800.0,
        341.0
      ],
      [
        763.0,
        349.0
      ]
    ],
    [
      [
        452.0,
        529.0
      ],
      [
        486.0,
        524.0
      ],
      [
        492.0,
        562.0
      ],
      [
        457.0,
        566.0
      ]
    ],
    [
      [
        538.0,
        353.0
      ],
      [
        574.0,
        345.0
      ],
      [
        579.0,
        381.0
      ],
      [
        543.0,
        388.0
      ]
    ],
    [
      [
        447.0,
        475.0
      ],
      [
        480.0,
        469.0
      ],
      [
        485.0,
        506.0
      ],
      [
        451.0,
        512.0
      ]
    ],
    [
      [
        808.0,
        305.0
      ],
      [
        843.0,
        298.0
      ],
      [
        852.0,
        332.0
      ],
      [
        817.0,
        339.0
      ]
    ],
    [
      [
        691.0,
        274.0
      ],
      [
        727.0,
        267.0
      ],
      [
        735.0,
        299.0
      ],
      [
        698.0,
        307.0
      ]
    ],
    [
      [
        435.0,
        322.0
      ],
      [
        469.0,
        314.0
      ],
      [
        472.0,
        349.0
      ],
      [
        437.0,
        357.0
      ]
    ],
    [
      [
        638.0,
        283.0
      ],
      [
        674.0,
        276.0
      ],
      [
        680.0,
        309.0
      ],
      [
        644.0,
        316.0
      ]
    ],
    [
      [
        487.0,
        363.0
      ],
      [
        521.0,
        355.0
      ],
      [
        526.0,
        390.0
      ],
      [
        491.0,
        397.0
      ]
    ],
    [
      [
        585.0,
        293.0
      ],
      [
        621.0,
        286.0
      ],
      [
        626.0,
        319.0
      ],
      [
        590.0,
        326.0
      ]
    ],
    [
      [
        442.0,
        422.0
      ],
      [
        475.0,
        416.0
      ],
      [
        479.0,
        452.0
      ],
      [
        446.0,
        458.0
      ]
    ],
    [
      [
        744.0,
        264.0
      ],
      [
        779.0,
        258.0
      ],
      [
        788.0,
        290.0
      ],
      [
        752.0,
        297.0
      ]
    ],
    [
      [
        796.0,
        256.0
      ],
      [
        829.0,
        250.0
      ],
      [
        839.0,
        281.0
      ],
      [
        805.0,
        288.0
      ]
    ],
    [
      [
        439.0,
        371.0
      ],
      [
        471.0,
        365.0
      ],
      [
        474.0,
        399.0
      ],
      [
        442.0,
        405.0
      ]
    ],
    [
      [
        614.0,
        507.0
      ],
      [
        654.0,
        500.0
      ],
      [
        661.0,
        540.0
      ],
      [
        621.0,
        547.0
      ]
    ]
  ],