{
  "size": [
    1280,
    720
  ],
  "ids0": [
    22,
    18,
    11,
    17,
    35,
    37,
    28,
    9,
    24,
    20,
    38,
    27,
    29,
    7,
    32,
    19,
    1,
    36
  ],
  "ids1": [
    16,
    8,
    24,
    0,
    32,
    2,
    25,
    17,
    9,
    1,
    33,
    18,
    26,
    10,
    27,
    35,
    5,
    34
  ],
  "corners0": [
    [
      [
        626.0,
        283.0
      ],
      [
        660.0,
        288.0
      ],
      [
        654.0,
        322.0
      ],
      [
        620.0,
        317.0
      ]
    ],
    [
      [
        817.0,
        308.0
      ],
      [
        849.0,
        313.0
      ],
      [
        844.599365234375,
        348.85089111328125
      ],
      [
        812.0,
        342.0
      ]
    ],
    [
      [
        775.0,
        255.0
      ],
      [
        808.0,
        260.0
      ],
      [
        804.0,
        294.0
      ],
      [
        770.0,
        288.0
      ]
    ],
    [
      [
        862.4988403320312,
        313.3545227050781
      ],
      [
        894.0,
        320.0
      ],
      [
        890.0,
        354.0
      ],
      [
        858.0,
        349.0
      ]
    ],
    [
      [
        759.0,
        399.0
      ],
      [
        791.0,
        405.0
      ],
      [
        786.0,
        437.0
      ],
      [
        753.0,
        432.0
      ]
    ],
    [
      [
        662.0,
        386.0
      ],
      [
        694.0,
        392.0
      ],
      [
        689.0,
        424.0
      ],
      [
        656.0,
        419.0
      ]
    ],
    [
      [
        717.0,
        344.0
      ],
      [
        749.0,
        349.0
      ],
      [
        744.0,
        382.0
      ],
      [
        712.0,
        377.0
      ]
    ],
    [
      [
        866.0457763671875,
        267.09368896484375
      ],
      [
        898.0,
        274.0
      ],
      [
        894.0,
        307.0
      ],
      [
        863.0,
        302.0
      ]
    ],
    [
      [
        902.0,
        368.0
      ],
      [
        933.9968872070312,
        372.8368835449219
      ],
      [
        928.0,
        407.0
      ],
      [
        898.0,
        402.0
      ]
    ],
    [
      [
        723.0,
        296.0
      ],
      [
        755.0,
        302.0
      ],
      [
        750.0,
        334.0
      ],
      [
        718.0,
        328.0
      ]
    ],
    [
      [
        613.0,
        380.0
      ],
      [
        645.0,
        385.0
      ],
      [
        640.0,
        417.0
      ],
      [
        608.0,
        412.0
      ]
    ],
    [
      [
        765.0,
        351.0
      ],
      [
        797.0,
        356.0
      ],
      [
        792.0,
        388.0
      ],
      [
        760.0,
        383.0
      ]
    ],
    [
      [
        668.0,
        338.0
      ],
      [
        700.0,
        343.0
      ],
      [
        695.0,
        375.0
      ],
      [
        663.0,
        370.0
      ]
    ],
    [
      [
        594.0,
        188.0
      ],
      [
        626.0,
        191.0
      ],
      [
        621.0,
        223.0
      ],
      [
        588.0,
        219.0
      ]
    ],
    [
      [
        897.0,
        416.0
      ],
      [
        927.0,
        420.0
      ],
      [
        922.0,
        454.0
      ],
      [
        892.0,
        450.0
      ]
    ],
    [
      [
        771.0,
        303.0
      ],
      [
        802.0,
        308.0
      ],
      [
        798.0,
        340.0
      ],
      [
        766.0,
        335.0
      ]
    ],
    [
      [
        870.0,
        224.0
      ],
      [
        900.0,
        230.0
      ],
      [
        898.0,
        262.0
      ],
      [
        865.2617797851562,
        256.7444152832031
      ]
    ],
    [
      [
        710.0,
        393.0
      ],
      [
        743.0,
        398.0
      ],
      [
        737.0,
        431.0
      ],
      [
        705.0,
        426.0
      ]
    ]
  ],
  "corners1": [
    [
      [
        793.668212890625,
        383.252685546875
      ],
      [
        829.0,
        398.0
      ],
      [
        816.0,
        437.0
      ],
      [
        778.0,
        424.0
      ]
    ],
    [
      [
        808.0,
        329.0
      ],
      [
        846.0,
        340.0
      ],
      [
        834.0,
        379.0
      ],
      [
        796.0,
        367.0
      ]
    ],
    [
      [
        773.0,
        442.0
      ],
      [
        810.0,
        455.0
      ],
      [
        796.0,
        494.0
      ],
      [
        760.0,
        481.0
      ]
    ],
    [
      [
        824.0,
        273.0
      ],
      [
        861.0,
        283.0
      ],
      [
        850.0,
        322.0
      ],
      [
        813.0,
        311.0
      ]
    ],
    [
      [
        754.0,
        498.0
      ],
      [
        791.0,
        512.0
      ],
      [
        777.0,
        549.0
      ],
      [
        741.0,
        535.0
      ]
    ],
    [
      [
        719.0,
        246.0
      ],
      [
        755.0,
        255.0
      ],
      [
        743.0,
        294.0
      ],
      [
        707.0,
        284.0
      ]
    ],
    [
      [
        721.0,
        424.0
      ],
      [
        756.0,
        437.0
      ],
      [
        743.0,
        475.0
      ],
      [
        708.0,
        462.0
      ]
    ],
    [
      [
        738.0,
        369.0
      ],
      [
        774.0,
        381.0
      ],
      [
        761.0,
        419.0
      ],
      [
        726.0,
        407.0
      ]
    ],
    [
      [
        755.0,
        314.0
      ],
      [
        791.0,
        324.0
      ],
      [
        778.0,
        363.0
      ],
      [
        743.0,
        351.0
      ]
    ],
    [
      [
        771.0,
        260.0
      ],
      [
        807.0,
        269.0
      ],
      [
        795.0,
        307.0
      ],
      [
        759.0,
        296.0
      ]
    ],
    [
      [
        702.0,
        479.0
      ],
      [
        737.0,
        492.0
      ],
      [
        724.0,
        529.0
      ],
      [
        690.0,
        515.0
      ]
    ],
    [
      [
        687.0,
        353.0
      ],
      [
        721.0,
        364.0
      ],
      [
        708.0,
        402.0
      ],
      [
        676.0,
        390.0
      ]
    ],
    [
      [
        670.0,
        407.0
      ],
      [
        704.0,
        419.0
      ],
      [
        691.0,
        456.0
      ],
      [
        659.0,
        444.0
      ]
    ],
    [
      [
        704.0,
        300.0
      ],
      [
        738.0,
        310.0
      ],
      [
        726.0,
        347.0
      ],
      [
        692.0,
        336.0
      ]
    ],
    [
      [
        624.0,
        391.0
      ],
      [
        655.0,
        402.0
      ],
      [
        642.0,
        438.0
      ],
      [
        612.0,
        425.0
      ]
    ],
    [
      [
        608.0,
        442.0
      ],
      [
        638.0,
        454.0
      ],
      [
        626.0,
        489.0
      ],
      [
        597.0,
        476.0
      ]
    ],
    [
      [
        584.0,
        218.0
      ],
      [
        613.0,
        224.0
      ],
      [
        601.0,
        259.0
      ],
      [
        572.0,
        252.0
      ]
    ],
    [
      [
        654.0,
        460.0
      ],
      [
        686.0,
        473.0
      ],
      [
        674.0,
        509.0
      ],
      [
        642.0,
        495.0
      ]
    ]
  ]
}