{
  "size": [
    1280,
    720
  ],
  "ids0": [
    0,
    8,
    1,
    9,
    2,
    16,
    10,
    26,
    19,
    33,
    20,
    35
  ],
  "ids1": [
    0,
    8,
    1,
    9,
    10,
    2,
    16,
    17,
    11,
    4,
    18,
    24,
    19,
    12,
    5,
    20
  ],
  "corners0": [
    [
      [
        717.0,
        279.0
      ],
      [
        775.0,
        293.0
      ],
      [
        771.0,
        353.0
      ],
      [
        717.0,
        337.0
      ]
    ],
    [
      [
        716.0,
        362.0
      ],
      [
        773.0,
        380.0
      ],
      [
        769.0,
        434.0
      ],
      [
        715.0,
        415.0
      ]
    ],
    [
      [
        640.0,
        260.0
      ],
      [
        692.0,
        272.0
      ],
      [
        692.0,
        332.0
      ],
      [
        642.0,
        317.0
      ]
    ],
    [
      [
        645.0,
        341.0
      ],
      [
        693.0,
        356.0
      ],
      [
        693.0,
        408.0
      ],
      [
        646.0,
        390.0
      ]
    ],
    [
      [
        575.0,
        246.0
      ],
      [
        619.0,
        257.0
      ],
      [
        621.0,
        312.0
      ],
      [
        579.0,
        299.0
      ]
    ],
    [
      [
        716.0,
        438.0
      ],
      [
        768.0,
        456.0
      ],
      [
        765.0,
        501.0
      ],
      [
        715.0,
        481.0
      ]
    ],
    [
      [
        583.0,
        322.0
      ],
      [
        624.0,
        336.0
      ],
      [
        626.0,
        384.0
      ],
      [
        587.0,
        369.0
      ]
    ],
    [
      [
        596.0,
        449.0
      ],
      [
        637.3526000976562,
        465.0935974121094
      ],
      [
        638.0,
        506.0
      ],
      [
        598.8319091796875,
        488.5723571777344
      ]
    ],
    [
      [
        537.0,
        368.0
      ],
      [
        573.0,
        383.0
      ],
      [
        578.0,
        426.0
      ],
      [
        541.6203002929688,
        411.6859436035156
      ]
    ],
    [
      [
        656.0,
        528.0
      ],
      [
        699.0,
        549.0
      ],
      [
        698.0,
        581.0
      ],
      [
        658.0,
        561.0
      ]
    ],
    [
      [
        493.0,
        351.0
      ],
      [
        523.0,
        363.0
      ],
      [
        529.0,
        404.0
      ],
      [
        499.0,
        390.0
      ]
    ],
    [
      [
        556.0,
        479.0
      ],
      [
        589.0,
        496.0
      ],
      [
        592.0,
        527.0
      ],
      [
        561.0,
        510.0
      ]
    ]
  ],
  "corners1": [
    [
      [
        838.0,
        252.0
      ],
      [
        897.0,
        266.0
      ],
      [
        887.0,
        320.0
      ],
      [
        831.0,
        306.0
      ]
    ],
    [
      [
        827.0,
        330.0
      ],
      [
        886.0,
        346.0
      ],
      [
        875.0,
        396.0
      ],
      [
        820.0,
        380.0
      ]
    ],
    [
      [
        754.0,
        235.0
      ],
      [
        811.0,
        247.0
      ],
      [
        804.0,
        301.0
      ],
      [
        751.0,
        287.0
      ]
    ],
    [
      [
        749.0,
        310.0
      ],
      [
        804.0,
        325.0
      ],
      [
        798.0,
        375.0
      ],
      [
        744.0,
        359.0
      ]
    ],
    [
      [
        675.0,
        293.0
      ],
      [
        727.0,
        306.0
      ],
      [
        724.0,
        355.0
      ],
      [
        674.0,
        341.0
      ]
    ],
    [
      [
        677.0,
        221.0
      ],
      [
        728.0,
        231.0
      ],
      [
        725.0,
        282.0
      ],
      [
        676.0,
        270.0
      ]
    ],
    [
      [
        817.0,
        401.0
      ],
      [
        871.0,
        416.0
      ],
      [
        861.0,
        459.0
      ],
      [
        810.0,
        444.0
      ]
    ],
    [
      [
        744.0,
        380.0
      ],
      [
        796.0,
        396.0
      ],
      [
        789.0,
        438.0
      ],
      [
        740.0,
        423.0
      ]
    ],
    [
      [
        609.0,
        278.0
      ],
      [
        655.0,
        289.0
      ],
      [
        654.0,
        337.0
      ],
      [
        610.0,
        324.0
      ]
    ],
    [
      [
        543.0,
        198.0
      ],
      [
        585.0,
        205.0
      ],
      [
        587.0,
        255.0
      ],
      [
        546.0,
        246.0
      ]
    ],
    [
      [
        675.0,
        361.0
      ],
      [
        723.0,
        375.0
      ],
      [
        720.0,
        417.0
      ],
      [
        674.0,
        402.0
      ]
    ],
    [
      [
        808.0,
        462.0
      ],
      [
        857.0,
        478.0
      ],
      [
        848.0,
        513.0
      ],
      [
        801.0,
        498.0
      ]
    ],
    [
      [
        613.8049926757812,
        341.0859375
      ],
      [
        656.0,
        356.0
      ],
      [
        655.0,
        397.0
      ],
      [
        613.0,
        383.0
      ]
    ],
    [
      [
        549.0,
        266.0
      ],
      [
        589.0,
        275.0
      ],
      [
        591.0,
        320.0
      ],
      [
        552.0,
        309.0
      ]
    ],
    [
      [
        488.0,
        191.0
      ],
      [
        524.0,
        197.0
      ],
      [
        527.0,
        243.0
      ],
      [
        492.0,
        236.0
      ]
    ],
    [
      [
        555.0,
        328.0
      ],
      [
        594.0,
        340.0
      ],
      [
        595.0,
        379.0
      ],
      [
        558.0,
        367.0
      ]
    ]
  ]
}