{
  "size": [
    1280,
    720
  ],
  "ids0": [
    4,
    3,
    5,
    2,
    6,
    1,
    11,
    0,
    12,
    10,
    7,
    13,
    9,
    14,
    27,
    15,
    24,
    31
  ],
  "ids1": [
    6,
    5,
    3,
    14,
    15,
    13,
    12,
    2,
    11,
    1,
    10,
    21,
    19,
    9,
    18,
    20
  ],
  "corners0": [
    [
      [
        566.0,
        204.0
      ],
      [
        609.0,
        202.0
      ],
      [
        611.0,
        240.0
      ],
      [
        568.0,
        241.0
      ]
    ],
    [
      [
        630.0,
        204.0
      ],
      [
        673.0,
        204.0
      ],
      [
        672.0,
        242.0
      ],
      [
        630.0,
        242.0
      ]
    ],
    [
      [
        504.0,
        203.0
      ],
      [
        547.0,
        202.0
      ],
      [
        549.0,
        240.0
      ],
      [
        508.0,
        241.0
      ]
    ],
    [
      [
        693.0,
        207.0
      ],
      [
        736.0,
        207.0
      ],
      [
        733.0,
        244.0
      ],
      [
        692.0,
        244.0
      ]
    ],
    [
      [
        444.0,
        204.0
      ],
      [
        485.0,
        202.0
      ],
      [
        489.0,
        240.0
      ],
      [
        449.0,
        241.0
      ]
    ],
    [
      [
        757.0,
        208.0
      ],
      [
        798.0,
        211.0
      ],
      [
        791.0,
        248.0
      ],
      [
        752.0,
        245.0
      ]
    ],
    [
      [
        628.0,
        260.0
      ],
      [
        670.0,
        260.0
      ],
      [
        669.0,
        294.0
      ],
      [
        629.0,
        294.0
      ]
    ],
    [
      [
        817.0,
        211.0
      ],
      [
        854.9697265625,
        214.14993286132812
      ],
      [
        848.0,
        250.0
      ],
      [
        810.0,
        248.0
      ]
    ],
    [
      [
        568.0,
        259.0
      ],
      [
        609.0,
        258.0
      ],
      [
        610.0,
        292.0
      ],
      [
        570.0,
        293.0
      ]
    ],
    [
      [
        689.0,
        262.0
      ],
      [
        730.0,
        262.0
      ],
      [
        727.0,
        296.0
      ],
      [
        688.0,
        295.0
      ]
    ],
    [
      [
        388.0,
        205.0
      ],
      [
        425.0,
        203.0
      ],
      [
        431.0,
        239.0
      ],
      [
        394.0,
        241.0
      ]
    ],
    [
      [
        508.0,
        259.0
      ],
      [
        548.0,
        258.0
      ],
      [
        551.0,
        291.0
      ],
      [
        512.0,
        292.0
      ]
    ],
    [
      [
        749.0,
        264.0
      ],
      [
        788.0,
        264.0
      ],
      [
        784.0,
        297.0
      ],
      [
        746.0,
        297.0
      ]
    ],
    [
      [
        450.0,
        259.0
      ],
      [
        488.0,
        257.0
      ],
      [
        493.0,
        291.0
      ],
      [
        456.0,
        292.0
      ]
    ],
    [
      [
        624.0,
        356.0
      ],
      [
        665.0,
        356.0
      ],
      [
        664.0,
        386.0
      ],
      [
        625.0,
        386.0
      ]
    ],
    [
      [
        396.0,
        259.0
      ],
      [
        432.0,
        258.0
      ],
      [
        437.0,
        290.0
      ],
      [
        402.0,
        291.0
      ]
    ],
    [
      [
        787.0,
        360.0
      ],
      [
        825.0,
        358.0
      ],
      [
        819.0,
        387.0
      ],
      [
        783.0,
        388.0
      ]
    ],
    [
      [
        412.0,
        351.0
      ],
      [
        447.0,
        351.0
      ],
      [
        453.0,
        380.0
      ],
      [
        419.0,
        380.0
      ]
    ]
  ],
  "corners1": [
    [
      [
        488.0,
        177.0
      ],
      [
        533.0,
        175.0
      ],
      [
        534.0,
        214.0
      ],
      [
        490.0,
        216.0
      ]
    ],
    [
      [
        553.0,
        176.0
      ],
      [
        598.0,
        174.0
      ],
      [
        597.0,
        212.0
      ],
      [
        553.0,
        214.0
      ]
    ],
    [
      [
        681.0,
        175.0
      ],
      [
        723.0,
        177.0
      ],
      [
        716.0,
        215.0
      ],
      [
        676.0,
        213.0
      ]
    ],
    [
      [
        491.0,
        233.0
      ],
      [
        533.0,
        232.0
      ],
      [
        532.0,
        268.0
      ],
      [
        491.0,
        268.0
      ]
    ],
    [
      [
        428.0,
        236.0
      ],
      [
        470.0,
        233.0
      ],
      [
        473.0,
        269.0
      ],
      [
        433.0,
        271.0
      ]
    ],
    [
      [
        553.0,
        231.0
      ],
      [
        595.0,
        231.0
      ],
      [
        592.0,
        266.0
      ],
      [
        551.0,
        266.0
      ]
    ],
    [
      [
        613.0,
        231.0
      ],
      [
        655.0,
        230.0
      ],
      [
        652.0,
        264.0
      ],
      [
        612.0,
        266.0
      ]
    ],
    [
      [
        742.0,
        177.0
      ],
      [
        780.0,
        180.0
      ],
      [
        772.0,
        216.0
      ],
      [
        734.0,
        214.0
      ]
    ],
    [
      [
        673.0,
        231.0
      ],
      [
        713.0,
        230.0
      ],
      [
        709.0,
        264.0
      ],
      [
        670.0,
        265.0
      ]
    ],
    [
      [
        798.0,
        180.0
      ],
      [
        833.0,
        184.0
      ],
      [
        824.0,
        218.0
      ],
      [
        789.0,
        216.0
      ]
    ],
    [
      [
        732.0,
        231.0
      ],
      [
        770.0,
        233.0
      ],
      [
        762.0,
        265.0
      ],
      [
        725.0,
        264.0
      ]
    ],
    [
      [
        551.0,
        284.0
      ],
      [
        591.0,
        282.0
      ],
      [
        591.0,
        312.0
      ],
      [
        552.0,
        315.0
      ]
    ],
    [
      [
        667.0,
        281.0
      ],
      [
        705.0,
        280.0
      ],
      [
        701.0,
        310.0
      ],
      [
        664.0,
        312.0
      ]
    ],
    [
      [
        787.0,
        232.0
      ],
      [
        821.0,
        235.0
      ],
      [
        812.0,
        266.0
      ],
      [
        779.0,
        265.0
      ]
    ],
    [
      [
        722.0,
        281.0
      ],
      [
        758.0,
        280.0
      ],
      [
        752.0,
        310.0
      ],
      [
        718.0,
        311.0
      ]
    ],
    [
      [
        611.0,
        281.0
      ],
      [
        650.0,
        281.0
      ],
      [
        646.0,
        312.0
      ],
      [
        607.0,
        312.0
      ]
    ]
  ]
}