{
  "size": [
    1280,
    720
  ],
  "ids0": [
    6,
    5,
    7,
    14,
    13,
    4,
    23,
    22,
    12,
    21,
    3,
    31,
    11,
    30,
    2,
    38,
    29,
    19,
    26,
    16,
    20
  ],
  "ids1": [
    15,
    7,
    14,
    5,
    22,
    31,
    30,
    21,
    4,
    39,
    12,
    29,
    38,
    37,
    20
  ],
  "corners0": [
    [
      [
        487.0,
        169.0
      ],
      [
        541.0,
        192.0
      ],
      [
        515.0,
        244.0
      ],
      [
        462.0,
        223.0
      ]
    ],
    [
      [
        563.0,
        202.0
      ],
      [
        614.0,
        224.0
      ],
      [
        588.0,
        272.0
      ],
      [
        537.0,
        252.0
      ]
    ],
    [
      [
        410.0,
        140.0
      ],
      [
        461.0,
        161.0
      ],
      [
        439.0,
        211.0
      ],
      [
        388.0,
        191.0
      ]
    ],
    [
      [
        453.0,
        244.0
      ],
      [
        505.0,
        264.0
      ],
      [
        480.0606994628906,
        313.9479675292969
      ],
      [
        431.0,
        292.0
      ]
    ],
    [
      [
        527.0,
        272.0
      ],
      [
        577.0,
        292.0
      ],
      [
        552.0,
        337.0
      ],
      [
        504.0,
        319.0
      ]
    ],
    [
      [
        635.0,
        233.0
      ],
      [
        682.0,
        254.0
      ],
      [
        655.0,
        299.0
      ],
      [
        609.0,
        281.0
      ]
    ],
    [
      [
        350.0,
        286.0
      ],
      [
        402.0,
        306.0
      ],
      [
        384.0,
        349.0
      ],
      [
        335.0,
        331.0
      ]
    ],
    [
      [
        423.0,
        313.0
      ],
      [
        474.0,
        332.0
      ],
      [
        454.0,
        373.0
      ],
      [
        405.0,
        356.0
      ]
    ],
    [
      [
        598.0,
        300.0
      ],
      [
        644.0,
        319.0
      ],
      [
        619.0,
        360.0
      ],
      [
        574.0,
        344.0
      ]
    ],
    [
      [
        495.0,
        338.0
      ],
      [
        543.0,
        355.0
      ],
      [
        522.0,
        395.0
      ],
      [
        476.0,
        380.0
      ]
    ],
    [
      [
        701.0,
        263.0
      ],
      [
        742.0,
        282.0
      ],
      [
        716.0,
        324.0
      ],
      [
        675.0,
        307.0
      ]
    ],
    [
      [
        329.0,
        351.0
      ],
      [
        377.0,
        368.0
      ],
      [
        363.0,
        407.0
      ],
      [
        317.0,
        390.0
      ]
    ],
    [
      [
        663.0,
        326.0
      ],
      [
        704.0,
        342.0
      ],
      [
        680.0,
        381.0
      ],
      [
        639.0,
        366.0
      ]
    ],
    [
      [
        399.0,
        375.0
      ],
      [
        446.0,
        392.0
      ],
      [
        430.0,
        428.0
      ],
      [
        384.0,
        413.0
      ]
    ],
    [
      [
        761.0,
        290.0
      ],
      [
        796.0,
        307.0
      ],
      [
        771.0,
        347.0
      ],
      [
        735.0,
        332.0
      ]
    ],
    [
      [
        377.0,
        429.0
      ],
      [
        425.0,
        444.0
      ],
      [
        410.0,
        479.0
      ],
      [
        364.0,
        464.0
      ]
    ],
    [
      [
        467.0,
        398.0
      ],
      [
        513.0,
        413.0
      ],
      [
        495.0,
        447.0
      ],
      [
        451.0,
        434.0
      ]
    ],
    [
      [
        629.0,
        384.0
      ],
      [
        669.0,
        399.0
      ],
      [
        646.0,
        433.0
      ],
      [
        606.0,
        421.0
      ]
    ],
    [
      [
        653.0,
        453.0
      ],
      [
        692.0,
        464.0
      ],
      [
        669.0,
        497.0
      ],
      [
        631.0,
        486.0
      ]
    ],
    [
      [
        788.0,
        436.0
      ],
      [
        819.0,
        446.0
      ],
      [
        794.0,
        478.0
      ],
      [
        764.0,
        469.0
      ]
    ],
    [
      [
        564.0,
        362.0
      ],
      [
        609.0,
        378.0
      ],
      [
        587.0,
        415.0
      ],
      [
        543.0,
        401.0
      ]
    ]
  ],
  "corners1": [
    [
      [
        477.0,
        186.0
      ],
      [
        533.0,
        208.0
      ],
      [
        506.0,
        262.0
      ],
      [
        450.0,
        243.0
      ]
    ],
    [
      [
        519.0,
        107.0
      ],
      [
        572.0,
        131.0
      ],
      [
        544.0,
        184.0
      ],
      [
        491.0,
        162.0
      ]
    ],
    [
      [
        556.0,
        217.0
      ],
      [
        607.0,
        238.0
      ],
      [
        578.0,
        287.0
      ],
      [
        528.0,
        270.0
      ]
    ],
    [
      [
        668.0,
        174.0
      ],
      [
        711.0,
        196.0
      ],
      [
        682.0,
        245.0
      ],
      [
        638.0,
        225.0
      ]
    ],
    [
      [
        517.0,
        290.0
      ],
      [
        567.0,
        307.0
      ],
      [
        542.0,
        353.0
      ],
      [
        492.0,
        338.0
      ]
    ],
    [
      [
        408.0,
        337.0
      ],
      [
        461.0,
        352.0
      ],
      [
        440.0,
        397.0
      ],
      [
        389.0,
        383.0
      ]
    ],
    [
      [
        483.0,
        358.0
      ],
      [
        532.0,
        372.0
      ],
      [
        509.0,
        413.0
      ],
      [
        461.0,
        401.0
      ]
    ],
    [
      [
        587.0,
        314.0
      ],
      [
        632.0,
        329.0
      ],
      [
        606.0,
        371.0
      ],
      [
        562.0,
        358.0
      ]
    ],
    [
      [
        729.0,
        206.0
      ],
      [
        766.0,
        226.0
      ],
      [
        738.0,
        270.0
      ],
      [
        700.0,
        252.0
      ]
    ],
    [
      [
        381.0,
        402.0
      ],
      [
        432.0,
        415.0
      ],
      [
        414.0,
        453.0
      ],
      [
        365.0,
        441.0
      ]
    ],
    [
      [
        690.0,
        271.0
      ],
      [
        727.0,
        288.0
      ],
      [
        700.0,
        330.0
      ],
      [
        662.0,
        317.0
      ]
    ],
    [
      [
        552.0,
        377.0
      ],
      [
        595.0,
        389.0
      ],
      [
        572.0,
        427.0
      ],
      [
        529.0,
        417.0
      ]
    ],
    [
      [
        453.0,
        419.0
      ],
      [
        500.0,
        431.0
      ],
      [
        479.0,
        467.0
      ],
      [
        435.0,
        457.0
      ]
    ],
    [
      [
        520.0,
        434.0
      ],
      [
        562.0,
        444.0
      ],
      [
        541.0,
        478.0
      ],
      [
        500.0,
        470.0
      ]
    ],
    [
      [
        650.0,
        335.0
      ],
      [
        689.0,
        348.0
      ],
      [
        663.0,
        387.0
      ],
      [
        625.0,
        376.0
      ]
    ]
  ]
}