{
  "size": [
    1280,
    720
  ],
  "ids0": [
    7,
    14,
    6,
    13,
    15,
    23,
    22,
    12,
    21,
    31,
    3,
    30,
    20,
    29,
    11,
    19,
    2,
    39,
    28,
    10,
    27,
    18
  ],
  "ids1": [
    7,
    15,
    6,
    5,
    31,
    21,
    30,
    39,
    12,
    29,
    38,
    3,
    37,
    28,
    20
  ],
  "corners0": [
    [
      [
        265.0,
        225.0
      ],
      [
        317.0,
        220.0
      ],
      [
        318.0416564941406,
        273.3014831542969
      ],
      [
        268.0,
        280.0
      ]
    ],
    [
      [
        343.0,
        298.0
      ],
      [
        396.0,
        292.0
      ],
      [
        397.0,
        344.0
      ],
      [
        346.0,
        351.0
      ]
    ],
    [
      [
        343.0,
        219.0
      ],
      [
        394.0,
        215.0
      ],
      [
        395.0,
        267.0
      ],
      [
        345.0,
        273.0
      ]
    ],
    [
      [
        417.0,
        291.0
      ],
      [
        468.0,
        286.0
      ],
      [
        467.0,
        336.0
      ],
      [
        419.0,
        343.0
      ]
    ],
    [
      [
        268.0,
        307.0
      ],
      [
        318.0,
        301.0
      ],
      [
        322.0,
        351.0
      ],
      [
        273.0,
        358.0
      ]
    ],
    [
      [
        273.0,
        382.0
      ],
      [
        324.0,
        375.0
      ],
      [
        329.0,
        424.0
      ],
      [
        280.0,
        432.0
      ]
    ],
    [
      [
        346.0,
        374.0
      ],
      [
        397.0,
        366.0
      ],
      [
        400.0,
        413.0
      ],
      [
        351.0,
        422.0
      ]
    ],
    [
      [
        488.0,
        285.0
      ],
      [
        535.0,
        280.0
      ],
      [
        533.0,
        329.0
      ],
      [
        488.0,
        335.0
      ]
    ],
    [
      [
        418.0,
        364.0
      ],
      [
        466.0,
        357.0
      ],
      [
        467.0,
        403.0
      ],
      [
        421.0,
        411.0
      ]
    ],
    [
      [
        282.0,
        453.0
      ],
      [
        331.0,
        445.0
      ],
      [
        337.0,
        488.0
      ],
      [
        290.0,
        496.0
      ]
    ],
    [
      [
        560.0,
        208.0
      ],
      [
        603.0,
        209.0
      ],
      [
        598.0,
        257.0
      ],
      [
        556.0,
        258.0
      ]
    ],
    [
      [
        352.0,
        442.0
      ],
      [
        400.0,
        434.0
      ],
      [
        403.0,
        477.0
      ],
      [
        357.0,
        485.0
      ]
    ],
    [
      [
        487.0,
        355.0
      ],
      [
        531.0,
        349.0
      ],
      [
        530.0,
        393.0
      ],
      [
        487.0,
        401.0
      ]
    ],
    [
      [
        420.0,
        432.0
      ],
      [
        466.0,
        423.0
      ],
      [
        467.0,
        465.0
      ],
      [
        424.0,
        474.0
      ]
    ],
    [
      [
        554.0,
        281.0
      ],
      [
        596.0,
        276.0
      ],
      [
        594.0,
        321.0
      ],
      [
        553.0,
        327.0
      ]
    ],
    [
      [
        551.0,
        347.0
      ],
      [
        591.0,
        342.0
      ],
      [
        589.0,
        384.0
      ],
      [
        549.0,
        391.0
      ]
    ],
    [
      [
        622.0,
        208.0
      ],
      [
        659.0,
        209.0
      ],
      [
        654.0,
        254.0
      ],
      [
        617.0,
        255.0
      ]
    ],
    [
      [
        293.0,
        516.0
      ],
      [
        338.0,
        508.0
      ],
      [
        345.0,
        545.0
      ],
      [
        301.0,
        553.0
      ]
    ],
    [
      [
        486.0,
        421.0
      ],
      [
        528.0,
        413.0
      ],
      [
        528.0,
        453.0
      ],
      [
        487.0,
        462.0
      ]
    ],
    [
      [
        615.0,
        276.0
      ],
      [
        652.0,
        273.0
      ],
      [
        649.0,
        316.0
      ],
      [
        613.0,
        321.0
      ]
    ],
    [
      [
        548.0,
        410.0
      ],
      [
        586.0,
        403.0
      ],
      [
        585.0,
        441.0
      ],
      [
        547.0,
        450.0
      ]
    ],
    [
      [
        609.0,
        341.0
      ],
      [
        646.0,
        335.0
      ],
      [
        643.0,
        375.0
      ],
      [
        607.0,
        382.0
      ]
    ]
  ],
  "corners1": [
    [
      [
        349.0,
        200.0
      ],
      [
        408.0,
        194.0
      ],
      [
        408.0,
        255.0
      ],
      [
        351.0,
        264.0
      ]
    ],
    [
      [
        351.0,
        293.0
      ],
      [
        407.0,
        284.0
      ],
      [
        409.0,
        340.0
      ],
      [
        355.0,
        352.0
      ]
    ],
    [
      [
        435.0,
        192.0
      ],
      [
        487.0,
        188.0
      ],
      [
        485.0,
        245.0
      ],
      [
        435.0,
        252.0
      ]
    ],
    [
      [
        510.0,
        185.0
      ],
      [
        558.0,
        182.0
      ],
      [
        555.0,
        239.0
      ],
      [
        508.0,
        245.0
      ]
    ],
    [
      [
        361.0,
        456.0
      ],
      [
        413.0,
        441.0
      ],
      [
        417.0,
        488.0
      ],
      [
        367.0,
        504.0
      ]
    ],
    [
      [
        503.0,
        346.0
      ],
      [
        548.0,
        335.0
      ],
      [
        546.0,
        384.0
      ],
      [
        503.0,
        396.0
      ]
    ],
    [
      [
        434.0,
        436.0
      ],
      [
        482.0,
        422.0
      ],
      [
        483.0,
        466.0
      ],
      [
        437.0,
        482.0
      ]
    ],
    [
      [
        368.0,
        524.0
      ],
      [
        417.0,
        508.0
      ],
      [
        421.0,
        548.0
      ],
      [
        375.0,
        565.0
      ]
    ],
    [
      [
        572.0,
        259.0
      ],
      [
        611.0,
        253.0
      ],
      [
        608.0,
        303.0
      ],
      [
        569.0,
        311.0
      ]
    ],
    [
      [
        502.0,
        417.0
      ],
      [
        543.0,
        404.0
      ],
      [
        542.0,
        448.0
      ],
      [
        503.9122009277344,
        463.8663330078125
      ]
    ],
    [
      [
        437.0,
        502.0
      ],
      [
        482.0,
        487.0
      ],
      [
        483.0,
        526.0
      ],
      [
        440.0,
        542.0
      ]
    ],
    [
      [
        637.0,
        180.0
      ],
      [
        671.0,
        181.0
      ],
      [
        665.0,
        229.0
      ],
      [
        631.0,
        231.0
      ]
    ],
    [
      [
        500.0,
        482.0
      ],
      [
        540.0,
        467.0
      ],
      [
        539.0,
        505.0
      ],
      [
        501.0,
        520.0
      ]
    ],
    [
      [
        562.0,
        400.0
      ],
      [
        599.0,
        389.0
      ],
      [
        596.0,
        429.0
      ],
      [
        560.0,
        442.0
      ]
    ],
    [
      [
        566.0,
        333.0
      ],
      [
        605.0,
        323.0
      ],
      [
        602.0,
        368.0
      ],
      [
        564.0,
        379.0
      ]
    ]
  ]
}