{
  "size": [
    1280,
    720
  ],
  "ids0": [
    0,
    1,
    2,
    3,
    4,
    5,
    6,
    24,
    25,
    26,
    27,
    28,
    29,
    30,
    48,
    49,
    50,
    51,
    52,
    53,
    54,
    72,
    73,
    74,
    75,
    76,
    77,
    78,
    96,
    97,
    98,
    99,
    100,
    101,
    102
  ],
  "ids1": [
    30,
    53,
    54,
    76,
    77,
    78,
    100,
    101,
    102
  ],
  "corners0": [
    [
      [
        978.4780883789062,
        536.45166015625
      ],
      [
        982.3450927734375,
        503.35638427734375
      ],
      [
        946.0092163085938,
        506.4244689941406
      ],
      [
        941.9466552734375,
        538.9470825195312
      ]
    ],
    [
      [
        932.1458129882812,
        539.4581909179688
      ],
      [
        934.6220703125,
        507.25982666015625
      ],
      [
        896.1904907226562,
        509.4797058105469
      ],
      [
        895.5439453125,
        541.787109375
      ]
    ],
    [
      [
        884.4842529296875,
        542.3104248046875
      ],
      [
        885.6798706054688,
        510.1000061035156
      ],
      [
        847.2626953125,
        511.8293151855469
      ],
      [
        846.70751953125,
        543.9616088867188
      ]
    ],
    [
      [
        836.411865234375,
        544.177734375
      ],
      [
        836.0460205078125,
        512.1638793945312
      ],
      [
        797.1179809570312,
        513.3492431640625
      ],
      [
        797.3887939453125,
        545.3156127929688
      ]
    ],
    [
      [
        787.843994140625,
        545.4268798828125
      ],
      [
        785.8712158203125,
        513.5913696289062
      ],
      [
        747.0947875976562,
        514.057373046875
      ],
      [
        749.7826538085938,
        545.8226928710938
      ]
    ],
    [
      [
        739.4509887695312,
        545.8466186523438
      ],
      [
        736.254150390625,
        514.2685546875
      ],
      [
        697.7489013671875,
        514.1896362304688
      ],
      [
        701.927734375,
        545.503173828125
      ]
    ],
    [
      [
        691.5297241210938,
        545.3656616210938
      ],
      [
        687.443359375,
        514.241943359375
      ],
      [
        650.2638549804688,
        513.6610717773438
      ],
      [
        655.7881469726562,
        544.4717407226562
      ]
    ],
    [
      [
        983.8851928710938,
        494.8341979980469
      ],
      [
        986.79345703125,
        459.62420654296875
      ],
      [
        948.4458618164062,
        462.4638366699219
      ],
      [
        946.5325317382812,
        497.75732421875
      ]
    ],
    [
      [
        935.3502197265625,
        498.61102294921875
      ],
      [
        937.58203125,
        463.30438232421875
      ],
      [
        898.2874755859375,
        465.5667419433594
      ],
      [
        897.0516967773438,
        500.97576904296875
      ]
    ],
    [
      [
        886.0581665039062,
        501.55926513671875
      ],
      [
        887.5863037109375,
        466.1234130859375
      ],
      [
        846.5020141601562,
        468.189697265625
      ],
      [
        847.3048706054688,
        503.1895446777344
      ]
    ],
    [
      [
        835.513427734375,
        503.70257568359375
      ],
      [
        835.422607421875,
        468.6039123535156
      ],
      [
        794.7098999023438,
        470.1127624511719
      ],
      [
        796.7225952148438,
        504.8526916503906
      ]
    ],
    [
      [
        785.8328247070312,
        505.1751708984375
      ],
      [
        783.196533203125,
        470.39263916015625
      ],
      [
        742.4461669921875,
        471.3851623535156
      ],
      [
        746.3754272460938,
        505.8749084472656
      ]
    ],
    [
      [
        735.3634033203125,
        506.1408386230469
      ],
      [
        732.4710083007812,
        471.6234130859375
      ],
      [
        692.2366943359375,
        472.02301025390625
      ],
      [
        696.663818359375,
        506.0812072753906
      ]
    ],
    [
      [
        686.7105102539062,
        506.107666015625
      ],
      [
        681.8512573242188,
        472.28021240234375
      ],
      [
        643.4046020507812,
        472.13201904296875
      ],
      [
        648.67822265625,
        505.7447509765625
      ]
    ],
    [
      [
        987.9122924804688,
        450.26458740234375
      ],
      [
        990.5431518554688,
        412.04840087890625
      ],
      [
        951.3824462890625,
        414.712158203125
      ],
      [
        949.470703125,
        453.18499755859375
      ]
    ],
    [
      [
        938.5816040039062,
        453.8980407714844
      ],
      [
        939.1783447265625,
        415.5360107421875
      ],
      [
        899.0538940429688,
        417.954345703125
      ],
      [
        898.3482055664062,
        456.30908203125
      ]
    ],
    [
      [
        887.36181640625,
        456.93548583984375
      ],
      [
        887.6712036132812,
        418.5911560058594
      ],
      [
        845.8699340820312,
        420.5985107421875
      ],
      [
        846.525634765625,
        458.75189208984375
      ]
    ],
    [
      [
        835.4423828125,
        459.49688720703125
      ],
      [
        833.8587646484375,
        421.30548095703125
      ],
      [
        792.0149536132812,
        422.9166259765625
      ],
      [
        794.4137573242188,
        460.7447509765625
      ]
    ],
    [
      [
        782.7841186523438,
        461.2643737792969
      ],
      [
        780.7085571289062,
        423.53582763671875
      ],
      [
        738.8146362304688,
        424.8528137207031
      ],
      [
        742.0458374023438,
        462.27691650390625
      ]
    ],
    [
      [
        731.3878784179688,
        462.6409606933594
      ],
      [
        727.1078491210938,
        425.4461975097656
      ],
      [
        686.4609375,
        426.4256286621094
      ],
      [
        691.2227172851562,
        463.2523498535156
      ]
    ],
    [
      [
        680.560302734375,
        463.4504089355469
      ],
      [
        675.2667846679688,
        426.67303466796875
      ],
      [
        635.6631469726562,
        427.5250549316406
      ],
      [
        641.7737426757812,
        463.5780029296875
      ]
    ],
    [
      [
        991.194091796875,
        402.007568359375
      ],
      [
        993.397216796875,
        360.9572448730469
      ],
      [
        952.6531982421875,
        363.5001220703125
      ],
      [
        951.7227172851562,
        404.664794921875
      ]
    ],
    [
      [
        940.435546875,
        405.40631103515625
      ],
      [
        941.0192260742188,
        364.237548828125
      ],
      [
        899.1080322265625,
        366.65618896484375
      ],
      [
        898.9188232421875,
        407.8787841796875
      ]
    ],
    [
      [
        887.4132080078125,
        408.5028076171875
      ],
      [
        886.7844848632812,
        367.37939453125
      ],
      [
        843.9827270507812,
        369.6610412597656
      ],
      [
        845.6498413085938,
        410.58734130859375
      ]
    ],
    [
      [
        834.01318359375,
        411.2843322753906
      ],
      [
        831.7216796875,
        370.25830078125
      ],
      [
        789.0009155273438,
        372.4472961425781
      ],
      [
        791.1052856445312,
        412.9942932128906
      ]
    ],
    [
      [
        779.9087524414062,
        413.5689697265625
      ],
      [
        776.8165283203125,
        373.1989440917969
      ],
      [
        733.5031127929688,
        374.9925842285156
      ],
      [
        737.4857788085938,
        415.22308349609375
      ]
    ],
    [
      [
