{
  "size": [
    1280,
    720
  ],
  "ids0": [
    48,
    1,
    72,
    25,
    26,
    49,
    0,
    73,
    96,
    24,
    2,
    50,
    97,
    51,
    27,
    74,
    3,
    98,
    75,
    28,
    52,
    99,
    4,
    76,
    29,
    100,
    5,
    53,
    77,
    6,
    101,
    54,
    30,
    78,
    102
  ],
  "ids1": [
    30,
    29,
    78,
    53,
    28,
    77,
    52,
    102,
    76,
    101,
    27,
    51,
    54,
    100,
    3,
    75,
    2,
    26,
    50,
    99,
    74,
    98,
    1,
    25,
    49,
    73,
    97,
    0,
    48,
    72,
    24,
    96
  ],
  "corners0": [
    [
      [
        724.424072265625,
        522.5565185546875
      ],
      [
        771.7797241210938,
        520.6182250976562
      ],
      [
        770.2697143554688,
        568.587646484375
      ],
      [
        721.5454711914062,
        569.4232788085938
      ]
    ],
    [
      [
        657.5996704101562,
        640.2820434570312
      ],
      [
        704.654541015625,
        641.9625244140625
      ],
      [
        700.630126953125,
        690.2771606445312
      ],
      [
        653.550048828125,
        687.3395385742188
      ]
    ],
    [
      [
        727.6710815429688,
        465.6407165527344
      ],
      [
        773.5426635742188,
        462.8172607421875
      ],
      [
        772.6737060546875,
        508.5186767578125
      ],
      [
        725.3261108398438,
        510.616943359375
      ]
    ],
    [
      [
        662.6353759765625,
        581.4099731445312
      ],
      [
        708.6380004882812,
        581.6152954101562
      ],
      [
        705.380126953125,
        629.683349609375
      ],
      [
        658.4427490234375,
        628.1525268554688
      ]
    ],
    [
      [
        607.8463134765625,
        579.7642211914062
      ],
      [
        650.6807250976562,
        580.8690795898438
      ],
      [
        647.220947265625,
        627.4317626953125
      ],
      [
        603.383056640625,
        625.3507690429688
      ]
    ],
    [
      [
        667.5422973632812,
        523.6075439453125
      ],
      [
        712.511962890625,
        522.8436889648438
      ],
      [
        709.4658203125,
        569.4989013671875
      ],
      [
        663.5059204101562,
        569.4070434570312
      ]
    ],
    [
      [
        720.0,
        645.0
      ],
      [
        764.0,
        646.0
      ],
      [
        760.0,
        690.0
      ],
      [
        715.0,
        687.0
      ]
    ],
    [
      [
        671.7496337890625,
        468.649169921875
      ],
      [
        716.107421875,
        466.38580322265625
      ],
      [
        713.200439453125,
        511.13720703125
      ],
      [
        668.3833618164062,
        512.4298095703125
      ]
    ],
    [
      [
        730.6622924804688,
        411.6213073730469
      ],
      [
        774.505615234375,
        408.2432556152344
      ],
      [
        774.250732421875,
        451.2376403808594
      ],
      [
        728.2735595703125,
        454.45269775390625
      ]
    ],
    [
      [
        724.0,
        584.0
      ],
      [
        767.0,
        584.0
      ],
      [
        764.0,
        628.0
      ],
      [
        720.0,
        627.0
      ]
    ],
    [
      [
        601.8333740234375,
        636.7099609375
      ],
      [
        645.5270385742188,
        639.5487060546875
      ],
      [
        641.4960327148438,
        686.411376953125
      ],
      [
        597.4953002929688,
        682.0758056640625
      ]
    ],
    [
      [
        613.5692749023438,
        524.5125122070312
      ],
      [
        655.7640991210938,
        523.6729125976562
      ],
      [
        652.2200927734375,
        569.3932495117188
      ],
      [
        608.646728515625,
        568.4725341796875
      ]
    ],
    [
      [
        676.5054931640625,
        416.06414794921875
      ],
      [
        719.0799560546875,
        412.6399230957031
      ],
      [
        716.216552734375,
        455.38494873046875
      ],
      [
        672.6708374023438,
        457.35223388671875
      ]
    ],
    [
      [
        563.703857421875,
        524.3923950195312
      ],
      [
        603.30517578125,
        524.8173217773438
      ],
      [
        598.2185668945312,
        568.274169921875
      ],
      [
        558.3668823242188,
        566.9828491210938
      ]
    ],
    [
      [
        557.2381591796875,
        577.6519165039062
      ],
      [
        596.7921142578125,
        579.5553588867188
      ],
      [
        592.209716796875,
        624.3554077148438
      ],
      [
        551.7649536132812,
        621.201171875
      ]
    ],
    [
      [
        619.5897216796875,
        470.9263916015625
      ],
      [
        661.2640380859375,
        469.2394104003906
      ],
      [
        657.2789306640625,
        512.6736450195312
      ],
      [
        614.7362060546875,
        513.2620239257812
      ]
    ],
    [
      [
        550.5238037109375,
        632.3704833984375
      ],
      [
        591.0087280273438,
        635.78466796875
      ],
      [
        586.3551025390625,
        680.7708740234375
      ],
      [
        545.5819091796875,
        675.5162963867188
      ]
    ],
    [
      [
        625.7864990234375,
        419.57000732421875
      ],
      [
        665.4527587890625,
        416.8378601074219
      ],
      [
        662.1343383789062,
        458.18035888671875
      ],
      [
        620.7402954101562,
        460.32550048828125
      ]
    ],
    [
      [
        570.68505859375,
        472.5832214355469
      ],
      [
        609.6023559570312,
        472.36572265625
      ],
      [
        604.1919555664062,
        513.4127807617188
      ],
      [
        564.6499633789062,
        512.3902587890625
      ]
    ],
    [
      [
        511.95550537109375,
        574.7071533203125
      ],
      [
        547.024169921875,
        577.738037109375
      ],
      [
        540.418701171875,
        620.6434326171875
      ],
      [
        504.4116516113281,
        615.2332153320312
      ]
    ],
    [
      [
        518.404052734375,
        523.3892211914062
      ],
      [
        554.286865234375,
        524.8345336914062
      ],
      [
        547.2720947265625,
        566.703125
      ],
      [
        511.4208068847656,
        563.4705200195312
      ]
    ],
    [
      [
        578.4336547851562,
        422.93243408203125
      ],
      [
        615.5996704101562,
        421.754150390625
      ],
      [
        610.5689697265625,
        460.401611328125
      ],
      [
        571.8840942382812,
        462.1222229003906
      ]
    ],
    [
      [
        505.0,
        628.0
      ],
      [
        540.0,
        633.0
      ],
      [
        534.5020141601562,
        674.7777709960938
      ],
      [
        499.0,
        668.0
      ]
    ],
    [
      [
        526.8855590820312,
        473.50408935546875
      ],
      [
        561.3609008789062,
        473.69110107421875
      ],
      [
        554.5382080078125,
        513.7476806640625
      ],
      [
        519.7169189453125,
        513.5003662109375
      ]
    ],
    [
      [
        468.5469665527344,
        571.4030151367188
      ],
      [
        501.4437561035156,
        575.7227783203125
      ],
      [
        495.14080810546875,
        615.58154296875
      ],
      [
        461.71197509765625,
        610.4569702148438
      ]
    ],
    [
      [
        533.3677368164062,
        426.37689208984375
      ],
      [
        568.4093017578125,
        424.65570068359375
      ],
      [
        562.1757202148438,
        463.0726013183594
      ],
      [
        526.6069946289062,
        463.3923034667969
      ]
    ],
    [
      [
        461.8409729003906,
        621.4417114257812
      ],
      [
