{
  "size": [
    1280,
    720
  ],
  "ids0": [
    0,
    24,
    1,
    2,
    25,
    26,
    4,
    49,
    28,
    50,
    27,
    72,
    5,
    3,
    73,
    52,
    29,
    98,
    97,
    99,
    30,
    51,
    96,
    76,
    53,
    54,
    6,
    75,
    77,
    74
  ],
  "ids1": [
    30,
    6,
    4,
    5,
    29,
    28,
    3,
    54,
    27,
    53,
    2,
    78,
    26,
    1,
    77,
    52,
    50,
    99,
    25,
    76,
    24,
    51,
    102,
    0,
    49,
    75,
    101,
    100,
    98,
    73,
    97
  ],
  "corners0": [
    [
      [
        678.0,
        393.0
      ],
      [
        736.0,
        391.0
      ],
      [
        729.0,
        444.0
      ],
      [
        669.0,
        445.0
      ]
    ],
    [
      [
        684.6565551757812,
        327.67486572265625
      ],
      [
        743.0,
        324.0
      ],
      [
        738.4507446289062,
        374.5166320800781
      ],
      [
        677.5991821289062,
        377.70166015625
      ]
    ],
    [
      [
        606.0,
        397.0
      ],
      [
        659.0,
        396.0
      ],
      [
        648.0,
        448.0
      ],
      [
        594.0,
        447.0
      ]
    ],
    [
      [
        540.0,
        400.0
      ],
      [
        587.0,
        399.0
      ],
      [
        575.0,
        449.0
      ],
      [
        527.0,
        448.0
      ]
    ],
    [
      [
        619.0,
        335.0
      ],
      [
        669.0,
        332.0
      ],
      [
        660.0,
        378.0
      ],
      [
        608.0,
        379.0
      ]
    ],
    [
      [
        556.0,
        341.0
      ],
      [
        601.0,
        338.0
      ],
      [
        590.0,
        382.0
      ],
      [
        543.0,
        383.0
      ]
    ],
    [
      [
        426.4964904785156,
        404.51373291015625
      ],
      [
        467.583984375,
        402.7212829589844
      ],
      [
        452.7070617675781,
        451.604248046875
      ],
      [
        411.4464111328125,
        451.2636413574219
      ]
    ],
    [
      [
        631.0,
        280.0
      ],
      [
        679.1693115234375,
        277.935546875
      ],
      [
        670.0,
        316.0
      ],
      [
        621.0,
        319.0
      ]
    ],
    [
      [
        445.9219665527344,
        350.4015808105469
      ],
      [
        485.652099609375,
        346.4656677246094
      ],
      [
        470.36358642578125,
        391.31927490234375
      ],
      [
        430.4713134765625,
        393.0968933105469
      ]
    ],
    [
      [
        567.7415161132812,
        287.4473571777344
      ],
      [
        615.3351440429688,
        280.8063659667969
      ],
      [
        606.1170654296875,
        323.25103759765625
      ],
      [
        556.388671875,
        328.3141784667969
      ]
    ],
    [
      [
        496.1875915527344,
        345.81146240234375
      ],
      [
        539.0,
        344.0
      ],
      [
        526.0,
        386.0
      ],
      [
        485.0,
        387.0
      ]
    ],
    [
      [
        703.0,
        224.0
      ],
      [
        750.0,
        220.0
      ],
      [
        746.0,
        255.0
      ],
      [
        696.0,
        258.0
      ]
    ],
    [
      [
        381.25494384765625,
        406.4927978515625
      ],
      [
        416.63824462890625,
        404.90826416015625
      ],
      [
        401.38037109375,
        451.29248046875
      ],
      [
        365.5595397949219,
        450.5475769042969
      ]
    ],
    [
      [
        479.0950622558594,
        401.753662109375
      ],
      [
        523.0,
        403.0
      ],
      [
        509.0,
        450.0
      ],
      [
        465.1416320800781,
        447.7569274902344
      ]
    ],
    [
      [
        642.0,
        232.0
      ],
      [
        686.0,
        228.0
      ],
      [
        680.85107421875,
        263.3684387207031
      ],
      [
        633.0,
        266.0
      ]
    ],
    [
      [
        463.9820556640625,
        301.5460205078125
      ],
      [
        502.6750183105469,
        296.7890319824219
      ],
      [
        488.0,
        336.0
      ],
      [
        450.9801940917969,
        340.68408203125
      ]
    ],
    [
      [
        400.87249755859375,
        355.1064758300781
      ],
      [
        434.3489990234375,
        351.3182373046875
      ],
      [
        419.1083679199219,
        394.3785705566406
      ],
      [
        384.5164794921875,
        395.17254638671875
      ]
    ],
    [
      [
        595.4840087890625,
        198.79611206054688
      ],
      [
        637.0,
        193.0
      ],
      [
        628.0,
        225.0
      ],
      [
        585.8214721679688,
        231.61578369140625
      ]
    ],
    [
      [
        650.6034545898438,
        189.4053192138672
      ],
      [
        694.0,
        184.0
      ],
      [
        688.9916381835938,
        216.35227966308594
      ],
      [
        642.0,
        222.0
      ]
    ],
    [
      [
        544.0,
        209.0
      ],
      [
        583.273193359375,
        201.37100219726562
      ],
      [
        573.9323120117188,
        233.00718688964844
      ],
      [
        533.0,
        239.0
      ]
    ],
    [
      [
        361.93603515625,
        359.457763671875
      ],
      [
        391.6805725097656,
        357.4981994628906
      ],
      [
        375.2708435058594,
        396.7294006347656
      ],
      [
        345.86956787109375,
        398.683837890625
      ]
    ],
    [
      [
        514.50634765625,
        293.5600280761719
      ],
      [
        556.8187866210938,
        288.8084411621094
      ],
      [
        545.2080078125,
        329.3279113769531
      ],
      [
        500.2549743652344,
        334.4786682128906
      ]
    ],
    [
      [
        706.4812622070312,
        181.3740692138672
      ],
      [
        754.2962036132812,
        174.75096130371094
      ],
      [
        751.8512573242188,
        208.26637268066406
      ],
      [
        701.6256713867188,
        214.10610961914062
      ]
    ],
    [
      [
        482.0,
        258.0
      ],
      [
        518.0,
        252.0
      ],
      [
        506.0,
        286.0
      ],
      [
        468.0,
        291.0
      ]
    ],
    [
      [
        419.4126281738281,
        308.135498046875
      ],
      [
        453.0,
        304.0
      ],
      [
        438.4801940917969,
        341.6747741699219
      ],
      [
        405.0,
        345.0
      ]
    ],
    [
      [
        380.0,
        315.0
      ],
      [
        410.7682800292969,
        310.89837646484375
      ],
      [
        395.3889465332031,
        346.607177734375
      ],
      [
        365.0,
        349.0
      ]
    ],
    [
      [
        341.50152587890625,
        408.32568359375
      ],
      [
        372.5399169921875,
        407.7286682128906
      ],
      [
        357.0,
        450.0
      ],
      [
        325.33209228515625,
        449.0130920410156
      ]
    ],
    [
      [
        530.59814453125,
        248.4575653076172
      ],
      [
        570.0,
        243.0
      ],
      [
        559.0,
        279.0
      ],
      [
        518.0,
        284.0
      ]
    ],
    [
      [
        438.0,
        266.0
      ],
      [
        471.0,
        260.0
      ],
      [
        457.4380798339844,
        294.2265319824219
      ],
      [
        424.0,
        298.0
      ]
    ],
    [
      [
        582.2383422851562,
        240.25970458984375
      ],
      [
        627.3370971679688,
        233.72186279296875
      ],
      [
        617.06396484375,
        271.4290771484375
      ],
      [
        571.650634765625,
        277.27996826171875
      ]
    ]
  ],