{
  "size": [
    1280,
    720
  ],
  "ids0": [
    24,
    1,
    50,
    5,
    3,
    28,
    27,
    2,
    25,
    26,
    0,
    4,
    6,
    73,
    52,
    74,
    30,
    53,
    99,
    51,
    76,
    29
  ],
  "ids1": [
    5,
    28,
    3,
    6,
    4,
    53,
    30,
    77,
    1,
    27,
    50,
    52,
    25,
    29,
    78,
    54,
    0,
    51,
    2,
    73,
    26,
    75,
    74
  ],
  "corners0": [
    [
      [
        654.701171875,
        368.5296325683594
      ],
      [
        707.0,
        375.0
      ],
      [
        701.8111572265625,
        416.5377502441406
      ],
      [
        644.5340576171875,
        409.689208984375
      ]
    ],
    [
      [
        572.1156005859375,
        412.2630615234375
      ],
      [
        626.0,
        422.0
      ],
      [
        615.0,
        463.0
      ],
      [
        559.0,
        455.0
      ]
    ],
    [
      [
        544.3001098632812,
        312.7226867675781
      ],
      [
        591.6618041992188,
        316.8916931152344
      ],
      [
        578.8645629882812,
        351.89306640625
      ],
      [
        530.369384765625,
        346.4059143066406
      ]
    ],
    [
      [
        338.3973693847656,
        380.6694030761719
      ],
      [
        377.4668884277344,
        386.8632507324219
      ],
      [
        356.32525634765625,
        425.6881408691406
      ],
      [
        315.81158447265625,
        418.43145751953125
      ]
    ],
    [
      [
        444.6301574707031,
        395.57147216796875
      ],
      [
        491.0,
        405.0
      ],
      [
        474.4178771972656,
        445.4892272949219
      ],
      [
        427.0,
        435.0
      ]
    ],
    [
      [
        413.7460021972656,
        343.4597473144531
      ],
      [
        455.5104675292969,
        347.5541687011719
      ],
      [
        437.5621337890625,
        384.4795837402344
      ],
      [
        393.6293029785156,
        378.85369873046875
      ]
    ],
    [
      [
        468.50372314453125,
        349.0637512207031
      ],
      [
        512.0,
        357.0
      ],
      [
        496.0,
        390.0
      ],
      [
        451.0,
        383.0
      ]
    ],
    [
      [
        506.0,
        406.0
      ],
      [
        556.0,
        413.0
      ],
      [
        541.0,
        454.0
      ],
      [
        490.0,
        445.0
      ]
    ],
    [
      [
        589.2991943359375,
        361.6590576171875
      ],
      [
        639.0,
        369.0
      ],
      [
        629.0,
        406.0
      ],
      [
        578.0,
        399.0
      ]
    ],
    [
      [
        526.174560546875,
        355.4141540527344
      ],
      [
        574.0,
        363.0
      ],
      [
        560.0,
        398.0
      ],
      [
        512.0,
        391.0
      ]
    ],
    [
      [
        642.2178955078125,
        420.8518371582031
      ],
      [
        699.886474609375,
        428.3125915527344
      ],
      [
        691.2880249023438,
        474.2008056640625
      ],
      [
        630.5884399414062,
        467.33648681640625
      ]
    ],
    [
      [
        388.84002685546875,
        387.961669921875
      ],
      [
        432.544921875,
        394.48333740234375
      ],
      [
        412.34906005859375,
        435.5185241699219
      ],
      [
        366.77008056640625,
        427.37158203125
      ]
    ],
    [
      [
        293.0,
        375.0
      ],
      [
        327.765380859375,
        379.953125
      ],
      [
        306.0,
        416.0
      ],
      [
        270.2369384765625,
        409.70513916015625
      ]
    ],
    [
      [
        616.6865844726562,
        281.8972473144531
      ],
      [
        662.0,
        284.0
      ],
      [
        656.0,
        313.0
      ],
      [
        608.0,
        310.0
      ]
    ],
    [
      [
        437.0,
        305.0
      ],
      [
        477.778564453125,
        308.5622253417969
      ],
      [
        460.3287048339844,
        339.6412048339844
      ],
      [
        418.4544372558594,
        334.8634033203125
      ]
    ],
    [
      [
        562.7185668945312,
        275.3621826171875
      ],
      [
        605.7136840820312,
        280.9596252441406
      ],
      [
        594.0,
        309.0
      ],
      [
        549.0,
        304.0
      ]
    ],
    [
      [
        319.9980163574219,
        333.49615478515625
      ],
      [
        354.6843566894531,
        338.3632507324219
      ],
      [
        333.6204528808594,
        370.7395324707031
      ],
      [
        298.0682067871094,
        365.4184875488281
      ]
    ],
    [
      [
        389.0,
        301.0
      ],
      [
        426.6286926269531,
        304.3591003417969
      ],
      [
        407.0,
        334.0
      ],
      [
        369.1124572753906,
        329.80401611328125
      ]
    ],
    [
      [
        525.723388671875,
        240.50650024414062
      ],
      [
        565.6509399414062,
        242.5440216064453
      ],
      [
        552.7054443359375,
        268.5030212402344
      ],
      [
        513.0,
        265.0
      ]
    ],
    [
      [
        489.0,
        309.0
      ],
      [
        532.0,
        312.0
      ],
      [
        517.0804443359375,
        345.7405700683594
      ],
      [
        472.2578125,
        340.04949951171875
      ]
    ],
    [
      [
        458.801025390625,
        269.1942443847656
      ],
      [
        497.8482360839844,
        272.5318298339844
      ],
      [
        482.0,
        299.0
      ],
      [
        441.18646240234375,
        295.8697814941406
      ]
    ],
    [
      [
        364.4198303222656,
        338.18798828125
      ],
      [
        402.8714599609375,
        343.54541015625
      ],
      [
        382.36553955078125,
        377.5606384277344
      ],
      [
        343.2513427734375,
        371.2578430175781
      ]
    ]
  ],