{
  "size": [
    1280,
    720
  ],
  "ids0": [
    0,
    1,
    2,
    3,
    4,
    5,
    6,
    24,
    25,
    26,
    27,
    28,
    29,
    30,
    48,
    49,
    50,
    51,
    52,
    53,
    54,
    72,
    73,
    74,
    75,
    76,
    77,
    78,
    96,
    97,
    98,
    99,
    100,
    101,
    102
  ],
  "ids1": [
    4,
    5,
    6,
    27,
    28,
    29,
    30,
    51,
    52,
    53,
    54,
    75,
    76,
    77,
    78,
    99,
    100,
    101,
    102
  ],
  "corners0": [
    [
      [
        1074.6068115234375,
        616.2025146484375
      ],
      [
        1071.099609375,
        567.564697265625
      ],
      [
        1025.476806640625,
        578.399658203125
      ],
      [
        1028.5784912109375,
        626.7547607421875
      ]
    ],
    [
      [
        1017.1820678710938,
        629.0263061523438
      ],
      [
        1013.9339599609375,
        580.6528930664062
      ],
      [
        965.9431762695312,
        590.2817993164062
      ],
      [
        969.5869140625,
        638.7237548828125
      ]
    ],
    [
      [
        957.5525512695312,
        640.8375854492188
      ],
      [
        953.9284057617188,
        592.4130249023438
      ],
      [
        904.8096923828125,
        600.53759765625
      ],
      [
        908.5680541992188,
        648.7088012695312
      ]
    ],
    [
      [
        896.4263916015625,
        650.4911499023438
      ],
      [
        892.6123657226562,
        602.434326171875
      ],
      [
        843.0996704101562,
        609.322021484375
      ],
      [
        847.0040283203125,
        656.7930908203125
      ]
    ],
    [
      [
        834.8851928710938,
        658.1640625
      ],
      [
        831.1093139648438,
        610.7113037109375
      ],
      [
        781.9791259765625,
        616.2046508789062
      ],
      [
        786.2709350585938,
        662.8897705078125
      ]
    ],
    [
      [
        774.3005981445312,
        663.9274291992188
      ],
      [
        769.96875,
        617.4143676757812
      ],
      [
        722.630859375,
        621.2217407226562
      ],
      [
        726.87353515625,
        666.9711303710938
      ]
    ],
    [
      [
        715.6211547851562,
        667.5126953125
      ],
      [
        711.2832641601562,
        622.11865234375
      ],
      [
        665.9703369140625,
        624.8538818359375
      ],
      [
        670.3457641601562,
        669.3080444335938
      ]
    ],
    [
      [
        1070.08251953125,
        555.7471923828125
      ],
      [
        1064.5528564453125,
        506.4665832519531
      ],
      [
        1019.0796508789062,
        516.5128173828125
      ],
      [
        1024.268310546875,
        566.2418212890625
      ]
    ],
    [
      [
        1012.682861328125,
        568.5650634765625
      ],
      [
        1007.52490234375,
        518.8925170898438
      ],
      [
        959.603759765625,
        528.3906860351562
      ],
      [
        964.9570922851562,
        578.1050415039062
      ]
    ],
    [
      [
        952.7858276367188,
        580.3392333984375
      ],
      [
        947.7623291015625,
        530.589599609375
      ],
      [
        898.6934814453125,
        539.0569458007812
      ],
      [
        903.6098022460938,
        588.3833618164062
      ]
    ],
    [
      [
        891.5513916015625,
        590.3490600585938
      ],
      [
        886.4754028320312,
        540.9456176757812
      ],
      [
        837.1962890625,
        548.4192504882812
      ],
      [
        842.0317993164062,
        597.3439331054688
      ]
    ],
    [
      [
        829.953125,
        598.8465576171875
      ],
      [
        824.9783935546875,
        550.0969848632812
      ],
      [
        776.2830810546875,
        556.3523559570312
      ],
      [
        780.9083251953125,
        604.4467163085938
      ]
    ],
    [
      [
        769.058837890625,
        605.5219116210938
      ],
      [
        764.3567504882812,
        557.7501831054688
      ],
      [
        717.05126953125,
        562.7766723632812
      ],
      [
        721.5745239257812,
        609.8189086914062
      ]
    ],
    [
      [
        710.1956176757812,
        610.7390747070312
      ],
      [
        705.6156616210938,
        563.8782348632812
      ],
      [
        660.4298095703125,
        568.0358276367188
      ],
      [
        664.8572387695312,
        613.6094970703125
      ]
    ],
    [
      [
        1063.0570068359375,
        494.2558288574219
      ],
      [
        1055.67236328125,
        444.7116394042969
      ],
      [
        1010.3811645507812,
        454.3981628417969
      ],
      [
        1017.4884643554688,
        504.1802673339844
      ]
    ],
    [
      [
        1005.8824462890625,
        506.620361328125
      ],
      [
        999.0343017578125,
        456.6405029296875
      ],
      [
        951.4911499023438,
        466.07366943359375
      ],
      [
        958.348388671875,
        516.0478515625
      ]
    ],
    [
      [
        946.3628540039062,
        518.2644653320312
      ],
      [
        939.6480102539062,
        468.44720458984375
      ],
      [
        890.955322265625,
        476.80230712890625
      ],
      [
        897.311767578125,
        526.8286743164062
      ]
    ],
    [
      [
        885.1339111328125,
        528.7235107421875
      ],
      [
        879.0783081054688,
        478.9974060058594
      ],
      [
        830.0608520507812,
        486.8994445800781
      ],
      [
        835.8731689453125,
        536.35986328125
      ]
    ],
    [
      [
        823.7139282226562,
        538.003173828125
      ],
      [
        818.1766967773438,
        488.77191162109375
      ],
      [
        769.8453369140625,
        495.86224365234375
      ],
      [
        774.967041015625,
        544.4326782226562
      ]
    ],
    [
      [
        763.1934204101562,
        545.785400390625
      ],
      [
        758.0939331054688,
        497.467529296875
      ],
      [
        711.2387084960938,
        503.644287109375
      ],
      [
        715.8510131835938,
        551.1746826171875
      ]
    ],
    [
      [
        704.46240234375,
        552.3421630859375
      ],
      [
        699.9242553710938,
        505.0194396972656
      ],
      [
        655.1681518554688,
        510.2441101074219
      ],
      [
        659.3994140625,
        556.6318969726562
      ]
    ],
    [
      [
        1053.61767578125,
        432.5947265625
      ],
      [
        1044.394287109375,
        384.0542907714844
      ],
      [
        999.7808227539062,
        393.10107421875
      ],
      [
        1008.6076049804688,
        442.2021179199219
      ]
    ],
    [
      [
        997.1141357421875,
        444.5032653808594
      ],
      [
        988.5101318359375,
        395.39892578125
      ],
      [
        941.7783813476562,
        404.4605712890625
      ],
      [
        949.7236938476562,
        453.75579833984375
      ]
    ],
    [
      [
        937.8984375,
        455.9814758300781
      ],
      [
        930.1310424804688,
        406.6812438964844
      ],
      [
        882.2275390625,
        415.4904479980469
      ],
      [
        889.3504028320312,
        464.6882019042969
      ]
    ],
    [
      [
        877.4193115234375,
        466.7543640136719
      ],
      [
        870.4080810546875,
        417.5732727050781
      ],
      [
        822.1832275390625,
        425.9976806640625
      ],
      [
        828.6195068359375,
        474.8124694824219
      ]
    ],
    [
      [
        816.7092895507812,
        476.7154846191406
      ],
      [
        810.4874267578125,
        427.973876953125
      ],
      [
        762.8649291992188,
        435.8124084472656
      ],
      [
        768.4492797851562,
