{
  "size": [
    1280,
    720
  ],
  "ids0": [
    0,
    1,
    2,
    3,
    4,
    5,
    24,
    25,
    26,
    27,
    28,
    29,
    48,
    49,
    50,
    51,
    52,
    53,
    74,
    75,
    76,
    77,
    78
  ],
  "ids1": [
    1,
    2,
    3,
    4,
    5,
    6,
    24,
    25,
    26,
    27,
    28,
    29,
    30,
    48,
    49,
    50,
    51,
    52,
    53,
    54,
    72,
    73,
    74
  ],
  "corners0": [
    [
      [
        640.3744506835938,
        179.36990356445312
      ],
      [
        637.7072143554688,
        140.592041015625
      ],
      [
        597.820556640625,
        142.5600128173828
      ],
      [
        601.0897827148438,
        180.85360717773438
      ]
    ],
    [
      [
        591.5701904296875,
        181.14251708984375
      ],
      [
        587.94580078125,
        143.0474090576172
      ],
      [
        549.27978515625,
        145.1787567138672
      ],
      [
        553.6920166015625,
        182.73617553710938
      ]
    ],
    [
      [
        544.2969360351562,
        183.28846740722656
      ],
      [
        539.6649169921875,
        145.8401641845703
      ],
      [
        502.7823791503906,
        148.54510498046875
      ],
      [
        507.9750061035156,
        185.2384033203125
      ]
    ],
    [
      [
        499.09698486328125,
        185.73744201660156
      ],
      [
        493.8193664550781,
        149.2667236328125
      ],
      [
        459.0421142578125,
        152.284912109375
      ],
      [
        464.68768310546875,
        188.11441040039062
      ]
    ],
    [
      [
        456.3533020019531,
        188.63018798828125
      ],
      [
        450.6156311035156,
        153.06300354003906
      ],
      [
        417.86090087890625,
        156.41148376464844
      ],
      [
        424.1289367675781,
        191.18167114257812
      ]
    ],
    [
      [
        416.161376953125,
        191.80807495117188
      ],
      [
        410.12469482421875,
        157.1774139404297
      ],
      [
        379.5473327636719,
        160.77391052246094
      ],
      [
        386.1534423828125,
        194.3973388671875
      ]
    ],
    [
      [
        637.130126953125,
        130.91464233398438
      ],
      [
        634.2864990234375,
        91.06826782226562
      ],
      [
        593.4246215820312,
        93.41696166992188
      ],
      [
        596.8231811523438,
        132.67868041992188
      ]
    ],
    [
      [
        586.8766479492188,
        133.2789306640625
      ],
      [
        583.310302734375,
        94.02460479736328
      ],
      [
        543.7815551757812,
        97.13291931152344
      ],
      [
        548.0967407226562,
        135.64974975585938
      ]
    ],
    [
      [
        538.5201416015625,
        136.3417205810547
      ],
      [
        534.242919921875,
        97.95222473144531
      ],
      [
        496.74908447265625,
        101.49834442138672
      ],
      [
        501.59417724609375,
        139.12135314941406
      ]
    ],
    [
      [
        492.56317138671875,
        139.88360595703125
      ],
      [
        487.69622802734375,
        102.53848266601562
      ],
      [
        452.4333801269531,
        106.44718933105469
      ],
      [
        457.6509704589844,
        143.25473022460938
      ]
    ],
    [
      [
        449.17523193359375,
        144.05398559570312
      ],
      [
        443.8372497558594,
        107.55130004882812
      ],
      [
        410.7518310546875,
        112.04074096679688
      ],
      [
        416.4673767089844,
        147.5989990234375
      ]
    ],
    [
      [
        408.50543212890625,
        148.4522247314453
      ],
      [
        402.83111572265625,
        113.13898468017578
      ],
      [
        371.9225158691406,
        117.68294525146484
      ],
      [
        378.0598449707031,
        152.2198486328125
      ]
    ],
    [
      [
        633.5165405273438,
        80.96151733398438
      ],
      [
        630.6270751953125,
        40.5762825012207
      ],
      [
        589.1256103515625,
        43.586753845214844
      ],
      [
        592.453857421875,
        83.51152038574219
      ]
    ],
    [
      [
        582.37255859375,
        84.17208862304688
      ],
      [
        578.9970703125,
        44.41769027709961
      ],
      [
        539.0000610351562,
        48.23930358886719
      ],
      [
        542.9312133789062,
        87.34645080566406
      ]
    ],
    [
      [
        533.2232055664062,
        88.20085906982422
      ],
      [
        529.2744750976562,
        49.26099395751953
      ],
      [
        491.418212890625,
        53.78594970703125
      ],
      [
        495.7283935546875,
        92.02407836914062
      ]
    ],
    [
      [
        486.5970153808594,
        93.13428497314453
      ],
      [
        482.085693359375,
        55.038108825683594
      ],
      [
        446.32244873046875,
        60.17704391479492
      ],
      [
        451.00689697265625,
        97.19393157958984
      ]
    ],
    [
      [
        442.6427001953125,
        98.47748565673828
      ],
      [
        437.7635498046875,
        61.45059585571289
      ],
      [
        404.3379821777344,
        66.90625
      ],
      [
        409.4174499511719,
        103.02184295654297
      ]
    ],
    [
      [
        401.3469543457031,
        104.21217346191406
      ],
      [
        396.3865966796875,
        68.33527374267578
      ],
      [
        365.3465576171875,
        74.0606689453125
      ],
      [
        370.53717041015625,
        109.05255889892578
      ]
    ],
    [
      [
        528.3391723632812,
        39.56111526489258
      ],
      [
        524.7472534179688,
        0.6428382992744446
      ],
      [
        486.4716796875,
        5.932051181793213
      ],
      [
        490.2027893066406,
        44.29290008544922
      ]
    ],
    [
      [
        481.0213928222656,
        45.52085876464844
      ],
      [
        477.2272033691406,
        7.445920944213867
      ],
      [
        441.2115173339844,
        13.478471755981445
      ],
      [
        445.2457580566406,
        50.811954498291016
      ]
    ],
    [
      [
        436.58331298828125,
        52.273136138916016
      ],
      [
        432.5653991699219,
        15.17707633972168
      ],
      [
        398.7583312988281,
        21.66571044921875
      ],
      [
        403.1119689941406,
        57.84164810180664
      ]
    ],
    [
      [
        395.0741882324219,
        59.31399917602539
      ],
      [
        390.72235107421875,
        23.39455223083496
      ],
      [
        359.3597412109375,
        30.23134994506836
      ],
      [
        364.0494079589844,
        65.3138198852539
      ]
    ],
    [
      [
        356.6410217285156,
        66.80101013183594
      ],
      [
        352.1355895996094,
        32.059776306152344
      ],
      [
        322.9916076660156,
        39.033042907714844
      ],
      [
        327.9420471191406,
        72.95327758789062
      ]
    ]
  ],