{
  "size": [
    1280,
    720
  ],
  "ids0": [
    0,
    1,
    24,
    2,
    25,
    50,
    72,
    4,
    48,
    26,
    73,
    3,
    49,
    28,
    74,
    5,
    96,
    27,
    52,
    75,
    29,
    97,
    98,
    51,
    6,
    53,
    99,
    30,
    77,
    100,
    54,
    76,
    78,
    102,
    101
  ],
  "ids1": [
    6,
    4,
    30,
    28,
    5,
    3,
    54,
    29,
    27,
    53,
    2,
    51,
    78,
    101,
    26,
    52,
    77,
    75,
    50,
    102,
    1,
    99,
    76,
    25,
    74,
    49,
    98,
    100,
    0,
    73,
    24,
    48,
    97,
    72
  ],
  "corners0": [
    [
      [
        781.0,
        483.0
      ],
      [
        831.0,
        476.0
      ],
      [
        834.0,
        524.0
      ],
      [
        782.0,
        531.0
      ]
    ],
    [
      [
        715.0,
        489.0
      ],
      [
        762.0,
        484.0
      ],
      [
        763.0,
        532.0
      ],
      [
        714.0,
        536.0
      ]
    ],
    [
      [
        780.0,
        421.0
      ],
      [
        827.0,
        413.0
      ],
      [
        831.0,
        459.0
      ],
      [
        782.0,
        465.0
      ]
    ],
    [
      [
        652.0,
        495.0
      ],
      [
        696.0,
        490.0
      ],
      [
        696.0,
        536.0
      ],
      [
        650.0,
        540.0
      ]
    ],
    [
      [
        714.6259155273438,
        425.6587829589844
      ],
      [
        765.4306030273438,
        419.62506103515625
      ],
      [
        765.5110473632812,
        468.3903503417969
      ],
      [
        713.5377197265625,
        473.7679138183594
      ]
    ],
    [
      [
        658.7335205078125,
        377.7615661621094
      ],
      [
        704.4691772460938,
        371.4559631347656
      ],
      [
        702.8314819335938,
        415.3609313964844
      ],
      [
        655.4307861328125,
        421.183837890625
      ]
    ],
    [
      [
        775.4492797851562,
        308.9745178222656
      ],
      [
        822.2658081054688,
        301.65863037109375
      ],
      [
        825.69580078125,
        342.5960693359375
      ],
      [
        776.7450561523438,
        349.4952087402344
      ]
    ],
    [
      [
        538.5787963867188,
        499.36236572265625
      ],
      [
        580.4678955078125,
        496.6681213378906
      ],
      [
        575.4637451171875,
        544.6259765625
      ],
      [
        532.5923461914062,
        544.806640625
      ]
    ],
    [
      [
        776.8187866210938,
        360.5497741699219
      ],
      [
        826.6433715820312,
        353.4429016113281
      ],
      [
        829.7111206054688,
        398.6105041503906
      ],
      [
        777.7991333007812,
        405.43194580078125
      ]
    ],
    [
      [
        654.6236572265625,
        432.78179931640625
      ],
      [
        702.4502563476562,
        427.40301513671875
      ],
      [
        700.3933715820312,
        475.0061340332031
      ],
      [
        651.2864379882812,
        479.4726257324219
      ]
    ],
    [
      [
        717.6222534179688,
        318.7480163574219
      ],
      [
        763.397705078125,
        311.0391540527344
      ],
      [
        764.3464965820312,
        351.40777587890625
      ],
      [
        716.6469116210938,
        358.56646728515625
      ]
    ],
    [
      [
        593.0,
        500.0
      ],
      [
        635.0,
        495.0
      ],
      [
        633.0,
        539.0
      ],
      [
        591.0,
        542.0
      ]
    ],
    [
      [
        718.0,
        372.0
      ],
      [
        761.0,
        364.0
      ],
      [
        763.0,
        405.0
      ],
      [
        720.4968872070312,
        413.474609375
      ]
    ],
    [
      [
        546.7269897460938,
        444.31298828125
      ],
      [
        587.4636840820312,
        440.39263916015625
      ],
      [
        582.3314208984375,
        485.3289489746094
      ],
      [
        540.5047607421875,
        487.6465148925781
      ]
    ],
    [
      [
        662.3995971679688,
        328.0617980957031
      ],
      [
        706.2806396484375,
        320.9034729003906
      ],
      [
        705.0771484375,
        360.4507751464844
      ],
      [
        659.66455078125,
        367.1380310058594
      ]
    ],
    [
      [
        490.5210876464844,
        501.7005920410156
      ],
      [
        528.3088989257812,
        499.86749267578125
      ],
      [
        522.28515625,
        545.5804443359375
      ],
      [
        483.5563659667969,
        545.3421630859375
      ]
    ],
    [
      [
        773.551513671875,
        262.7086486816406
      ],
      [
        818.0848999023438,
        255.21609497070312
      ],
      [
        821.54541015625,
        291.57843017578125
      ],
      [
        775.5100708007812,
        299.32525634765625
      ]
    ],
    [
      [
        598.7491455078125,
        438.5258483886719
      ],
      [
        642.450927734375,
        433.9244079589844
      ],
      [
        639.3927612304688,
        480.18603515625
      ],
      [
        593.660888671875,
        483.9344787597656
      ]
    ],
    [
      [
        554.7581176757812,
        392.83197021484375
      ],
      [
        594.1563720703125,
        387.5743103027344
      ],
      [
        589.245849609375,
        428.95635986328125
      ],
      [
        548.3167724609375,
        433.7242736816406
      ]
    ],
    [
      [
        610.2893676757812,
        337.93072509765625
      ],
      [
        650.6863403320312,
        329.336669921875
      ],
      [
        648.1497192382812,
        369.4393615722656
      ],
      [
        605.7859497070312,
        374.4302062988281
      ]
    ],
    [
      [
        498.4164733886719,
        450.6734619140625
      ],
      [
        536.0,
        446.0
      ],
      [
        530.6071166992188,
        488.0385437011719
      ],
      [
        492.60272216796875,
        491.16693115234375
      ]
    ],
    [
      [
        719.0,
        273.0
      ],
      [
        762.5723876953125,
        265.979248046875
      ],
      [
        763.4114990234375,
        300.6638488769531
      ],
      [
        717.6046752929688,
        306.1368103027344
      ]
    ],
    [
      [
        668.0,
        282.0
      ],
      [
        708.1722412109375,
        275.9850769042969
      ],
      [
        706.0,
        311.0
      ],
      [
        663.1490478515625,
        317.6845397949219
      ]
    ],
    [
      [
        604.5944213867188,
        385.5747375488281
      ],
      [
        647.2756958007812,
        379.8271484375
      ],
      [
        643.7150268554688,
        422.4317932128906
      ],
      [
        599.571044921875,
        427.5943908691406
      ]
    ],
    [
      [
        446.9036560058594,
        503.5501708984375
      ],
      [
        480.0,
        503.0
      ],
      [
        474.62139892578125,
        545.0840454101562
      ],
      [
        439.4645690917969,
        545.032958984375
      ]
    ],
    [
      [
        507.40142822265625,
        401.8929748535156
      ],
      [
        544.0,
        395.0
      ],
      [
        538.0,
        434.0
      ],
      [
        501.0769348144531,
        438.19073486328125
      ]
    ],
    [
      [
        617.0,
        292.0
      ],
      [
        655.9013061523438,
        285.7082824707031
      ],
      [
        651.0517578125,
        321.3785705566406
      ],
      [
        612.0,
        326.0
      ]
    ],
    [
      [
        455.43304443359375,
        454.9672546386719
      ],
      [
        489.1197509765625,
        449.7333984375
      ],
      [
        483.0,
        491.0
      ],
      [
        449.8076171875,
        493.5870056152344
      ]
    ],
    [
      [
