{
  "size": [
    1280,
    720
  ],
  "ids0": [
    0,
    1,
    2,
    3,
    4,
    5,
    6,
    24,
    25,
    26,
    27,
    28,
    29,
    30,
    48,
    49,
    50,
    51,
    52,
    53,
    54,
    73,
    74,
    75,
    76,
    77,
    78,
    100,
    101,
    102
  ],
  "ids1": [
    4,
    5,
    6,
    28,
    29,
    30,
    52,
    53,
    54,
    75,
    76,
    77,
    78,
    99,
    100,
    101,
    102
  ],
  "corners0": [
    [
      [
        1073.63427734375,
        194.94288635253906
      ],
      [
        1060.0079345703125,
        150.20823669433594
      ],
      [
        1020.0421752929688,
        161.738037109375
      ],
      [
        1033.2017822265625,
        206.2415008544922
      ]
    ],
    [
      [
        1023.2550048828125,
        209.0906524658203
      ],
      [
        1009.9176635742188,
        164.5472869873047
      ],
      [
        968.4302368164062,
        176.5796356201172
      ],
      [
        982.1785278320312,
        220.89822387695312
      ]
    ],
    [
      [
        971.7479248046875,
        223.77174377441406
      ],
      [
        958.1150512695312,
        179.65899658203125
      ],
      [
        916.2332153320312,
        191.9637451171875
      ],
      [
        930.01806640625,
        235.76817321777344
      ]
    ],
    [
      [
        919.6392211914062,
        238.64532470703125
      ],
      [
        905.9747924804688,
        195.18580627441406
      ],
      [
        864.2836303710938,
        207.82774353027344
      ],
      [
        878.0921630859375,
        250.75978088378906
      ]
    ],
    [
      [
        867.78662109375,
        253.65982055664062
      ],
      [
        854.0626831054688,
        210.89942932128906
      ],
      [
        813.2981567382812,
        223.7161407470703
      ],
      [
        826.8958740234375,
        265.6820983886719
      ]
    ],
    [
      [
        816.9636840820312,
        268.5472717285156
      ],
      [
        803.2649536132812,
        226.8136444091797
      ],
      [
        763.7891845703125,
        239.44570922851562
      ],
      [
        777.4348754882812,
        280.2963562011719
      ]
    ],
    [
      [
        767.7946166992188,
        283.080810546875
      ],
      [
        754.2444458007812,
        242.4545135498047
      ],
      [
        716.588623046875,
        254.6831817626953
      ],
      [
        729.9993896484375,
        294.2208251953125
      ]
    ],
    [
      [
        1056.668701171875,
        139.35842895507812
      ],
      [
        1041.5478515625,
        95.19435119628906
      ],
      [
        1001.31982421875,
        106.5093994140625
      ],
      [
        1016.3453369140625,
        150.5834197998047
      ]
    ],
    [
      [
        1006.283203125,
        153.5489959716797
      ],
      [
        991.140380859375,
        109.42938232421875
      ],
      [
        949.8421630859375,
        121.81364440917969
      ],
      [
        964.884521484375,
        165.56158447265625
      ]
    ],
    [
      [
        954.5193481445312,
        168.5644073486328
      ],
      [
        939.4501342773438,
        124.93120574951172
      ],
      [
        897.8047485351562,
        137.99374389648438
      ],
      [
        912.7257690429688,
        181.26075744628906
      ]
    ],
    [
      [
        902.3721313476562,
        184.2283172607422
      ],
      [
        887.4735717773438,
        141.12210083007812
      ],
      [
        846.1431274414062,
        154.62408447265625
      ],
      [
        860.7567749023438,
        197.15370178222656
      ]
    ],
    [
      [
        850.51416015625,
        200.28529357910156
      ],
      [
        835.9832153320312,
        157.91839599609375
      ],
      [
        795.4598388671875,
        171.58016967773438
      ],
      [
        809.7256469726562,
        213.3445281982422
      ]
    ],
    [
      [
        799.8123779296875,
        216.4499053955078
      ],
      [
        785.4985961914062,
        174.97694396972656
      ],
      [
        746.4009399414062,
        188.61019897460938
      ],
      [
        760.4282836914062,
        229.3467254638672
      ]
    ],
    [
      [
        750.8261108398438,
        232.32211303710938
      ],
      [
        736.9561767578125,
        191.97914123535156
      ],
      [
        699.6033935546875,
        205.3795623779297
      ],
      [
        713.3711547851562,
        244.77598571777344
      ]
    ],
    [
      [
        1037.6070556640625,
        84.33719635009766
      ],
      [
        1021.1012573242188,
        41.5385856628418
      ],
      [
        980.9381103515625,
        52.905818939208984
      ],
      [
        997.2345581054688,
        95.7936782836914
      ]
    ],
    [
      [
        987.1235961914062,
        98.74140930175781
      ],
      [
        970.8629150390625,
        55.85487365722656
      ],
      [
        929.7411499023438,
        68.57442474365234
      ],
      [
        945.9650268554688,
        110.9982681274414
      ]
    ],
    [
      [
        935.7034912109375,
        114.19371032714844
      ],
      [
        919.4989013671875,
        71.63829803466797
      ],
      [
        878.3435668945312,
        85.23477172851562
      ],
      [
        893.9734497070312,
        127.29773712158203
      ]
    ],
    [
      [
        883.809326171875,
        130.6998748779297
      ],
      [
        868.0599365234375,
        88.5108871459961
      ],
      [
        827.160888671875,
        102.62277221679688
      ],
      [
        842.3901977539062,
        144.12413024902344
      ]
    ],
    [
      [
        832.2394409179688,
        147.5916748046875
      ],
      [
        817.2379760742188,
        106.11278533935547
      ],
      [
        777.1506958007812,
        120.55469512939453
      ],
      [
        791.752685546875,
        161.33042907714844
      ]
    ],
    [
      [
        781.9295043945312,
        164.70330810546875
      ],
      [
        767.3589477539062,
        124.17671203613281
      ],
      [
        728.7202758789062,
        138.73397827148438
      ],
      [
        742.8695068359375,
        178.6157989501953
      ]
    ],
    [
      [
        733.486328125,
        181.95806884765625
      ],
      [
        719.4114379882812,
        142.35711669921875
      ],
      [
        682.594482421875,
        156.7946014404297
      ],
      [
        696.358154296875,
        195.6090545654297
      ]
    ],
    [
      [
        966.6242065429688,
        45.50774383544922
      ],
      [
        949.2796630859375,
        4.803561210632324
      ],
      [
        908.8380737304688,
        17.341100692749023
      ],
      [
        925.6790771484375,
        58.266754150390625
      ]
    ],
    [
      [
        915.495849609375,
        61.4342041015625
      ],
      [
        898.7210083007812,
        20.662477493286133
      ],
      [
        858.1094970703125,
        34.492431640625
      ],
      [
        874.27880859375,
        74.98650360107422
      ]
    ],
    [
      [
        864.0269775390625,
        78.43966674804688
      ],
      [
        848.1354370117188,
        38.00453567504883
      ],
      [
        807.66552734375,
        52.51298141479492
      ],
      [
        823.2969360351562,
        92.45648956298828
      ]
    ],
    [
      [
        813.3403930664062,
        96.06251525878906
      ],
      [
        797.9075317382812,
        56.19908142089844
      ],
      [
        758.4386596679688,
        71.44629669189453
      ],
      [
        773.5156860351562,
        110.58596801757812
      ]
    ],
    [
      [
        763.6826171875,
        114.22502899169922
      ],
      [
        749.0167846679688,
        75.07283020019531
      ],
      [
        711.162353515625,
        90.46968841552734
      ],
      [
