{
  "size": [
    1280,
    720
  ],
  "ids0": [
    1,
    2,
    3,
    4,
    5,
    6,
    24,
    25,
    26,
    27,
    28,
    29,
    30,
    48,
    49,
    50,
    51,
    52,
    53,
    54,
    75,
    76,
    77,
    78
  ],
  "ids1": [
    1,
    2,
    3,
    4,
    5,
    6,
    24,
    25,
    26,
    27,
    28,
    29,
    30,
    48,
    49,
    50,
    51,
    52,
    53,
    54,
    72,
    73,
    74,
    75,
    76,
    77,
    78,
    96,
    97
  ],
  "corners0": [
    [
      [
        732.0066528320312,
        182.53167724609375
      ],
      [
        726.0125732421875,
        142.28712463378906
      ],
      [
        684.5234375,
        146.8867645263672
      ],
      [
        691.1530151367188,
        186.62838745117188
      ]
    ],
    [
      [
        681.0045166015625,
        187.5604248046875
      ],
      [
        674.015869140625,
        148.03463745117188
      ],
      [
        633.9226684570312,
        153.05995178222656
      ],
      [
        641.2109985351562,
        192.0052490234375
      ]
    ],
    [
      [
        631.5083618164062,
        193.08395385742188
      ],
      [
        623.98828125,
        154.42347717285156
      ],
      [
        585.4013671875,
        159.6865692138672
      ],
      [
        593.5009155273438,
        197.60829162597656
      ]
    ],
    [
      [
        584.1262817382812,
        198.8904266357422
      ],
      [
        576.0936889648438,
        161.10150146484375
      ],
      [
        539.3355102539062,
        166.75588989257812
      ],
      [
        548.0787963867188,
        203.48411560058594
      ]
    ],
    [
      [
        539.3032836914062,
        204.7310333251953
      ],
      [
        530.4306030273438,
        168.20826721191406
      ],
      [
        496.3703918457031,
        173.93185424804688
      ],
      [
        505.31280517578125,
        209.57632446289062
      ]
    ],
    [
      [
        497.0788879394531,
        210.8564910888672
      ],
      [
        487.8979187011719,
        175.4185333251953
      ],
      [
        456.1434020996094,
        181.17247009277344
      ],
      [
        465.2595520019531,
        215.60108947753906
      ]
    ],
    [
      [
        777.6547241210938,
        126.68699645996094
      ],
      [
        771.8088989257812,
        85.01383972167969
      ],
      [
        728.8243408203125,
        89.62901306152344
      ],
      [
        735.1211547851562,
        131.0697021484375
      ]
    ],
    [
      [
        724.4218139648438,
        132.0129852294922
      ],
      [
        718.100341796875,
        90.77120208740234
      ],
      [
        675.8525390625,
        96.0677719116211
      ],
      [
        682.7653198242188,
        136.76730346679688
      ]
    ],
    [
      [
        672.4324951171875,
        137.97593688964844
      ],
      [
        665.3543090820312,
        97.4554443359375
      ],
      [
        624.4598388671875,
        103.33687591552734
      ],
      [
        632.0759887695312,
        143.1873779296875
      ]
    ],
    [
      [
        622.1481323242188,
        144.5393829345703
      ],
      [
        614.449462890625,
        104.89409637451172
      ],
      [
        575.4183349609375,
        111.3371353149414
      ],
      [
        583.41015625,
        150.07882690429688
      ]
    ],
    [
      [
        574.0145263671875,
        151.56385803222656
      ],
      [
        565.895263671875,
        112.98946380615234
      ],
      [
        529.0206909179688,
        119.69143676757812
      ],
      [
        537.2418212890625,
        157.39425659179688
      ]
    ],
    [
      [
        528.4935302734375,
        158.8843231201172
      ],
      [
        519.999755859375,
        121.52399444580078
      ],
      [
        485.34893798828125,
        128.46896362304688
      ],
      [
        494.1417236328125,
        164.81288146972656
      ]
    ],
    [
      [
        485.79779052734375,
        166.39547729492188
      ],
      [
        477.0689697265625,
        130.2367401123047
      ],
      [
        444.88189697265625,
        137.16195678710938
      ],
      [
        453.72515869140625,
        172.4147491455078
      ]
    ],
    [
      [
        770.5234985351562,
        74.4745101928711
      ],
      [
        764.0357055664062,
        32.3772087097168
      ],
      [
        720.5037231445312,
        37.353729248046875
      ],
      [
        727.105224609375,
        79.1823959350586
      ]
    ],
    [
      [
        716.4647216796875,
        80.3790512084961
      ],
      [
        709.6348266601562,
        38.716896057128906
      ],
      [
        666.85400390625,
        44.68387985229492
      ],
      [
        674.055419921875,
        85.79840087890625
      ]
    ],
    [
      [
        663.5424194335938,
        87.1825180053711
      ],
      [
        656.3839721679688,
        46.3558464050293
      ],
      [
        615.02197265625,
        53.05461883544922
      ],
      [
        622.5789184570312,
        93.3667984008789
      ]
    ],
    [
      [
        612.5134887695312,
        94.95046997070312
      ],
      [
        604.9671630859375,
        54.94879913330078
      ],
      [
        565.4546508789062,
        62.3011360168457
      ],
      [
        573.3954467773438,
        101.5204086303711
      ]
    ],
    [
      [
        563.8847045898438,
        103.26395416259766
      ],
      [
        555.98291015625,
        64.25753784179688
      ],
      [
        518.7407836914062,
        72.20927429199219
      ],
      [
        526.7840576171875,
        110.22534942626953
      ]
    ],
    [
      [
        518.0775756835938,
        112.0635986328125
      ],
      [
        509.5057373046875,
        74.21061706542969
      ],
      [
        474.944580078125,
        82.34815216064453
      ],
      [
        483.2779235839844,
        119.19435119628906
      ]
    ],
    [
      [
        474.7834777832031,
        121.09001922607422
      ],
      [
        466.6156311035156,
        84.40667724609375
      ],
      [
        434.0903015136719,
        92.71807098388672
      ],
      [
        442.6315002441406,
        128.31729125976562
      ]
    ],
    [
      [
        602.9993896484375,
        44.95103454589844
      ],
      [
        595.447265625,
        5.016978740692139
      ],
      [
        555.7413940429688,
        13.522948265075684
      ],
      [
        563.5350341796875,
        52.53676223754883
      ]
    ],
    [
      [
        554.0037841796875,
        54.573787689208984
      ],
      [
        546.2708129882812,
        15.709314346313477
      ],
      [
        508.8391418457031,
        24.657520294189453
      ],
      [
        516.6777954101562,
        62.659908294677734
      ]
    ],
    [
      [
        507.76910400390625,
        64.72897338867188
      ],
      [
        499.8962097167969,
        27.058115005493164
      ],
      [
        464.9841613769531,
        36.25014114379883
      ],
      [
        472.8154602050781,
        73.23468780517578
      ]
    ],
    [
      [
        464.49859619140625,
        75.36758422851562
      ],
      [
        456.6943664550781,
        38.71471405029297
      ],
      [
        424.13427734375,
        48.22512435913086
      ],
      [
        432.1529235839844,
        83.66960144042969
      ]
    ]
  ],