{
  "size": [
    1280,
    720
  ],
  "ids0": [
    0,
    1,
    2,
    3,
    4,
    5,
    6,
    24,
    25,
    26,
    27,
    28,
    29,
    30,
    48,
    49,
    50,
    51,
    52,
    53,
    54,
    72,
    73,
    74,
    75,
    76,
    77,
    78,
    96,
    97,
    98,
    99,
    100,
    101,
    102
  ],
  "ids1": [
    2,
    3,
    4,
    5,
    6,
    26,
    27,
    28,
    29,
    30,
    50,
    51,
    52,
    53,
    54,
    74,
    75,
    76,
    77,
    78,
    98,
    99,
    100,
    101,
    102
  ],
  "corners0": [
    [
      [
        944.9746704101562,
        634.3933715820312
      ],
      [
        946.1306762695312,
        586.6510009765625
      ],
      [
        898.0452270507812,
        591.5230102539062
      ],
      [
        896.7699584960938,
        638.6921997070312
      ]
    ],
    [
      [
        884.9772338867188,
        639.5762939453125
      ],
      [
        885.812255859375,
        592.3275756835938
      ],
      [
        835.9942626953125,
        595.9266967773438
      ],
      [
        835.6486206054688,
        643.1874389648438
      ]
    ],
    [
      [
        823.4991455078125,
        643.6775512695312
      ],
      [
        823.6691284179688,
        596.4732666015625
      ],
      [
        773.3935546875,
        598.5936889648438
      ],
      [
        773.8536987304688,
        645.57080078125
      ]
    ],
    [
      [
        761.6397705078125,
        646.0579833984375
      ],
      [
        760.9404296875,
        598.8831787109375
      ],
      [
        711.2724609375,
        599.8390502929688
      ],
      [
        712.2984008789062,
        646.0247802734375
      ]
    ],
    [
      [
        700.3593139648438,
        646.1260986328125
      ],
      [
        699.1495361328125,
        599.8341674804688
      ],
      [
        650.7329711914062,
        599.6201171875
      ],
      [
        652.4440307617188,
        645.0397338867188
      ]
    ],
    [
      [
        640.9078979492188,
        644.6782836914062
      ],
      [
        639.010009765625,
        599.2013549804688
      ],
      [
        592.8104248046875,
        597.8947143554688
      ],
      [
        595.1338500976562,
        642.5006103515625
      ]
    ],
    [
      [
        584.1845092773438,
        641.8091430664062
      ],
      [
        581.6438598632812,
        597.4140014648438
      ],
      [
        538.1963500976562,
        595.1763305664062
      ],
      [
        541.008056640625,
        638.6275024414062
      ]
    ],
    [
      [
        946.2088012695312,
        574.67578125
      ],
      [
        946.0088500976562,
        525.479248046875
      ],
      [
        897.6157836914062,
        529.767578125
      ],
      [
        897.8082885742188,
        579.4378662109375
      ]
    ],
    [
      [
        885.8400268554688,
        580.2542724609375
      ],
      [
        885.3585205078125,
        530.7680053710938
      ],
      [
        835.1866455078125,
        534.2525024414062
      ],
      [
        836.07080078125,
        583.7526245117188
      ]
    ],
    [
      [
        823.5792846679688,
        584.4865112304688
      ],
      [
        822.7572021484375,
        535.0220336914062
      ],
      [
        772.0347900390625,
        537.4109497070312
      ],
      [
        773.0974731445312,
        586.6061401367188
      ]
    ],
    [
      [
        760.6524658203125,
        587.03857421875
      ],
      [
        759.6799926757812,
        537.9281616210938
      ],
      [
        709.526611328125,
        539.50390625
      ],
      [
        710.8492431640625,
        588.0322265625
      ]
    ],
    [
      [
        698.6801147460938,
        588.0554809570312
      ],
      [
        697.3499755859375,
        539.6492309570312
      ],
      [
        648.5731201171875,
        540.3004150390625
      ],
      [
        650.3294677734375,
        588.0905151367188
      ]
    ],
    [
      [
        638.4949951171875,
        587.7566528320312
      ],
      [
        636.8735961914062,
        540.1538696289062
      ],
      [
        590.171142578125,
        539.9443969726562
      ],
      [
        592.3868408203125,
        586.5655517578125
      ]
    ],
    [
      [
        581.130615234375,
        586.2360229492188
      ],
      [
        579.206787109375,
        539.9354248046875
      ],
      [
        535.455078125,
        538.8563232421875
      ],
      [
        537.5704345703125,
        584.1024780273438
      ]
    ],
    [
      [
        946.194580078125,
        513.0693359375
      ],
      [
        944.2113037109375,
        462.3776550292969
      ],
      [
        895.647705078125,
        466.55609130859375
      ],
      [
        897.2880859375,
        517.2293701171875
      ]
    ],
    [
      [
        885.0224609375,
        518.222900390625
      ],
      [
        883.47216796875,
        467.3994445800781
      ],
      [
        833.3241577148438,
        470.97705078125
      ],
      [
        834.8329467773438,
        521.8168334960938
      ]
    ],
    [
      [
        822.3829956054688,
        522.5664672851562
      ],
      [
        820.7492065429688,
        471.7911682128906
      ],
      [
        769.8508911132812,
        474.6388244628906
      ],
      [
        771.8646850585938,
        525.0612182617188
      ]
    ],
    [
      [
        759.2079467773438,
        525.5641479492188
      ],
      [
        757.5742797851562,
        475.3201599121094
      ],
      [
        707.4491577148438,
        477.42181396484375
      ],
      [
        709.0208129882812,
        527.3040161132812
      ]
    ],
    [
      [
        696.83837890625,
        527.7093505859375
      ],
      [
        695.2824096679688,
        477.9046325683594
      ],
      [
        646.4700317382812,
        479.3922424316406
      ],
      [
        648.1104736328125,
        528.1923217773438
      ]
    ],
    [
      [
        636.3157348632812,
        528.1714477539062
      ],
      [
        634.80126953125,
        479.8448486328125
      ],
      [
        588.0952758789062,
        480.4755554199219
      ],
      [
        589.86083984375,
        528.4843139648438
      ]
    ],
    [
      [
        578.6625366210938,
        528.1273803710938
      ],
      [
        577.0245361328125,
        480.9461364746094
      ],
      [
        533.2723999023438,
        480.96417236328125
      ],
      [
        534.9135131835938,
        527.4608764648438
      ]
    ],
    [
      [
        943.6754150390625,
        449.8168640136719
      ],
      [
        940.5715942382812,
        399.14263916015625
      ],
      [
        892.1578979492188,
        402.8004150390625
      ],
      [
        895.07666015625,
        453.8927917480469
      ]
    ],
    [
      [
        882.8190307617188,
        454.7948913574219
      ],
      [
        880.0061645507812,
        403.6756896972656
      ],
      [
        830.183349609375,
        407.296630859375
      ],
      [
        832.6719360351562,
        458.2886962890625
      ]
    ],
    [
      [
        820.236328125,
        459.11016845703125
      ],
      [
        817.649169921875,
        408.069580078125
      ],
      [
        767.3036499023438,
        411.3133239746094
      ],
      [
        769.5267333984375,
        462.109130859375
      ]
    ],
    [
      [
        757.1029663085938,
        462.7844543457031
      ],
      [
        754.9796142578125,
        412.0534973144531
      ],
      [
        705.111328125,
        414.9480895996094
      ],
      [
        706.9954223632812,
        465.04815673828125
      ]
    ],
    [
      [
        694.7423706054688,
        465.5942687988281
      ],
      [
        693.0794677734375,
        415.56787109375
      ],
      [
        644.5728149414062,
        418.1849670410156
      ],
