{
  "size": [
    1280,
    720
  ],
  "ids0": [
    0,
    1,
    2,
    3,
    4,
    24,
    25,
    26,
    27,
    28,
    48,
    49,
    50,
    51,
    52,
    72,
    73,
    74,
    75,
    76,
    98,
    99,
    100
  ],
  "ids1": [
    0,
    1,
    2,
    3,
    4,
    5,
    6,
    24,
    25,
    26,
    27,
    28,
    29,
    30,
    48,
    49,
    50,
    51,
    52,
    53,
    54,
    72,
    73,
    74,
    75
  ],
  "corners0": [
    [
      [
        539.7483520507812,
        217.72682189941406
      ],
      [
        538.7593994140625,
        180.8289794921875
      ],
      [
        502.2658386230469,
        181.91159057617188
      ],
      [
        503.61285400390625,
        217.8984375
      ]
    ],
    [
      [
        494.8175048828125,
        217.90899658203125
      ],
      [
        493.1870422363281,
        181.92788696289062
      ],
      [
        457.49847412109375,
        183.0360107421875
      ],
      [
        459.9449157714844,
        218.61280822753906
      ]
    ],
    [
      [
        451.35101318359375,
        218.83750915527344
      ],
      [
        448.8117370605469,
        183.39376831054688
      ],
      [
        414.837890625,
        184.71774291992188
      ],
      [
        417.9124450683594,
        219.7446746826172
      ]
    ],
    [
      [
        409.6728210449219,
        219.84434509277344
      ],
      [
        406.6830749511719,
        185.10885620117188
      ],
      [
        374.5714416503906,
        186.78663635253906
      ],
      [
        377.94952392578125,
        221.04676818847656
      ]
    ],
    [
      [
        370.1656188964844,
        221.44862365722656
      ],
      [
        366.7881164550781,
        187.30783081054688
      ],
      [
        336.40972900390625,
        189.11785888671875
      ],
      [
        340.2469177246094,
        222.5038299560547
      ]
    ],
    [
      [
        538.6092529296875,
        171.8688201904297
      ],
      [
        537.8274536132812,
        134.56222534179688
      ],
      [
        500.4175109863281,
        135.65219116210938
      ],
      [
        501.8042907714844,
        172.4285125732422
      ]
    ],
    [
      [
        492.6560363769531,
        172.8195037841797
      ],
      [
        491.2733154296875,
        135.91827392578125
      ],
      [
        455.3078308105469,
        137.59417724609375
      ],
      [
        457.0326232910156,
        174.05242919921875
      ]
    ],
    [
      [
        448.3127136230469,
        174.282470703125
      ],
      [
        446.4365539550781,
        137.96966552734375
      ],
      [
        412.012939453125,
        140.18768310546875
      ],
      [
        414.3902893066406,
        175.8975830078125
      ]
    ],
    [
      [
        406.0533752441406,
        176.2975311279297
      ],
      [
        403.71533203125,
        140.7083282470703
      ],
      [
        371.1925048828125,
        143.01861572265625
      ],
      [
        373.8409729003906,
        178.15330505371094
      ]
    ],
    [
      [
        366.0666809082031,
        178.58087158203125
      ],
      [
        363.2728576660156,
        143.72308349609375
      ],
      [
        332.72247314453125,
        146.493408203125
      ],
      [
        335.616455078125,
        180.69248962402344
      ]
    ],
    [
      [
        537.6385498046875,
        125.13983154296875
      ],
      [
        537.1633911132812,
        87.56651306152344
      ],
      [
        499.4171142578125,
        88.8343276977539
      ],
      [
        500.16943359375,
        126.32544708251953
      ]
    ],
    [
      [
        491.030517578125,
        126.70512390136719
      ],
      [
        489.9668884277344,
        89.49078369140625
      ],
      [
        453.6812744140625,
        91.57890319824219
      ],
      [
        454.80462646484375,
        128.384765625
      ]
    ],
    [
      [
        446.07281494140625,
        128.89273071289062
      ],
      [
        444.7400207519531,
        92.2080307006836
      ],
      [
        409.9288635253906,
        94.86383819580078
      ],
      [
        411.53997802734375,
        131.11233520507812
      ]
    ],
    [
      [
        403.1390380859375,
        131.69296264648438
      ],
      [
        401.5987243652344,
        95.76069641113281
      ],
      [
        368.677978515625,
        98.82586669921875
      ],
      [
        370.4921569824219,
        134.30101013183594
      ]
    ],
    [
      [
        362.6760559082031,
        134.9119873046875
      ],
      [
        360.69952392578125,
        99.7256088256836
      ],
      [
        329.7174072265625,
        103.32496643066406
      ],
      [
        332.0048522949219,
        137.91302490234375
      ]
    ],
    [
      [
        537.0279541015625,
        77.93464660644531
      ],
      [
        537.1727294921875,
        40.38772201538086
      ],
      [
        498.98760986328125,
        42.24137496948242
      ],
      [
        499.0396423339844,
        79.67267608642578
      ]
    ],
    [
      [
        490.1617126464844,
        80.06148529052734
      ],
      [
        489.4601745605469,
        42.903873443603516
      ],
      [
        452.6136779785156,
        45.5444221496582
      ],
      [
        453.4688415527344,
        82.3941650390625
      ]
    ],
    [
      [
        444.4761047363281,
        83.0909652709961
      ],
      [
        443.9277038574219,
        46.33466720581055
      ],
      [
        408.69964599609375,
        49.727176666259766
      ],
      [
        409.6604309082031,
        85.88603973388672
      ]
    ],
    [
      [
        401.2006530761719,
        86.74129486083984
      ],
      [
        400.1913757324219,
        50.63111877441406
      ],
      [
        367.02252197265625,
        54.61073684692383
      ],
      [
        368.28021240234375,
        90.01463317871094
      ]
    ],
    [
      [
        360.3244323730469,
        90.92000579833984
      ],
      [
        359.1300048828125,
        55.60240936279297
      ],
      [
        327.861572265625,
        60.0352668762207
      ],
      [
        329.36090087890625,
        94.64810943603516
      ]
    ],
    [
      [
        443.9833679199219,
        37.271751403808594
      ],
      [
        443.624267578125,
        0.9666692614555359
      ],
      [
        408.32757568359375,
        4.964990139007568
      ],
      [
        408.59527587890625,
        40.73604965209961
      ]
    ],
    [
      [
        400.1541748046875,
        41.725711822509766
      ],
      [
        400.0823669433594,
        5.938741683959961
      ],
      [
        366.6846618652344,
        10.818913459777832
      ],
      [
        366.7333984375,
        45.81562805175781
      ]
    ],
    [
      [
        359.08709716796875,
        46.87126541137695
      ],
      [
        358.69549560546875,
        11.886895179748535
      ],
      [
        327.0182800292969,
        17.128469467163086
      ],
      [
        327.78155517578125,
        51.33699035644531
      ]
    ]
  ],