{
  "size": [
    1280,
    720
  ],
  "ids0": [
    0,
    1,
    2,
    3,
    4,
    5,
    6,
    24,
    25,
    26,
    27,
    28,
    29,
    30,
    48,
    49,
    50,
    51,
    52,
    53,
    54,
    72,
    73,
    74,
    75,
    76,
    77,
    96
  ],
  "ids1": [
    1,
    2,
    3,
    24,
    25,
    26,
    27,
    28,
    48,
    49,
    50,
    51,
    52,
    72,
    73
  ],
  "corners0": [
    [
      [
        664.9783325195312,
        677.764892578125
      ],
      [
        668.0578002929688,
        632.4585571289062
      ],
      [
        623.3265991210938,
        630.42529296875
      ],
      [
        619.9312133789062,
        674.7293701171875
      ]
    ],
    [
      [
        609.4940185546875,
        673.9463500976562
      ],
      [
        612.5449829101562,
        629.6443481445312
      ],
      [
        569.9815673828125,
        626.4615478515625
      ],
      [
        566.7373657226562,
        669.7012939453125
      ]
    ],
    [
      [
        556.7025756835938,
        668.6572875976562
      ],
      [
        559.8375854492188,
        625.5643310546875
      ],
      [
        520.2470092773438,
        621.865966796875
      ],
      [
        516.7261352539062,
        663.6226806640625
      ]
    ],
    [
      [
        507.4641418457031,
        662.4027709960938
      ],
      [
        510.7737731933594,
        620.7176513671875
      ],
      [
        474.0224914550781,
        616.467529296875
      ],
      [
        470.5942077636719,
        656.8995971679688
      ]
    ],
    [
      [
        461.9114685058594,
        655.5147094726562
      ],
      [
        465.54803466796875,
        615.2305297851562
      ],
      [
        431.7332458496094,
        610.7471313476562
      ],
      [
        427.98931884765625,
        649.4960327148438
      ]
    ],
    [
      [
        420.1724853515625,
        648.2406616210938
      ],
      [
        423.809326171875,
        609.4960327148438
      ],
      [
        392.9787902832031,
        604.6909790039062
      ],
      [
        389.130126953125,
        642.1389770507812
      ]
    ],
    [
      [
        381.929931640625,
        640.6675415039062
      ],
      [
        385.817138671875,
        603.4105224609375
      ],
      [
        357.7080993652344,
        598.5748291015625
      ],
      [
        353.83172607421875,
        634.6617431640625
      ]
    ],
    [
      [
        668.9821166992188,
        621.4917602539062
      ],
      [
        671.465087890625,
        576.2366943359375
      ],
      [
        627.06689453125,
        574.7872314453125
      ],
      [
        623.955810546875,
        619.417236328125
      ]
    ],
    [
      [
        613.2348022460938,
        618.6962890625
      ],
      [
        616.444580078125,
        574.4490966796875
      ],
      [
        574.3660888671875,
        572.662109375
      ],
      [
        570.7474365234375,
        615.939208984375
      ]
    ],
    [
      [
        560.7526245117188,
        615.0380859375
      ],
      [
        564.3907470703125,
        572.0858764648438
      ],
      [
        524.9427490234375,
        569.6026000976562
      ],
      [
        521.214599609375,
        611.5123901367188
      ]
    ],
    [
      [
        511.6647644042969,
        610.4708862304688
      ],
      [
        515.9473876953125,
        568.98046875
      ],
      [
        479.425537109375,
        566.0161743164062
      ],
      [
        475.0858459472656,
        606.572509765625
      ]
    ],
    [
      [
        466.6963195800781,
        605.5210571289062
      ],
      [
        470.69976806640625,
        565.3121337890625
      ],
      [
        437.164794921875,
        562.0792846679688
      ],
      [
        432.7435302734375,
        601.2037353515625
      ]
    ],
    [
      [
        424.9224548339844,
        600.05859375
      ],
      [
        429.30377197265625,
        561.369384765625
      ],
      [
        398.59112548828125,
        557.9361572265625
      ],
      [
        393.9996032714844,
        595.5206909179688
      ]
    ],
    [
      [
        386.91986083984375,
        594.3369140625
      ],
      [
        391.4601135253906,
        557.1632080078125
      ],
      [
        363.3854675292969,
        553.7454223632812
      ],
      [
        358.8680419921875,
        589.8421630859375
      ]
    ],
    [
      [
        672.123046875,
        565.1182250976562
      ],
      [
        674.6597900390625,
        520.05419921875
      ],
      [
        631.0256958007812,
        520.2323608398438
      ],
      [
        627.6929931640625,
        563.9651489257812
      ]
    ],
    [
      [
        617.2549438476562,
        563.7008666992188
      ],
      [
        620.576904296875,
        520.0858154296875
      ],
      [
        579.08984375,
        519.53759765625
      ],
      [
        575.2410888671875,
        562.1301879882812
      ]
    ],
    [
      [
        565.3114013671875,
        561.5657348632812
      ],
      [
        569.31884765625,
        519.2025146484375
      ],
      [
        530.391845703125,
        518.0572509765625
      ],
      [
        526.1041870117188,
        559.4820556640625
      ]
    ],
    [
      [
        516.916015625,
        558.7427978515625
      ],
      [
        521.2879028320312,
        517.7803955078125
      ],
      [
        485.184814453125,
        516.3925170898438
      ],
      [
        480.5338439941406,
        556.2877197265625
      ]
    ],
    [
      [
        471.9749755859375,
        555.6035766601562
      ],
      [
        476.8185119628906,
        516.0065307617188
      ],
      [
        443.4542236328125,
        514.2130737304688
      ],
      [
        438.4191589355469,
        552.793701171875
      ]
    ],
    [
      [
        430.56427001953125,
        552.0264282226562
      ],
      [
        435.8204650878906,
        513.7674560546875
      ],
      [
        405.2509460449219,
        511.8907775878906
      ],
      [
        399.77850341796875,
        548.902099609375
      ]
    ],
    [
      [
        392.73004150390625,
        548.2015991210938
      ],
      [
        398.1515197753906,
        511.40582275390625
      ],
      [
        370.2449645996094,
        509.47137451171875
      ],
      [
        364.76104736328125,
        544.988037109375
      ]
    ],
    [
      [
        675.286376953125,
        509.71893310546875
      ],
      [
        677.6663208007812,
        466.2463684082031
      ],
      [
        635.0211791992188,
        467.12322998046875
      ],
      [
        631.809814453125,
        509.65716552734375
      ]
    ],
    [
      [
        621.4596557617188,
        509.5506286621094
      ],
      [
        624.7651977539062,
        467.26788330078125
      ],
      [
        584.1837158203125,
        467.76861572265625
      ],
      [
        580.1753540039062,
        509.0439147949219
      ]
    ],
    [
      [
        570.3505859375,
        509.1148986816406
      ],
      [
        574.538818359375,
        467.81085205078125
      ],
      [
        536.3800659179688,
        467.86468505859375
      ],
      [
        531.6846313476562,
        508.0108947753906
      ]
    ],
    [
      [
        522.5935668945312,
        507.98834228515625
      ],
      [
        527.3038940429688,
        467.8943176269531
      ],
      [
        491.7933349609375,
        467.7959899902344
      ],
      [
        486.4956359863281,
        506.6737976074219
      ]
    ],
    [
      [
        478.1753234863281,
        506.4107971191406
      ],
      [
        483.5138854980469,
        467.9271240234375
      ],
      [
        450.4705505371094,
        467.4559020996094
      ],
      [
        444.85833740234375,
        504.9703674316406
      ]
    ],
    [
      [
        437.216552734375,
