{
  "size": [
    1280,
    720
  ],
  "ids0": [
    0,
    1,
    2,
    3,
    4,
    5,
    24,
    25,
    26,
    27,
    28,
    29,
    48,
    49,
    50,
    51,
    52,
    53,
    72,
    73,
    74,
    75,
    76,
    77,
    96,
    97,
    98,
    99,
    100,
    101
  ],
  "ids1": [
    0,
    1,
    2,
    3,
    4,
    5,
    6,
    24,
    25,
    26,
    27,
    28,
    29,
    30,
    48,
    49,
    50,
    51,
    52,
    53,
    54,
    72,
    73,
    74,
    75,
    76,
    77,
    78,
    96,
    97,
    98,
    99,
    100,
    101,
    102
  ],
  "corners0": [
    [
      [
        565.3177490234375,
        608.7678833007812
      ],
      [
        566.5115966796875,
        567.1242065429688
      ],
      [
        526.4738159179688,
        563.554931640625
      ],
      [
        525.6477661132812,
        603.7969970703125
      ]
    ],
    [
      [
        516.0386962890625,
        602.7335205078125
      ],
      [
        517.14501953125,
        562.5261840820312
      ],
      [
        479.0873107910156,
        558.11376953125
      ],
      [
        478.4979248046875,
        597.8232421875
      ]
    ],
    [
      [
        469.4171447753906,
        596.4639282226562
      ],
      [
        470.1993713378906,
        557.0472412109375
      ],
      [
        434.5936279296875,
        552.3991088867188
      ],
      [
        434.1799011230469,
        590.9502563476562
      ]
    ],
    [
      [
        426.05780029296875,
        589.6098022460938
      ],
      [
        426.29644775390625,
        551.2294311523438
      ],
      [
        393.6044921875,
        546.3168334960938
      ],
      [
        393.0611267089844,
        583.78515625
      ]
    ],
    [
      [
        385.4983215332031,
        582.4303588867188
      ],
      [
        386.0002746582031,
        545.1600341796875
      ],
      [
        355.7496337890625,
        540.1832885742188
      ],
      [
        355.154541015625,
        576.5558471679688
      ]
    ],
    [
      [
        348.3134765625,
        575.1389770507812
      ],
      [
        348.32489013671875,
        538.9122314453125
      ],
      [
        320.5870666503906,
        533.9746704101562
      ],
      [
        320.5926818847656,
        569.3125
      ]
    ],
    [
      [
        567.191162109375,
        557.0148315429688
      ],
      [
        568.485107421875,
        514.7321166992188
      ],
      [
        528.2264404296875,
        511.7437438964844
      ],
      [
        526.8526000976562,
        553.3790283203125
      ]
    ],
    [
      [
        517.3050537109375,
        552.37255859375
      ],
      [
        518.497802734375,
        510.94720458984375
      ],
      [
        480.4815673828125,
        507.64007568359375
      ],
      [
        479.3887023925781,
        548.2749633789062
      ]
    ],
    [
      [
        470.2359313964844,
        547.0607299804688
      ],
      [
        471.48486328125,
        506.7920837402344
      ],
      [
        436.10552978515625,
        503.2453308105469
      ],
      [
        434.7191162109375,
        542.7327880859375
      ]
    ],
    [
      [
        426.4891052246094,
        541.6318969726562
      ],
      [
        427.6924133300781,
        502.3085021972656
      ],
      [
        394.824462890625,
        498.6563415527344
      ],
      [
        393.6737365722656,
        536.8838500976562
      ]
    ],
    [
      [
        385.83642578125,
        535.7555541992188
      ],
      [
        387.1623229980469,
        497.7410888671875
      ],
      [
        356.7207336425781,
        493.8628234863281
      ],
      [
        355.7347717285156,
        531.1529541015625
      ]
    ],
    [
      [
        348.5896301269531,
        529.8313598632812
      ],
      [
        349.6260986328125,
        492.9859619140625
      ],
      [
        321.99853515625,
        489.2412414550781
      ],
      [
        320.76458740234375,
        525.204345703125
      ]
    ],
    [
      [
        569.01171875,
        504.2846374511719
      ],
      [
        570.7779541015625,
        461.37060546875
      ],
      [
        530.518310546875,
        459.3656311035156
      ],
      [
        528.690673828125,
        501.36175537109375
      ]
    ],
    [
      [
        519.023193359375,
        500.6769104003906
      ],
      [
        520.90283203125,
        458.65380859375
      ],
      [
        482.9892578125,
        456.61395263671875
      ],
      [
        480.97393798828125,
        497.60919189453125
      ]
    ],
    [
      [
        471.8414001464844,
        496.73956298828125
      ],
      [
        473.938232421875,
        455.921142578125
      ],
      [
        438.4288024902344,
        453.6070861816406
      ],
      [
        436.4562072753906,
        493.4507141113281
      ]
    ],
    [
      [
        428.0094909667969,
        492.6208190917969
      ],
      [
        430.16180419921875,
        452.934326171875
      ],
      [
        397.1574401855469,
        450.4832458496094
      ],
      [
        395.30572509765625,
        489.1419372558594
      ]
    ],
    [
      [
        387.4798889160156,
        488.33123779296875
      ],
      [
        389.4843444824219,
        449.8683776855469
      ],
      [
        359.1438293457031,
        447.3017883300781
      ],
      [
        357.2083740234375,
        484.7257080078125
      ]
    ],
    [
      [
        349.911865234375,
        483.8169860839844
      ],
      [
        352.22833251953125,
        446.6943359375
      ],
      [
        324.32244873046875,
        444.2259826660156
      ],
      [
        322.20904541015625,
        480.44158935546875
      ]
    ],
    [
      [
        571.4178466796875,
        450.6772155761719
      ],
      [
        573.5043334960938,
        408.2065124511719
      ],
      [
        533.4342041015625,
        406.9296569824219
      ],
      [
        531.140869140625,
        448.9200439453125
      ]
    ],
    [
      [
        521.4601440429688,
        448.4088134765625
      ],
      [
        523.9752197265625,
        406.6140441894531
      ],
      [
        486.1534729003906,
        405.6338195800781
      ],
      [
        483.544677734375,
        446.4382019042969
      ]
    ],
    [
      [
        474.4837951660156,
        445.9119567871094
      ],
      [
        477.1359558105469,
        405.2301330566406
      ],
      [
        441.8424377441406,
        403.8883361816406
      ],
      [
        439.06011962890625,
        443.6988830566406
      ]
    ],
    [
      [
        430.671142578125,
        443.19525146484375
      ],
      [
        433.4383544921875,
        403.603271484375
      ],
      [
        400.631103515625,
        402.3826599121094
      ],
      [
        397.8524475097656,
        440.9237060546875
      ]
    ],
    [
      [
        390.13372802734375,
        440.405517578125
      ],
      [
        392.9355163574219,
        402.16082763671875
      ],
      [
        362.7649841308594,
        400.756591796875
      ],
      [
        359.7742004394531,
        438.09454345703125
      ]
    ],
    [
      [
        352.72930908203125,
        437.56719970703125
      ],
      [
        355.6336669921875,
        400.3647766113281
      ],
      [
        327.78961181640625,
        399.22735595703125
      ],
      [
        324.9593505859375,
        435.2075500488281
      ]
    ],
    [
      [
        574.1910400390625,
        397.5638122558594
      ],
      [
        576.5463256835938,
        355.6495666503906
      ],
      [
        536.9531860351562,
        355.525634765625
      ],
      [
        534.114013671875,
        396.73480224609375
      ]
    ],
    [
      [
        524.6497192382812,
        396.2461853027344
      ],
      [
        527.5365600585938,
        355.3210754394531
      ],
