{
  "size": [
    1280,
    720
  ],
  "ids0": [
    0,
    1,
    2,
    3,
    4,
    5,
    6,
    24,
    25,
    26,
    27,
    28,
    29,
    30,
    48,
    49,
    50,
    51,
    52,
    53,
    54,
    72,
    73,
    74,
    75,
    76,
    77,
    78,
    96,
    97,
    98,
    99,
    100,
    101,
    102
  ],
  "ids1": [
    4,
    5,
    6,
    27,
    28,
    29,
    30,
    51,
    52,
    53,
    54,
    75,
    76,
    77,
    78,
    99,
    100,
    101,
    102
  ],
  "corners0": [
    [
      [
        1143.4395751953125,
        445.51300048828125
      ],
      [
        1128.890625,
        396.3910827636719
      ],
      [
        1085.6822509765625,
        414.8829650878906
      ],
      [
        1099.572998046875,
        463.4698791503906
      ]
    ],
    [
      [
        1088.847412109375,
        467.84576416015625
      ],
      [
        1074.79833984375,
        419.10223388671875
      ],
      [
        1029.8365478515625,
        436.841064453125
      ],
      [
        1043.498291015625,
        485.38812255859375
      ]
    ],
    [
      [
        1032.2518310546875,
        489.59588623046875
      ],
      [
        1018.455078125,
        440.9194030761719
      ],
      [
        972.5952758789062,
        457.937744140625
      ],
      [
        986.0193481445312,
        505.79052734375
      ]
    ],
    [
      [
        974.5882568359375,
        509.7345886230469
      ],
      [
        961.2947387695312,
        461.9577941894531
      ],
      [
        915.439453125,
        477.5256652832031
      ],
      [
        928.415283203125,
        524.7953491210938
      ]
    ],
    [
      [
        917.0999145507812,
        528.3015747070312
      ],
      [
        904.2827758789062,
        481.32354736328125
      ],
      [
        859.1104736328125,
        495.87017822265625
      ],
      [
        871.8079223632812,
        541.8375854492188
      ]
    ],
    [
      [
        860.7137451171875,
        545.0880126953125
      ],
      [
        848.4307861328125,
        499.24017333984375
      ],
      [
        804.9432983398438,
        512.3622436523438
      ],
      [
        816.97607421875,
        557.0083618164062
      ]
    ],
    [
      [
        806.463134765625,
        559.8261108398438
      ],
      [
        794.542236328125,
        515.4261474609375
      ],
      [
        753.4086303710938,
        526.9264526367188
      ],
      [
        764.7778930664062,
        570.319091796875
      ]
    ],
    [
      [
        1125.0894775390625,
        384.7390441894531
      ],
      [
        1108.8148193359375,
        336.5669250488281
      ],
      [
        1065.8419189453125,
        354.28546142578125
      ],
      [
        1081.937744140625,
        402.79742431640625
      ]
    ],
    [
      [
        1071.068603515625,
        407.0117492675781
      ],
      [
        1055.115234375,
        358.71160888671875
      ],
      [
        1010.721435546875,
        376.69525146484375
      ],
      [
        1026.1038818359375,
        424.9095458984375
      ]
    ],
    [
      [
        1014.9760131835938,
        428.98358154296875
      ],
      [
        999.5022583007812,
        380.9167785644531
      ],
      [
        954.3282470703125,
        398.22845458984375
      ],
      [
        969.1107788085938,
        446.06024169921875
      ]
    ],
    [
      [
        957.845703125,
        450.0123596191406
      ],
      [
        943.2199096679688,
        402.41387939453125
      ],
      [
        898.1817016601562,
        418.9421081542969
      ],
      [
        912.015869140625,
        465.967041015625
      ]
    ],
    [
      [
        900.8861694335938,
        469.6948547363281
      ],
      [
        887.2874755859375,
        422.89776611328125
      ],
      [
        842.9492797851562,
        438.3699035644531
      ],
      [
        856.14404296875,
        484.4480285644531
      ]
    ],
    [
      [
        845.2576904296875,
        487.93109130859375
      ],
      [
        832.2214965820312,
        442.07904052734375
      ],
      [
        789.6047973632812,
        456.4785461425781
      ],
      [
        801.9931640625,
        501.2203063964844
      ]
    ],
    [
      [
        791.6233520507812,
        504.3310852050781
      ],
      [
        779.4071655273438,
        459.8233337402344
      ],
      [
        738.9929809570312,
        472.8037414550781
      ],
      [
        750.5321655273438,
        516.2833862304688
      ]
    ],
    [
      [
        1104.542724609375,
        324.8978576660156
      ],
      [
        1086.2449951171875,
        278.1905212402344
      ],
      [
        1044.0516357421875,
        295.96893310546875
      ],
      [
        1061.7081298828125,
        342.53863525390625
      ]
    ],
    [
      [
        1051.010498046875,
        347.0517578125
      ],
      [
        1033.6529541015625,
        300.1321105957031
      ],
      [
        990.0653076171875,
        318.0622863769531
      ],
      [
        1006.7404174804688,
        364.9254455566406
      ]
    ],
    [
      [
        995.739013671875,
        369.1195068359375
      ],
      [
        979.1638793945312,
        322.4425964355469
      ],
      [
        934.9552001953125,
        340.0392761230469
      ],
      [
        950.6708374023438,
        386.7939147949219
      ]
    ],
    [
      [
        939.62109375,
        390.9436340332031
      ],
      [
        924.0087890625,
        344.2747802734375
      ],
      [
        879.9368896484375,
        361.45654296875
      ],
      [
        894.6273193359375,
        407.4672546386719
      ]
    ],
    [
      [
        883.6304321289062,
        411.48846435546875
      ],
      [
        869.3089599609375,
        365.5265197753906
      ],
      [
        826.0971069335938,
        381.9472961425781
      ],
      [
        839.6123657226562,
        427.14434814453125
      ]
    ],
    [
      [
        828.9625244140625,
        430.81854248046875
      ],
      [
        815.7462158203125,
        385.91796875
      ],
      [
        774.099609375,
        401.2782897949219
      ],
      [
        786.610107421875,
        445.5326232910156
      ]
    ],
    [
      [
        776.4642944335938,
        448.8650817871094
      ],
      [
        764.0922241210938,
        404.9461669921875
      ],
      [
        724.6478271484375,
        419.26715087890625
      ],
      [
        736.1690673828125,
        462.1668395996094
      ]
    ],
    [
      [
        1081.54736328125,
        267.038818359375
      ],
      [
        1062.3292236328125,
        222.77354431152344
      ],
      [
        1020.9783325195312,
        239.93002319335938
      ],
      [
        1039.7022705078125,
        284.6575012207031
      ]
    ],
    [
      [
        1029.2061767578125,
        288.91656494140625
      ],
      [
        1010.7711791992188,
        244.20947265625
      ],
      [
        968.1834106445312,
        262.0246887207031
      ],
      [
        985.8015747070312,
        306.706787109375
      ]
    ],
    [
      [
        974.9465942382812,
        310.9981994628906
      ],
      [
        957.8634033203125,
        266.40789794921875
      ],
      [
        914.6493530273438,
        284.1627197265625
      ],
      [
        931.0242919921875,
        328.9632873535156
      ]
    ],
    [
      [
        920.0531616210938,
        333.1137390136719
      ],
      [
        904.1918334960938,
        288.5796813964844
      ],
      [
        861.2935180664062,
        306.09808349609375
      ],
      [
        876.3134765625,
        350.3191223144531
      ]
    ],
    [
      [
        865.6260375976562,
        354.5572509765625
      ],
      [
        850.984130859375,
        310.34454345703125
      ],
      [
        809.0249633789062,
        327.3713073730469
