{
  "size": [
    1280,
    720
  ],
  "ids0": [
    0,
    1,
    2,
    3,
    4,
    24,
    25,
    26,
    27,
    28,
    48,
    49,
    50,
    51,
    52,
    72,
    73,
    74,
    75,
    76,
    96,
    97,
    98,
    99,
    100
  ],
  "ids1": [
    0,
    1,
    2,
    3,
    4,
    5,
    6,
    24,
    25,
    26,
    27,
    28,
    29,
    30,
    48,
    49,
    50,
    51,
    52,
    53,
    54,
    72,
    73,
    74,
    75,
    76,
    77,
    78,
    96,
    97,
    98,
    99,
    100,
    101,
    102
  ],
  "corners0": [
    [
      [
        530.1022338867188,
        327.72418212890625
      ],
      [
        529.3201904296875,
        289.9542541503906
      ],
      [
        492.6956787109375,
        290.4537353515625
      ],
      [
        493.9072265625,
        327.38665771484375
      ]
    ],
    [
      [
        485.07745361328125,
        327.03436279296875
      ],
      [
        483.646240234375,
        290.4114074707031
      ],
      [
        448.06170654296875,
        290.5627136230469
      ],
      [
        450.17822265625,
        327.0736999511719
      ]
    ],
    [
      [
        441.51031494140625,
        326.8821716308594
      ],
      [
        439.4750061035156,
        290.6156311035156
      ],
      [
        405.6548156738281,
        290.8834533691406
      ],
      [
        408.1945495605469,
        326.79644775390625
      ]
    ],
    [
      [
        400.0358581542969,
        326.7781982421875
      ],
      [
        397.5692443847656,
        291.09521484375
      ],
      [
        365.6505432128906,
        291.6026611328125
      ],
      [
        368.455810546875,
        326.7334899902344
      ]
    ],
    [
      [
        360.7792663574219,
        326.5614013671875
      ],
      [
        357.97833251953125,
        291.6511535644531
      ],
      [
        327.9492492675781,
        292.0477294921875
      ],
      [
        331.1019287109375,
        326.4188232421875
      ]
    ],
    [
      [
        529.195068359375,
        280.6015319824219
      ],
      [
        528.3671875,
        242.49757385253906
      ],
      [
        491.1113586425781,
        243.19659423828125
      ],
      [
        492.2760925292969,
        280.9530334472656
      ]
    ],
    [
      [
        483.2074890136719,
        281.10931396484375
      ],
      [
        481.96319580078125,
        243.5027618408203
      ],
      [
        446.19757080078125,
        244.0578155517578
      ],
      [
        447.68560791015625,
        281.34942626953125
      ]
    ],
    [
      [
        438.953857421875,
        281.6832275390625
      ],
      [
        437.55377197265625,
        244.40255737304688
      ],
      [
        403.47723388671875,
        245.30880737304688
      ],
      [
        405.1173400878906,
        281.95220947265625
      ]
    ],
    [
      [
        396.931396484375,
        282.0503845214844
      ],
      [
        395.1290588378906,
        245.65667724609375
      ],
      [
        363.0751647949219,
        246.7566680908203
      ],
      [
        364.9783630371094,
        282.58465576171875
      ]
    ],
    [
      [
        357.250244140625,
        282.9033508300781
      ],
      [
        355.37725830078125,
        247.28175354003906
      ],
      [
        325.0676574707031,
        248.40072631835938
      ],
      [
        327.3236083984375,
        283.4156494140625
      ]
    ],
    [
      [
        528.068603515625,
        232.95899963378906
      ],
      [
        528.0921630859375,
        194.3446044921875
      ],
      [
        490.3590393066406,
        195.48672485351562
      ],
      [
        490.9934997558594,
        233.73971557617188
      ]
    ],
    [
      [
        481.84814453125,
        233.85296630859375
      ],
      [
        481.2354431152344,
        195.6756591796875
      ],
      [
        445.08563232421875,
        197.11395263671875
      ],
      [
        446.0675048828125,
        234.677978515625
      ]
    ],
    [
      [
        437.23651123046875,
        234.97225952148438
      ],
      [
        436.2968444824219,
        197.49461364746094
      ],
      [
        401.9674377441406,
        199.18325805664062
      ],
      [
        403.1394348144531,
        236.2693634033203
      ]
    ],
    [
      [
        394.861572265625,
        236.5286407470703
      ],
      [
        393.7224426269531,
        199.73196411132812
      ],
      [
        361.43096923828125,
        201.6074981689453
      ],
      [
        362.5213623046875,
        237.93801879882812
      ]
    ],
    [
      [
        354.79998779296875,
        238.189697265625
      ],
      [
        353.5926208496094,
        202.1597137451172
      ],
      [
        323.11395263671875,
        204.3583984375
      ],
      [
        324.5814514160156,
        239.7401580810547
      ]
    ],
    [
      [
        527.8301391601562,
        184.7770233154297
      ],
      [
        528.1859741210938,
        146.2080078125
      ],
      [
        490.2987365722656,
        147.76185607910156
      ],
      [
        490.04412841796875,
        185.9479217529297
      ]
    ],
    [
      [
        481.0373840332031,
        186.13075256347656
      ],
      [
        481.20928955078125,
        148.1699981689453
      ],
      [
        444.8861999511719,
        150.10214233398438
      ],
      [
        444.8111877441406,
        187.7758331298828
      ]
    ],
    [
      [
        436.2823486328125,
        188.21026611328125
      ],
      [
        435.9311218261719,
        150.6226806640625
      ],
      [
        401.7850036621094,
        153.09278869628906
      ],
      [
        401.75714111328125,
        189.9831085205078
      ]
    ],
    [
      [
        393.6437072753906,
        190.49642944335938
      ],
      [
        393.2178955078125,
        153.68280029296875
      ],
      [
        360.83160400390625,
        156.4141845703125
      ],
      [
        360.9661865234375,
        192.6056671142578
      ]
    ],
    [
      [
        353.4215087890625,
        193.21417236328125
      ],
      [
        353.063232421875,
        157.13070678710938
      ],
      [
        322.3809509277344,
        160.21322631835938
      ],
      [
        323.0235900878906,
        195.50210571289062
      ]
    ],
    [
      [
        527.8917846679688,
        136.7093048095703
      ],
      [
        528.25244140625,
        98.83135986328125
      ],
      [
        490.9256286621094,
        100.60148620605469
      ],
      [
        490.3003234863281,
        138.3553466796875
      ]
    ],
    [
      [
        481.08026123046875,
        138.82308959960938
      ],
      [
        481.6713562011719,
        101.24297332763672
      ],
      [
        445.0914611816406,
        103.76444244384766
      ],
      [
        445.0043029785156,
        140.70541381835938
      ]
    ],
    [
      [
        435.9858703613281,
        141.39752197265625
      ],
      [
        436.5393371582031,
        104.43470001220703
      ],
      [
        401.9192810058594,
        107.38487243652344
      ],
      [
        401.8152160644531,
        144.0084686279297
      ]
    ],
    [
      [
        393.26800537109375,
        144.63311767578125
      ],
      [
        393.88238525390625,
        108.18353271484375
      ],
      [
        361.07476806640625,
        111.83589935302734
      ],
      [
        360.59478759765625,
        147.49562072753906
      ]
    ],
    [
      [
        353.0706787109375,
        148.28244018554688
      ],
      [
        353.343505859375,
        112.57609558105469
      ],
      [
        322.7200622558594,
        116.493408203125
      ],
      [
        322.3484802246094,
        151.38458251953125
      ]
    ]
  ],