{
  "size": [
    1280,
    720
  ],
  "ids0": [
    0,
    1,
    2,
    3,
    4,
    5,
    6,
    24,
    25,
    26,
    27,
    28,
    29,
    30,
    48,
    49,
    50,
    51,
    52,
    53,
    54,
    72,
    73,
    74,
    75,
    76,
    77,
    78,
    96,
    97,
    98,
    99,
    100,
    101,
    102
  ],
  "ids1": [
    3,
    4,
    5,
    6,
    27,
    28,
    29,
    30,
    50,
    51,
    52,
    53,
    54,
    74,
    75,
    76,
    77,
    78,
    98,
    99,
    100,
    101,
    102
  ],
  "corners0": [
    [
      [
        1113.1253662109375,
        316.9649353027344
      ],
      [
        1099.428466796875,
        267.1907653808594
      ],
      [
        1055.4234619140625,
        281.3564147949219
      ],
      [
        1068.6522216796875,
        330.3976745605469
      ]
    ],
    [
      [
        1057.7183837890625,
        333.7071838378906
      ],
      [
        1044.5406494140625,
        284.7655334472656
      ],
      [
        999.6842041015625,
        298.5014953613281
      ],
      [
        1012.9269409179688,
        347.03558349609375
      ]
    ],
    [
      [
        1001.8764038085938,
        350.19195556640625
      ],
      [
        988.5750122070312,
        302.0820007324219
      ],
      [
        944.0623779296875,
        315.5452880859375
      ],
      [
        957.2365112304688,
        362.84259033203125
      ]
    ],
    [
      [
        946.3272094726562,
        365.83148193359375
      ],
      [
        933.2493286132812,
        318.8962097167969
      ],
      [
        889.8997802734375,
        331.79486083984375
      ],
      [
        902.5518188476562,
        377.7463073730469
      ]
    ],
    [
      [
        891.9292602539062,
        380.57855224609375
      ],
      [
        879.3923950195312,
        334.8700256347656
      ],
      [
        837.6246948242188,
        347.2397155761719
      ],
      [
        850.1053466796875,
        391.6918640136719
      ]
    ],
    [
      [
        839.9283447265625,
        394.315185546875
      ],
      [
        827.4917602539062,
        350.24188232421875
      ],
      [
        787.9541625976562,
        361.6198425292969
      ],
      [
        800.181884765625,
        404.5240783691406
      ]
    ],
    [
      [
        790.6134033203125,
        406.8537292480469
      ],
      [
        778.431396484375,
        364.30914306640625
      ],
      [
        741.48779296875,
        374.9913635253906
      ],
      [
        753.4069213867188,
        416.11480712890625
      ]
    ],
    [
      [
        1096.2100830078125,
        254.94740295410156
      ],
      [
        1080.3175048828125,
        205.88177490234375
      ],
      [
        1036.51611328125,
        220.33421325683594
      ],
      [
        1051.915771484375,
        269.1487121582031
      ]
    ],
    [
      [
        1040.9063720703125,
        272.5733337402344
      ],
      [
        1025.6038818359375,
        223.99716186523438
      ],
      [
        981.3265991210938,
        238.6312713623047
      ],
      [
        996.1563720703125,
        286.71990966796875
      ]
    ],
    [
      [
        985.0419921875,
        290.2029113769531
      ],
      [
        970.3867797851562,
        242.29879760742188
      ],
      [
        926.3406982421875,
        256.8970642089844
      ],
      [
        940.7051391601562,
        303.8750915527344
      ]
    ],
    [
      [
        929.8047485351562,
        307.21966552734375
      ],
      [
        915.63671875,
        260.5532531738281
      ],
      [
        872.7050170898438,
        274.76385498046875
      ],
      [
        886.5042114257812,
        320.5292663574219
      ]
    ],
    [
      [
        876.0089721679688,
        323.6951904296875
      ],
      [
        862.4124145507812,
        278.32000732421875
      ],
      [
        821.1946411132812,
        291.890625
      ],
      [
        834.3235473632812,
        336.19036865234375
      ]
    ],
    [
      [
        824.3840942382812,
        339.28948974609375
      ],
      [
        811.2086181640625,
        295.2620849609375
      ],
      [
        772.16015625,
        308.2457275390625
      ],
      [
        784.7948608398438,
        351.11102294921875
      ]
    ],
    [
      [
        775.5425415039062,
        353.7980651855469
      ],
      [
        762.7965087890625,
        311.483154296875
      ],
      [
        726.488037109375,
        323.54034423828125
      ],
      [
        738.602294921875,
        364.7851257324219
      ]
    ],
    [
      [
        1076.2628173828125,
        193.89102172851562
      ],
      [
        1058.9271240234375,
        146.16737365722656
      ],
      [
        1015.6006469726562,
        161.14820861816406
      ],
      [
        1032.7115478515625,
        208.48226928710938
      ]
    ],
    [
      [
        1021.8548583984375,
        212.091064453125
      ],
      [
        1004.9308471679688,
        164.8302764892578
      ],
      [
        961.1973876953125,
        180.2738800048828
      ],
      [
        977.5916137695312,
        226.87037658691406
      ]
    ],
    [
      [
        966.6055297851562,
        230.72731018066406
      ],
      [
        950.4703979492188,
        184.05931091308594
      ],
      [
        907.3728637695312,
        199.60214233398438
      ],
      [
        922.5973510742188,
        245.45822143554688
      ]
    ],
    [
      [
        911.9569702148438,
        249.17416381835938
      ],
      [
        896.8198852539062,
        203.44834899902344
      ],
      [
        854.6692504882812,
        218.7865753173828
      ],
      [
        869.186279296875,
        263.4665222167969
      ]
    ],
    [
      [
        858.9134521484375,
        267.1278991699219
      ],
      [
        844.5475463867188,
        222.56646728515625
      ],
      [
        804.17138671875,
        237.5738525390625
      ],
      [
        817.7759399414062,
        281.1243896484375
      ]
    ],
    [
      [
        807.9523315429688,
        284.45941162109375
      ],
      [
        794.4471435546875,
        241.2228240966797
      ],
      [
        756.2063598632812,
        255.60354614257812
      ],
      [
        769.1113891601562,
        297.7428283691406
      ]
    ],
    [
      [
        759.8047485351562,
        300.9277648925781
      ],
      [
        747.164794921875,
        259.1135559082031
      ],
      [
        711.4802856445312,
        272.7423400878906
      ],
      [
        723.5355834960938,
        313.5406799316406
      ]
    ],
    [
      [
        1054.4801025390625,
        134.82034301757812
      ],
      [
        1035.6502685546875,
        89.34182739257812
      ],
      [
        993.2008666992188,
        104.6346435546875
      ],
      [
        1011.3463134765625,
        149.64651489257812
      ]
    ],
    [
      [
        1000.593505859375,
        153.49375915527344
      ],
      [
        982.8089599609375,
        108.31303405761719
      ],
      [
        940.0802001953125,
        124.32595825195312
      ],
      [
        957.0516357421875,
        168.96604919433594
      ]
    ],
    [
      [
        946.4808349609375,
        172.8352508544922
      ],
      [
        929.670654296875,
        128.15594482421875
      ],
      [
        887.4317626953125,
        144.6453399658203
      ],
      [
        903.4920043945312,
        188.52670288085938
      ]
    ],
    [
      [
        892.9591064453125,
        192.49609375
      ],
      [
        877.2337646484375,
        148.5357666015625
      ],
      [
        836.2633666992188,
        164.7877655029297
      ],
      [
        850.992919921875,
        207.94618225097656
      ]
    ],
    [
      [
        840.9883422851562,
        211.79690551757812
      ],
      [
        826.4094848632812,
