{
  "size": [
    1280,
    720
  ],
  "ids0": [
    24,
    0,
    1,
    25,
    3,
    2,
    26,
    73,
    49,
    4,
    72,
    96,
    74,
    50,
    28,
    27,
    5,
    52,
    75,
    51,
    98,
    29,
    76,
    53,
    97,
    6,
    30,
    77,
    54,
    99,
    78,
    101,
    100
  ],
  "ids1": [
    6,
    5,
    30,
    29,
    4,
    28,
    3,
    53,
    26,
    54,
    52,
    27,
    77,
    1,
    2,
    25,
    76,
    78,
    102,
    49,
    50,
    101,
    75,
    24,
    73,
    51,
    74,
    99,
    0,
    97,
    72,
    98,
    100,
    96
  ],
  "corners0": [
    [
      [
        670.9490356445312,
        394.7507629394531
      ],
      [
        726.0,
        395.0
      ],
      [
        719.284912109375,
        446.6332702636719
      ],
      [
        661.6895141601562,
        445.19927978515625
      ]
    ],
    [
      [
        662.0,
        461.0
      ],
      [
        715.0,
        462.0
      ],
      [
        706.0,
        515.0
      ],
      [
        651.0,
        512.0
      ]
    ],
    [
      [
        594.0,
        459.0
      ],
      [
        643.0,
        462.0
      ],
      [
        632.0,
        512.0
      ],
      [
        582.0,
        508.0
      ]
    ],
    [
      [
        608.0,
        397.0
      ],
      [
        655.0,
        398.0
      ],
      [
        645.0,
        444.0
      ],
      [
        597.0,
        442.0
      ]
    ],
    [
      [
        473.86474609375,
        452.43377685546875
      ],
      [
        517.5242919921875,
        454.61700439453125
      ],
      [
        504.3615417480469,
        504.3503112792969
      ],
      [
        459.49200439453125,
        500.2464599609375
      ]
    ],
    [
      [
        532.0,
        457.0
      ],
      [
        577.4730224609375,
        460.96527099609375
      ],
      [
        563.0,
        508.0
      ],
      [
        519.0,
        503.0
      ]
    ],
    [
      [
        547.0,
        398.0
      ],
      [
        591.0,
        399.0
      ],
      [
        579.0,
        442.0
      ],
      [
        535.0,
        440.0
      ]
    ],
    [
      [
        631.8762817382812,
        288.5849304199219
      ],
      [
        678.3966674804688,
        285.5868225097656
      ],
      [
        670.8175659179688,
        326.14093017578125
      ],
      [
        621.7988891601562,
        328.3056945800781
      ]
    ],
    [
      [
        619.0875244140625,
        339.6316223144531
      ],
      [
        666.0,
        340.0
      ],
      [
        657.0,
        381.0
      ],
      [
        611.0,
        380.0
      ]
    ],
    [
      [
        424.4943542480469,
        449.8394775390625
      ],
      [
        463.5840148925781,
        452.6487121582031
      ],
      [
        448.8611755371094,
        499.4862060546875
      ],
      [
        409.3899841308594,
        495.1024169921875
      ]
    ],
    [
      [
        690.959716796875,
        284.870849609375
      ],
      [
        740.895263671875,
        282.4794616699219
      ],
      [
        735.6513671875,
        323.29498291015625
      ],
      [
        683.4805908203125,
        325.521728515625
      ]
    ],
    [
      [
        698.8336791992188,
        239.85382080078125
      ],
      [
        746.3013305664062,
        235.59454345703125
      ],
      [
        742.1439819335938,
        272.2369384765625
      ],
      [
        692.6325073242188,
        275.2346496582031
      ]
    ],
    [
      [
        576.5628051757812,
        292.6255187988281
      ],
      [
        619.7142944335938,
        289.7926330566406
      ],
      [
        609.3836059570312,
        329.52960205078125
      ],
      [
        564.285888671875,
        331.38739013671875
      ]
    ],
    [
      [
        564.0,
        343.0
      ],
      [
        605.0,
        343.0
      ],
      [
        594.0,
        382.0
      ],
      [
        550.242919921875,
        379.3426513671875
      ]
    ],
    [
      [
        441.90716552734375,
        396.8431396484375
      ],
      [
        480.76861572265625,
        396.46380615234375
      ],
      [
        466.83697509765625,
        440.50927734375
      ],
      [
        427.93157958984375,
        438.6703796386719
      ]
    ],
    [
      [
        491.1539306640625,
        396.3830871582031
      ],
      [
        534.2816162109375,
        396.2962341308594
      ],
      [
        520.4921264648438,
        442.52374267578125
      ],
      [
        477.6091003417969,
        441.19390869140625
      ]
    ],
    [
      [
        380.19873046875,
        447.7102966308594
      ],
      [
        414.7698974609375,
        450.5867614746094
      ],
      [
        399.0,
        494.0
      ],
      [
        365.6136474609375,
        489.5494689941406
      ]
    ],
    [
      [
        461.91314697265625,
        346.4600524902344
      ],
      [
        497.0,
        345.0
      ],
      [
        485.4217834472656,
        384.4093322753906
      ],
      [
        447.5428161621094,
        386.6288146972656
      ]
    ],
    [
      [
        524.657958984375,
        297.6342468261719
      ],
      [
        565.3831176757812,
        294.6290283203125
      ],
      [
        552.403564453125,
        332.64898681640625
      ],
      [
        513.0,
        334.0
      ]
    ],
    [
      [
        508.2358093261719,
        344.5362548828125
      ],
      [
        550.2525634765625,
        343.228271484375
      ],
      [
        536.90869140625,
        385.0970153808594
      ],
      [
        495.4018249511719,
        385.48004150390625
      ]
    ],
    [
      [
        591.0,
        249.0
      ],
      [
        631.7769775390625,
        246.86972045898438
      ],
      [
        622.0986938476562,
        280.37890625
      ],
      [
        580.0,
        283.0
      ]
    ],
    [
      [
        399.6565246582031,
        396.328125
      ],
      [
        432.0,
        397.0
      ],
      [
        417.12884521484375,
        438.7480163574219
      ],
      [
        385.0,
        437.0
      ]
    ],
    [
      [
        477.8941345214844,
        301.5601806640625
      ],
      [
        514.8544921875,
        299.5606689453125
      ],
      [
        501.2162170410156,
        335.4861755371094
      ],
      [
        464.84088134765625,
        337.62139892578125
      ]
    ],
    [
      [
        417.0,
        350.0
      ],
      [
        451.4529724121094,
        348.4813537597656
      ],
      [
        436.67352294921875,
        386.4206237792969
      ],
      [
        402.6148986816406,
        386.3581848144531
      ]
    ],
    [
      [
        643.2024536132812,
        243.89166259765625
      ],
      [
        687.421630859375,
        240.3424835205078
      ],
      [
        680.4147338867188,
        276.3886413574219
      ],
      [
        634.0778198242188,
        279.5054931640625
      ]
    ],
    [
      [
        342.82855224609375,
        444.4115295410156
      ],
      [
        371.7935485839844,
        447.5407409667969
      ],
      [
        356.3889465332031,
        489.2900085449219
      ],
      [
        327.4437561035156,
        485.2336730957031
      ]
    ],
    [
      [
        360.84771728515625,
        396.3538818359375
      ],
      [
        390.57562255859375,
        397.53802490234375
      ],
      [
        376.0,
        436.0
      ],
      [
        345.2663269042969,
        433.8917236328125
      ]
    ],
    [
      [
        435.7735900878906,
        305.51947021484375
      ],
      [
        468.9471130371094,
        303.6539611816406
      ],
      [
        454.7379150390625,
        338.2295227050781
      ],
      [
        421.271728515625,
        339.3472595214844
      ]
    ],
    [
      [
        379.0,
        352.0
      ],
