{
  "size": [
    1280,
    720
  ],
  "ids0": [
    0,
    1,
    2,
    3,
    4,
    24,
    25,
    26,
    27,
    28,
    48,
    49,
    50,
    51,
    52,
    72,
    73,
    74,
    75,
    76,
    96,
    97,
    98,
    99,
    100,
    101
  ],
  "ids1": [
    0,
    2,
    3,
    4,
    5,
    6,
    24,
    25,
    26,
    27,
    28,
    29,
    30,
    48,
    49,
    50,
    51,
    52,
    53,
    54,
    72,
    73,
    74,
    75,
    76,
    77,
    78,
    96,
    97,
    98,
    99,
    100,
    101,
    102
  ],
  "corners0": [
    [
      [
        528.5296020507812,
        484.2685852050781
      ],
      [
        529.9113159179688,
        445.9326171875
      ],
      [
        492.13311767578125,
        441.2962951660156
      ],
      [
        491.7520446777344,
        478.84161376953125
      ]
    ],
    [
      [
        482.9267883300781,
        477.352783203125
      ],
      [
        483.2744140625,
        440.0262756347656
      ],
      [
        446.99578857421875,
        434.992431640625
      ],
      [
        447.62054443359375,
        471.9635009765625
      ]
    ],
    [
      [
        439.1947937011719,
        470.632568359375
      ],
      [
        438.5645446777344,
        433.7283935546875
      ],
      [
        404.9310302734375,
        428.7544860839844
      ],
      [
        405.86627197265625,
        464.8825988769531
      ]
    ],
    [
      [
        397.8443603515625,
        463.50958251953125
      ],
      [
        396.90484619140625,
        427.5157165527344
      ],
      [
        365.6229248046875,
        422.630615234375
      ],
      [
        366.75390625,
        457.9571838378906
      ]
    ],
    [
      [
        359.28753662109375,
        456.5150146484375
      ],
      [
        358.0482482910156,
        421.34307861328125
      ],
      [
        328.966552734375,
        416.5148620605469
      ],
      [
        330.4621276855469,
        451.021240234375
      ]
    ],
    [
      [
        530.3960571289062,
        436.4140625
      ],
      [
        531.848388671875,
        396.8813781738281
      ],
      [
        493.405517578125,
        392.47906494140625
      ],
      [
        492.470458984375,
        431.62567138671875
      ]
    ],
    [
      [
        483.3136291503906,
        430.5086975097656
      ],
      [
        484.1891784667969,
        391.4980773925781
      ],
      [
        447.9438171386719,
        387.2941589355469
      ],
      [
        447.2923889160156,
        425.622314453125
      ]
    ],
    [
      [
        438.8893127441406,
        424.4779052734375
      ],
      [
        438.9558410644531,
        386.3379211425781
      ],
      [
        404.8860168457031,
        382.03668212890625
      ],
      [
        404.7799377441406,
        419.5567932128906
      ]
    ],
    [
      [
        396.8173828125,
        418.3614501953125
      ],
      [
        396.9508972167969,
        381.1039733886719
      ],
      [
        365.1067810058594,
        376.8758239746094
      ],
      [
        365.3203430175781,
        413.6172180175781
      ]
    ],
    [
      [
        358.0876159667969,
        412.5430603027344
      ],
      [
        357.6960754394531,
        375.966796875
      ],
      [
        327.9989013671875,
        372.05224609375
      ],
      [
        328.75152587890625,
        407.7024230957031
      ]
    ],
    [
      [
        532.1696166992188,
        386.5985107421875
      ],
      [
        534.3673095703125,
        345.7986145019531
      ],
      [
        495.42694091796875,
        342.19671630859375
      ],
      [
        493.76434326171875,
        382.6653747558594
      ]
    ],
    [
      [
        484.457763671875,
        381.59686279296875
      ],
      [
        486.1260681152344,
        341.3588562011719
      ],
      [
        449.2825622558594,
        338.0020446777344
      ],
      [
        448.0647277832031,
        377.5193786621094
      ]
    ],
    [
      [
        439.2720947265625,
        376.4849548339844
      ],
      [
        440.45050048828125,
        337.2328186035156
      ],
      [
        406.08380126953125,
        334.0045471191406
      ],
      [
        405.0937805175781,
        372.5482482910156
      ]
    ],
    [
      [
        396.8463134765625,
        371.5487060546875
      ],
      [
        397.85333251953125,
        333.1660461425781
      ],
      [
        365.8130798339844,
        330.18572998046875
      ],
      [
        365.04864501953125,
        367.7358703613281
      ]
    ],
    [
      [
        357.7812194824219,
        366.7893981933594
      ],
      [
        357.96734619140625,
        329.38433837890625
      ],
      [
        328.42034912109375,
        326.6551208496094
      ],
      [
        327.8672790527344,
        363.14947509765625
      ]
    ],
    [
      [
        534.8441162109375,
        335.5150451660156
      ],
      [
        537.4883422851562,
        293.7848815917969
      ],
      [
        498.3207702636719,
        291.0510559082031
      ],
      [
        495.8960266113281,
        332.0423583984375
      ]
    ],
    [
      [
        486.6446228027344,
        331.2718505859375
      ],
      [
        488.78375244140625,
        290.4058532714844
      ],
      [
        451.687744140625,
        287.77447509765625
      ],
      [
        449.7350769042969,
        328.0428771972656
      ]
    ],
    [
      [
        440.8775939941406,
        327.2850646972656
      ],
      [
        442.85003662109375,
        287.15765380859375
      ],
      [
        408.0488586425781,
        285.1002197265625
      ],
      [
        406.3614196777344,
        324.3153991699219
      ]
    ],
    [
      [
        398.03863525390625,
        323.6350402832031
      ],
      [
        399.76116943359375,
        284.57586669921875
      ],
      [
        367.43804931640625,
        282.5796813964844
      ],
      [
        365.9574279785156,
        320.64862060546875
      ]
    ],
    [
      [
        358.3009033203125,
        320.07275390625
      ],
      [
        359.7659606933594,
        282.0745849609375
      ],
      [
        329.97137451171875,
        280.39788818359375
      ],
      [
        328.5548400878906,
        317.47711181640625
      ]
    ],
    [
      [
        538.2138061523438,
        283.2406005859375
      ],
      [
        541.1510009765625,
        241.48150634765625
      ],
      [
        501.7925109863281,
        239.55422973632812
      ],
      [
        498.9182434082031,
        280.86004638671875
      ]
    ],
    [
      [
        489.4437255859375,
        280.21685791015625
      ],
      [
        492.3334045410156,
        239.0507354736328
      ],
      [
        455.0336608886719,
        237.53732299804688
      ],
      [
        452.4127502441406,
        277.7754211425781
      ]
    ],
    [
      [
        443.3591003417969,
        277.2388916015625
      ],
      [
        446.1462707519531,
        237.1058807373047
      ],
      [
        411.1689147949219,
        235.8956298828125
      ],
      [
        408.56842041015625,
        275.3128662109375
      ]
    ],
    [
      [
        400.27166748046875,
        274.8296813964844
      ],
      [
        402.8617858886719,
        235.8596649169922
      ],
      [
        370.37640380859375,
        234.72280883789062
      ],
      [
        367.95623779296875,
        273.12646484375
      ]
    ],
    [
      [
        360.29583740234375,
        272.6349182128906
      ],
      [
        362.646240234375,
        234.52725219726562
      ],
      [
        332.494873046875,
        233.91082763671875
      ],
      [
        330.3563537597656,
        271.2832946777344
      ]
    ],
    [
      [
        323.1593933105469,
        270.84375
      ],
      [
        325.29559326171875,
        233.9239044189453
