{
  "size": [
    1280,
    720
  ],
  "ids0": [
    1,
    2,
    3,
    4,
    5,
    6,
    24,
    25,
    26,
    27,
    28,
    29,
    30,
    48,
    49,
    50,
    51,
    52,
    53,
    54,
    75,
    76,
    77,
    78,
    102
  ],
  "ids1": [
    3,
    4,
    5,
    6,
    27,
    28,
    29,
    30,
    50,
    51,
    52,
    53,
    54,
    74,
    75,
    76,
    77,
    78,
    98,
    99,
    100,
    101,
    102
  ],
  "corners0": [
    [
      [
        902.3525390625,
        183.87625122070312
      ],
      [
        894.299560546875,
        141.7733917236328
      ],
      [
        851.532470703125,
        148.96978759765625
      ],
      [
        860.3760375976562,
        190.74354553222656
      ]
    ],
    [
      [
        849.7454833984375,
        192.41419982910156
      ],
      [
        840.69091796875,
        150.75755310058594
      ],
      [
        798.0236206054688,
        158.42543029785156
      ],
      [
        807.9921264648438,
        199.4061737060547
      ]
    ],
    [
      [
        797.4951171875,
        201.27879333496094
      ],
      [
        787.5914916992188,
        160.409912109375
      ],
      [
        745.7265625,
        168.50376892089844
      ],
      [
        756.4053955078125,
        208.54306030273438
      ]
    ],
    [
      [
        746.1690063476562,
        210.44903564453125
      ],
      [
        735.492431640625,
        170.52053833007812
      ],
      [
        694.9984741210938,
        178.871337890625
      ],
      [
        706.3812866210938,
        217.96119689941406
      ]
    ],
    [
      [
        696.5137329101562,
        219.89520263671875
      ],
      [
        685.1749267578125,
        181.0667266845703
      ],
      [
        646.5824584960938,
        189.4501953125
      ],
      [
        658.248046875,
        227.23475646972656
      ]
    ],
    [
      [
        649.0064086914062,
        229.19053649902344
      ],
      [
        637.0339965820312,
        191.5350341796875
      ],
      [
        600.7284545898438,
        200.11570739746094
      ],
      [
        612.8939208984375,
        236.588134765625
      ]
    ],
    [
      [
        945.2568969726562,
        122.87125396728516
      ],
      [
        936.456298828125,
        79.45497131347656
      ],
      [
        893.477783203125,
        85.99602508544922
      ],
      [
        902.7428588867188,
        129.31626892089844
      ]
    ],
    [
      [
        891.9813232421875,
        131.06967163085938
      ],
      [
        882.5643920898438,
        87.89885711669922
      ],
      [
        838.9583740234375,
        95.450439453125
      ],
      [
        849.0860595703125,
        138.30393981933594
      ]
    ],
    [
      [
        838.23095703125,
        140.1910858154297
      ],
      [
        828.0533447265625,
        97.5222396850586
      ],
      [
        784.7872924804688,
        105.83219146728516
      ],
      [
        795.484619140625,
        147.98751831054688
      ]
    ],
    [
      [
        784.8663330078125,
        150.0283203125
      ],
      [
        774.0706787109375,
        108.02661895751953
      ],
      [
        731.5816040039062,
        117.09932708740234
      ],
      [
        743.0220336914062,
        158.23765563964844
      ]
    ],
    [
      [
        732.6746826171875,
        160.3244171142578
      ],
      [
        721.2222900390625,
        119.41802978515625
      ],
      [
        680.2741088867188,
        128.9114532470703
      ],
      [
        692.1554565429688,
        168.98703002929688
      ]
    ],
    [
      [
        682.1546630859375,
        171.11965942382812
      ],
      [
        670.33984375,
        131.36265563964844
      ],
      [
        631.2536010742188,
        140.9993438720703
      ],
      [
        643.5137939453125,
        179.9194793701172
      ]
    ],
    [
      [
        634.0091552734375,
        182.05392456054688
      ],
      [
        621.744384765625,
        143.46873474121094
      ],
      [
        585.0927124023438,
        153.22653198242188
      ],
      [
        597.516357421875,
        190.67803955078125
      ]
    ],
    [
      [
        934.1246948242188,
        68.35813903808594
      ],
      [
        923.9595336914062,
        24.45734405517578
      ],
      [
        880.225341796875,
        31.412382125854492
      ],
      [
        890.9778442382812,
        75.09497833251953
      ]
    ],
    [
      [
        879.97998046875,
        76.91193389892578
      ],
      [
        869.2440795898438,
        33.357669830322266
      ],
      [
        825.076171875,
        41.327030181884766
      ],
      [
        836.2921142578125,
        84.64969635009766
      ]
    ],
    [
      [
        825.36962890625,
        86.73925018310547
      ],
      [
        814.1416625976562,
        43.58317184448242
      ],
      [
        770.265869140625,
        52.74854278564453
      ],
      [
        781.961669921875,
        95.3118667602539
      ]
    ],
    [
      [
        771.2132568359375,
        97.44390869140625
      ],
      [
        759.5253295898438,
        55.172630310058594
      ],
      [
        716.6875,
        65.14875793457031
      ],
      [
        728.7059936523438,
        106.73304748535156
      ]
    ],
    [
      [
        718.314453125,
        109.13985443115234
      ],
      [
        706.2688598632812,
        67.7784423828125
      ],
      [
        665.0215454101562,
        78.25089263916016
      ],
      [
        677.2637329101562,
        118.79751586914062
      ]
    ],
    [
      [
        667.201416015625,
        121.30198669433594
      ],
      [
        655.0639038085938,
        81.00360870361328
      ],
      [
        615.787353515625,
        91.96068572998047
      ],
      [
        628.1982421875,
        131.19813537597656
      ]
    ],
    [
      [
        618.6708984375,
        133.68984985351562
      ],
      [
        606.3182983398438,
        94.66682434082031
      ],
      [
        569.4501953125,
        105.76385498046875
      ],
      [
        581.9482421875,
        143.74639892578125
      ]
    ],
    [
      [
        756.552001953125,
        44.662025451660156
      ],
      [
        744.2230834960938,
        2.5085318088531494
      ],
      [
        701.2318725585938,
        13.33471965789795
      ],
      [
        713.60498046875,
        54.69236373901367
      ]
    ],
    [
      [
        703.1840209960938,
        57.391571044921875
      ],
      [
        690.8164672851562,
        16.102863311767578
      ],
      [
        649.396484375,
        27.80111312866211
      ],
      [
        661.9833984375,
        68.16600036621094
      ]
    ],
    [
      [
        651.9639892578125,
        70.9115982055664
      ],
      [
        639.41015625,
        30.830059051513672
      ],
      [
        600.223388671875,
        42.844573974609375
      ],
      [
        612.6458740234375,
        82.14555358886719
      ]
    ],
    [
      [
        603.1416625976562,
        84.99784851074219
      ],
      [
        590.8909301757812,
        45.98788070678711
      ],
      [
        553.8175048828125,
        58.32600784301758
      ],
      [
        566.3681030273438,
        96.22718811035156
      ]
    ],
    [
      [
        587.692138671875,
        36.16876983642578
      ],
      [
        575.3384399414062,
        -1.100481629371643
      ],
      [
        538.3802490234375,
        11.065055847167969
      ],
      [
        550.5958862304688,
        49.14580154418945
      ]
    ]
  ],