{
  "size": [
    1280,
    720
  ],
  "ids0": [
    0,
    1,
    2,
    3,
    4,
    5,
    6,
    24,
    25,
    26,
    27,
    28,
    29,
    30,
    48,
    49,
    50,
    51,
    52,
    53,
    54,
    72,
    73,
    74,
    75,
    76,
    77,
    78,
    96,
    97,
    98,
    99,
    100,
    101,
    102
  ],
  "ids1": [
    1,
    2,
    3,
    4,
    5,
    6,
    25,
    26,
    27,
    28,
    29,
    30,
    49,
    50,
    51,
    52,
    53,
    54,
    73,
    74,
    75,
    76,
    77,
    78,
    97,
    98,
    99,
    100,
    101,
    102
  ],
  "corners0": [
    [
      [
        694.4031982421875,
        377.34814453125
      ],
      [
        693.993408203125,
        328.05450439453125
      ],
      [
        644.9977416992188,
        331.1522216796875
      ],
      [
        645.5678100585938,
        380.72113037109375
      ]
    ],
    [
      [
        633.2669677734375,
        381.5896911621094
      ],
      [
        632.3504638671875,
        331.8335876464844
      ],
      [
        581.16748046875,
        334.92120361328125
      ],
      [
        583.03857421875,
        385.4505615234375
      ]
    ],
    [
      [
        570.2625122070312,
        386.24884033203125
      ],
      [
        568.06494140625,
        335.78192138671875
      ],
      [
        515.8314208984375,
        338.8799743652344
      ],
      [
        519.0625610351562,
        389.86285400390625
      ]
    ],
    [
      [
        506.1381530761719,
        390.67303466796875
      ],
      [
        502.7972106933594,
        339.7231750488281
      ],
      [
        451.0906982421875,
        343.0881042480469
      ],
      [
        455.1023864746094,
        393.87255859375
      ]
    ],
    [
      [
        442.71923828125,
        394.7111511230469
      ],
      [
        438.0785217285156,
        343.8714599609375
      ],
      [
        387.6116638183594,
        347.1947326660156
      ],
      [
        392.9930725097656,
        397.7707824707031
      ]
    ],
    [
      [
        380.7125549316406,
        398.4491271972656
      ],
      [
        374.9990234375,
        348.01824951171875
      ],
      [
        326.8345642089844,
        351.25897216796875
      ],
      [
        333.1741638183594,
        401.1342468261719
      ]
    ],
    [
      [
        321.435791015625,
        401.76104736328125
      ],
      [
        315.0520935058594,
        352.0925598144531
      ],
      [
        269.4917907714844,
        355.085693359375
      ],
      [
        276.7607727050781,
        404.1931457519531
      ]
    ],
    [
      [
        693.9854125976562,
        315.626708984375
      ],
      [
        694.0245971679688,
        265.20684814453125
      ],
      [
        643.943359375,
        267.01080322265625
      ],
      [
        644.6845092773438,
        318.4439392089844
      ]
    ],
    [
      [
        632.0877685546875,
        319.11376953125
      ],
      [
        631.0284423828125,
        267.606201171875
      ],
      [
        578.9619750976562,
        269.7767333984375
      ],
      [
        580.6788940429688,
        321.97222900390625
      ]
    ],
    [
      [
        567.6129760742188,
        322.69073486328125
      ],
      [
        565.7291870117188,
        270.46270751953125
      ],
      [
        512.7305908203125,
        273.19085693359375
      ],
      [
        515.2603759765625,
        325.8602294921875
      ]
    ],
    [
      [
        502.1380310058594,
        326.6204833984375
      ],
      [
        499.46142578125,
        273.9416809082031
      ],
      [
        446.7104797363281,
        277.2335205078125
      ],
      [
        450.081298828125,
        330.0439147949219
      ]
    ],
    [
      [
        437.0758361816406,
        330.8937683105469
      ],
      [
        433.6750183105469,
        278.13665771484375
      ],
      [
        382.3435363769531,
        281.7681884765625
      ],
      [
        386.3570556640625,
        334.23046875
      ]
    ],
    [
      [
        373.8773193359375,
        335.1031188964844
      ],
      [
        369.5518493652344,
        282.7909851074219
      ],
      [
        320.60797119140625,
        286.5773010253906
      ],
      [
        325.31884765625,
        338.4446105957031
      ]
    ],
    [
      [
        313.57098388671875,
        339.2393798828125
      ],
      [
        308.5670166015625,
        287.6092834472656
      ],
      [
        262.5544128417969,
        291.6999816894531
      ],
      [
        268.08465576171875,
        342.54779052734375
      ]
    ],
    [
      [
        693.8013916015625,
        252.3397216796875
      ],
      [
        693.1016235351562,
        201.11068725585938
      ],
      [
        642.6672973632812,
        201.92691040039062
      ],
      [
        643.6784057617188,
        254.01925659179688
      ]
    ],
    [
      [
        630.6801147460938,
        254.2974853515625
      ],
      [
        629.7452392578125,
        202.03207397460938
      ],
      [
        577.2197875976562,
        203.54022216796875
      ],
      [
        578.5927124023438,
        256.4944763183594
      ]
    ],
    [
      [
        565.31201171875,
        257.0421447753906
      ],
      [
        563.8494873046875,
        203.93170166015625
      ],
      [
        510.3780212402344,
        206.401611328125
      ],
      [
        512.1793823242188,
        259.869140625
      ]
    ],
    [
      [
        498.84771728515625,
        260.5826721191406
      ],
      [
        496.9977722167969,
        207.03099060058594
      ],
      [
        443.63446044921875,
        210.18179321289062
      ],
      [
        446.0755615234375,
        263.7583923339844
      ]
    ],
    [
      [
        432.8304443359375,
        264.72918701171875
      ],
      [
        430.6057434082031,
        211.1688690185547
      ],
      [
        378.6487121582031,
        214.99896240234375
      ],
      [
        381.3641662597656,
        268.421875
      ]
    ],
    [
      [
        368.7597961425781,
        269.4140319824219
      ],
      [
        365.96197509765625,
        216.1657257080078
      ],
      [
        316.38128662109375,
        220.6294708251953
      ],
      [
        319.5295104980469,
        273.4394836425781
      ]
    ],
    [
      [
        307.52130126953125,
        274.388671875
      ],
      [
        304.48272705078125,
        222.00184631347656
      ],
      [
        258.0157165527344,
        226.93536376953125
      ],
      [
        261.4452819824219,
        278.92694091796875
      ]
    ],
    [
      [
        692.9622192382812,
        188.3406219482422
      ],
      [
        691.88525390625,
        137.6276092529297
      ],
      [
        641.5130615234375,
        136.98208618164062
      ],
      [
        642.3157348632812,
        188.7755889892578
      ]
    ],
    [
      [
        629.5277099609375,
        188.91165161132812
      ],
      [
        628.4690551757812,
        137.00177001953125
      ],
      [
        575.837890625,
        137.6413116455078
      ],
      [
        576.8982543945312,
        190.25584411621094
      ]
    ],
    [
      [
        563.5581665039062,
        190.64273071289062
      ],
      [
        562.5770874023438,
        137.85023498535156
      ],
      [
        508.9598388671875,
        139.81419372558594
      ],
      [
        510.0575866699219,
        192.81459045410156
      ]
    ],
    [
      [
        496.5850524902344,
        193.5919647216797
      ],
      [
        495.61883544921875,
        140.39352416992188
      ],
      [
        442.1910095214844,
        143.3682861328125
      ],
      [
        443.3539733886719,
        196.65899658203125
      ]
    ],
    [
      [
        430.1798400878906,
        197.54408264160156
      ],
      [
