{
  "size": [
    1280,
    720
  ],
  "ids0": [
    38,
    30,
    15,
    39,
    31,
    22,
    23,
    7,
    14,
    29,
    37,
    21,
    6,
    13,
    28,
    5,
    20,
    12,
    35,
    27,
    4,
    3,
    10,
    2,
    17
  ],
  "ids1": [
    8,
    17,
    16,
    24,
    0,
    25,
    18,
    10,
    26,
    2,
    34,
    19,
    27,
    3,
    20,
    12,
    28,
    4,
    11,
    36
  ],
  "corners0": [
    [
      [
        685.061279296875,
        463.8541259765625
      ],
      [
        734.0,
        457.0
      ],
      [
        738.0,
        509.0
      ],
      [
        691.0,
        514.0
      ]
    ],
    [
      [
        683.0,
        387.0
      ],
      [
        730.0,
        385.0
      ],
      [
        734.0,
        436.0
      ],
      [
        687.0,
        440.0
      ]
    ],
    [
      [
        605.0,
        241.0
      ],
      [
        654.0,
        242.0
      ],
      [
        658.0,
        291.0
      ],
      [
        608.0,
        291.0
      ]
    ],
    [
      [
        617.0,
        467.0
      ],
      [
        665.0,
        464.0
      ],
      [
        669.0,
        513.0
      ],
      [
        621.0,
        519.0
      ]
    ],
    [
      [
        614.0,
        390.0
      ],
      [
        660.0,
        388.0
      ],
      [
        665.0,
        438.0
      ],
      [
        617.0,
        441.0
      ]
    ],
    [
      [
        680.0,
        313.0
      ],
      [
        726.0,
        316.0
      ],
      [
        727.0,
        366.0
      ],
      [
        682.0,
        365.0
      ]
    ],
    [
      [
        610.0,
        314.0
      ],
      [
        656.0,
        314.0
      ],
      [
        660.0,
        363.0
      ],
      [
        613.0,
        364.0
      ]
    ],
    [
      [
        603.0,
        174.0
      ],
      [
        650.0,
        177.0
      ],
      [
        654.0,
        222.0
      ],
      [
        605.0,
        220.0
      ]
    ],
    [
      [
        674.0,
        245.0
      ],
      [
        719.0,
        247.0
      ],
      [
        724.0,
        294.0
      ],
      [
        678.0,
        293.0
      ]
    ],
    [
      [
        749.0,
        386.0
      ],
      [
        790.0,
        383.0
      ],
      [
        795.0,
        433.0
      ],
      [
        753.0,
        436.0
      ]
    ],
    [
      [
        753.0,
        457.0
      ],
      [
        795.0,
        453.0
      ],
      [
        799.0,
        501.0
      ],
      [
        757.0,
        507.0
      ]
    ],
    [
      [
        745.0,
        315.0
      ],
      [
        786.0,
        318.0
      ],
      [
        788.0,
        365.0
      ],
      [
        747.0,
        364.0
      ]
    ],
    [
      [
        670.0,
        180.0
      ],
      [
        713.0,
        183.0
      ],
      [
        718.0,
        227.0
      ],
      [
        674.0,
        225.0
      ]
    ],
    [
      [
        739.0,
        248.0
      ],
      [
        779.0,
        252.0
      ],
      [
        782.0,
        298.0
      ],
      [
        742.0,
        295.0
      ]
    ],
    [
      [
        808.0,
        384.0
      ],
      [
        844.0,
        382.0
      ],
      [
        849.0,
        428.0
      ],
      [
        813.0,
        433.0
      ]
    ],
    [
      [
        734.6793823242188,
        183.45230102539062
      ],
      [
        772.0,
        191.0
      ],
      [
        776.0,
        233.0
      ],
      [
        736.0,
        229.0
      ]
    ],
    [
      [
        803.0,
        317.0
      ],
      [
        841.5352783203125,
        320.1902770996094
      ],
      [
        843.0,
        364.0
      ],
      [
        806.0,
        363.0
      ]
    ],
    [
      [
        797.0,
        253.0
      ],
      [
        832.0,
        257.0
      ],
      [
        836.0,
        300.0
      ],
      [
        800.0,
        297.0
      ]
    ],
    [
      [
        866.0,
        447.0
      ],
      [
        896.0,
        443.0
      ],
      [
        900.0,
        487.0
      ],
      [
        869.0,
        493.0
      ]
    ],
    [
      [
        861.0,
        383.0
      ],
      [
        892.0,
        381.0
      ],
      [
        897.0,
        424.0
      ],
      [
        865.0,
        428.0
      ]
    ],
    [
      [
        790.0,
        193.0
      ],
      [
        825.0,
        199.0
      ],
      [
        828.0,
        239.0
      ],
      [
        793.0,
        233.0
      ]
    ],
    [
      [
        840.0,
        199.0
      ],
      [
        873.0,
        205.0
      ],
      [
        878.0,
        245.0
      ],
      [
        844.0,
        240.0
      ]
    ],
    [
      [
        894.0,
        261.0
      ],
      [
        923.0,
        265.0
      ],
      [
        928.0,
        306.0
      ],
      [
        898.0,
        304.0
      ]
    ],
    [
      [
        886.0,
        206.0
      ],
      [
        915.0,
        212.0
      ],
      [
        920.0,
        250.0
      ],
      [
        890.0,
        245.0
      ]
    ],
    [
      [
        943.0,
        321.0
      ],
      [
        968.0,
        323.0
      ],
      [
        972.0,
        364.0
      ],
      [
        946.0,
        363.0
      ]
    ]
  ],