{
  "size": [
    1280,
    720
  ],
  "ids0": [
    31,
    38,
    23,
    37,
    22,
    29,
    15,
    21,
    14,
    28,
    7,
    13,
    20,
    6,
    35,
    27,
    12,
    5,
    34,
    4,
    26,
    11,
    2,
    18,
    17,
    3,
    24,
    1,
    16,
    36,
    19
  ],
  "ids1": [
    0,
    9,
    17,
    25,
    2,
    10,
    18,
    26,
    3,
    11,
    19,
    34,
    27,
    28,
    35,
    6
  ],
  "corners0": [
    [
      [
        642.0543212890625,
        486.0857238769531
      ],
      [
        689.0,
        494.0
      ],
      [
        685.0,
        540.0
      ],
      [
        637.0,
        535.0
      ]
    ],
    [
      [
        705.0,
        560.0
      ],
      [
        751.0,
        564.0
      ],
      [
        748.0,
        611.0
      ],
      [
        701.0,
        607.0
      ]
    ],
    [
      [
        647.0,
        424.0
      ],
      [
        692.0,
        430.0
      ],
      [
        689.0,
        474.0
      ],
      [
        642.0,
        469.0
      ]
    ],
    [
      [
        770.0,
        564.0
      ],
      [
        813.0,
        567.0
      ],
      [
        811.0,
        612.0
      ],
      [
        767.0,
        610.0
      ]
    ],
    [
      [
        711.0,
        431.0
      ],
      [
        755.0,
        437.0
      ],
      [
        753.0,
        480.0
      ],
      [
        708.0,
        475.0
      ]
    ],
    [
      [
        773.0,
        499.0
      ],
      [
        815.0,
        504.0
      ],
      [
        813.0,
        548.0
      ],
      [
        770.0,
        545.0
      ]
    ],
    [
      [
        651.0,
        364.0
      ],
      [
        695.0,
        370.0
      ],
      [
        692.0,
        411.0
      ],
      [
        647.0,
        405.0
      ]
    ],
    [
      [
        775.81396484375,
        435.179931640625
      ],
      [
        814.0,
        442.0
      ],
      [
        813.0,
        485.0
      ],
      [
        772.0,
        481.0
      ]
    ],
    [
      [
        714.0,
        371.0
      ],
      [
        756.0,
        378.0
      ],
      [
        754.0,
        418.0
      ],
      [
        711.0,
        412.0
      ]
    ],
    [
      [
        833.0,
        503.0
      ],
      [
        872.0,
        507.0
      ],
      [
        870.0,
        550.0
      ],
      [
        831.0,
        548.0
      ]
    ],
    [
      [
        655.0,
        308.0
      ],
      [
        697.0,
        314.0
      ],
      [
        695.0,
        352.0
      ],
      [
        652.0,
        346.0
      ]
    ],
    [
      [
        774.0,
        378.0
      ],
      [
        813.0,
        384.0
      ],
      [
        813.0,
        424.0
      ],
      [
        773.0,
        419.0
      ]
    ],
    [
      [
        832.0,
        443.0
      ],
      [
        870.0,
        447.0
      ],
      [
        870.0,
        488.0
      ],
      [
        831.0,
        484.0
      ]
    ],
    [
      [
        716.0,
        316.0
      ],
      [
        756.0,
        322.0
      ],
      [
        755.0,
        359.0
      ],
      [
        713.0,
        353.0
      ]
    ],
    [
      [
        889.0,
        567.0
      ],
      [
        924.0,
        568.0
      ],
      [
        923.0,
        610.0
      ],
      [
        887.0,
        610.0
      ]
    ],
    [
      [
        889.0,
        506.0
      ],
      [
        924.0,
        509.0
      ],
      [
        923.0,
        550.0
      ],
      [
        888.0,
        549.0
      ]
    ],
    [
      [
        831.0,
        385.0
      ],
      [
        867.0,
        390.0
      ],
      [
        868.0,
        429.0
      ],
      [
        831.0,
        425.0
      ]
    ],
    [
      [
        774.0,
        323.0
      ],
      [
        811.0,
        329.0
      ],
      [
        812.0,
        366.0
      ],
      [
        773.0,
        360.0
      ]
    ],
    [
      [
        941.0,
        567.0
      ],
      [
        972.0,
        568.0
      ],
      [
        971.0,
        608.0
      ],
      [
        939.0,
        608.0
      ]
    ],
    [
      [
        829.0,
        331.0
      ],
      [
        864.0,
        337.0
      ],
      [
        865.0,
        373.0
      ],
      [
        829.0,
        367.0
      ]
    ],
    [
      [
        940.0,
        508.0
      ],
      [
        971.0,
        511.0
      ],
      [
        971.0,
        550.0
      ],
      [
        939.0,
        549.0
      ]
    ],
    [
      [
        885.0,
        391.0
      ],
      [
        917.0,
        396.0
      ],
      [
        918.0,
        434.0
      ],
      [
        885.0,
        430.0
      ]
    ],
    [
      [
        927.0,
        344.0
      ],
      [
        958.0,
        350.0
      ],
      [
        962.0,
        386.0
      ],
      [
        929.0,
        381.0
      ]
    ],
    [
      [
        936.0,
        450.0
      ],
      [
        969.0,
        454.0
      ],
      [
        970.0,
        494.0
      ],
      [
        937.0,
        492.0
      ]
    ],
    [
      [
        982.0,
        454.0
      ],
      [
        1011.0,
        457.0
      ],
      [
        1013.0,
        495.0
      ],
      [
        983.0,
        494.0
      ]
    ],
    [
      [
        880.0,
        339.0
      ],
      [
        912.0,
        344.0
      ],
      [
        914.0,
        379.0
      ],
      [
        882.0,
        374.0
      ]
    ],
    [
      [
        1027.0,
        509.0
      ],
      [
        1053.0,
        511.0
      ],
      [
        1054.0,
        549.0
      ],
      [
        1028.0,
        549.0
      ]
    ],
    [
      [
        971.0,
        351.0
      ],
      [
        999.0,
        356.0
      ],
      [
        1003.0,
        391.0
      ],
      [
        974.0,
        387.0
      ]
    ],
    [
      [
        1023.0,
        456.0
      ],
      [
        1049.0,
        459.0
      ],
      [
        1051.0,
        496.0
      ],
      [
        1025.0,
        495.0
      ]
    ],
    [
      [
        832.9429931640625,
        564.0609741210938
      ],
      [
        872.0,
        568.0
      ],
      [
        869.0,
        612.0
      ],
      [
        829.0,
        610.0
      ]
    ],
    [
      [
        887.0,
        447.0
      ],
      [
        921.0,
        451.0
      ],
      [
        922.0,
        491.0
      ],
      [
        887.0,
        488.0
      ]
    ]
  ],