{
  "size": [
    1280,
    720
  ],
  "ids0": [
    14,
    22,
    15,
    23,
    6,
    30,
    31,
    7,
    38,
    21,
    29,
    5,
    37,
    12,
    20,
    28,
    4,
    19,
    11,
    27,
    3,
    35,
    18,
    17,
    33,
    8,
    36
  ],
  "ids1": [
    8,
    0,
    16,
    9,
    1,
    17,
    32,
    25,
    33,
    10,
    2,
    18,
    26,
    34,
    35,
    3,
    19,
    36
  ],
  "corners0": [
    [
      [
        490.0,
        402.0
      ],
      [
        542.0,
        395.0
      ],
      [
        553.5241088867188,
        448.6385498046875
      ],
      [
        500.0,
        459.0
      ]
    ],
    [
      [
        503.0,
        481.0
      ],
      [
        554.0,
        473.0
      ],
      [
        564.0,
        528.0
      ],
      [
        513.0,
        538.0
      ]
    ],
    [
      [
        415.0,
        411.0
      ],
      [
        467.0,
        405.0
      ],
      [
        476.0,
        459.0
      ],
      [
        423.0,
        467.0
      ]
    ],
    [
      [
        427.0,
        494.0
      ],
      [
        479.0,
        486.0
      ],
      [
        489.0,
        540.0
      ],
      [
        438.0,
        550.0
      ]
    ],
    [
      [
        480.0,
        323.0
      ],
      [
        531.0,
        320.0
      ],
      [
        541.5498046875,
        371.4972839355469
      ],
      [
        488.0,
        379.0
      ]
    ],
    [
      [
        516.0,
        561.0
      ],
      [
        567.0,
        549.0
      ],
      [
        578.0,
        602.0
      ],
      [
        528.0,
        615.0
      ]
    ],
    [
      [
        442.0,
        576.0
      ],
      [
        493.0,
        566.0
      ],
      [
        504.0,
        618.0
      ],
      [
        453.0,
        629.0
      ]
    ],
    [
      [
        406.0,
        329.0
      ],
      [
        457.0,
        326.0
      ],
      [
        464.0,
        378.0
      ],
      [
        413.0,
        384.0
      ]
    ],
    [
      [
        531.0,
        637.0
      ],
      [
        581.0,
        623.0
      ],
      [
        592.0,
        672.0
      ],
      [
        543.0,
        687.0
      ]
    ],
    [
      [
        575.0,
        470.0
      ],
      [
        621.0,
        462.0
      ],
      [
        631.0,
        513.0
      ],
      [
        585.0,
        524.0
      ]
    ],
    [
      [
        588.0,
        545.0
      ],
      [
        633.0,
        534.0
      ],
      [
        643.0,
        585.0
      ],
      [
        598.0,
        598.0
      ]
    ],
    [
      [
        551.0,
        320.0
      ],
      [
        597.0,
        316.0
      ],
      [
        606.0,
        367.0
      ],
      [
        560.0,
        372.0
      ]
    ],
    [
      [
        601.0,
        618.0
      ],
      [
        646.0,
        605.0
      ],
      [
        655.0,
        652.0
      ],
      [
        611.0,
        667.0
      ]
    ],
    [
      [
        628.0,
        387.0
      ],
      [
        670.0,
        382.0
      ],
      [
        679.0,
        431.0
      ],
      [
        637.0,
        438.0
      ]
    ],
    [
      [
        640.0,
        459.0
      ],
      [
        681.0,
        451.0
      ],
      [
        690.0,
        500.0
      ],
      [
        649.0,
        510.0
      ]
    ],
    [
      [
        652.0,
        531.0
      ],
      [
        693.0,
        520.0
      ],
      [
        701.0,
        567.0
      ],
      [
        662.8132934570312,
        581.8482055664062
      ]
    ],
    [
      [
        617.0,
        316.0
      ],
      [
        658.0,
        314.0
      ],
      [
        667.0,
        361.0
      ],
      [
        626.0,
        366.0
      ]
    ],
    [
      [
        699.0,
        448.0
      ],
      [
        734.0,
        441.0
      ],
      [
        743.0,
        487.0
      ],
      [
        707.0,
        496.0
      ]
    ],
    [
      [
        687.0,
        381.0
      ],
      [
        723.0,
        376.0
      ],
      [
        732.0,
        422.0
      ],
      [
        697.0,
        429.0
      ]
    ],
    [
      [
        710.0,
        516.0
      ],
      [
        745.0,
        506.0
      ],
      [
        753.0,
        551.0
      ],
      [
        718.0,
        562.0
      ]
    ],
    [
      [
        676.0,
        314.0
      ],
      [
        711.0,
        312.0
      ],
      [
        721.0,
        356.0
      ],
      [
        685.0,
        361.0
      ]
    ],
    [
      [
        721.0,
        582.0
      ],
      [
        755.0,
        570.0
      ],
      [
        762.0,
        612.0
      ],
      [
        729.0,
        626.0
      ]
    ],
    [
      [
        751.0,
        439.0
      ],
      [
        781.0,
        432.0
      ],
      [
        789.0,
        475.0
      ],
      [
        759.0,
        483.0
      ]
    ],
    [
      [
        795.0,
        429.0
      ],
      [
        824.0,
        422.0
      ],
      [
        831.0,
        465.0
      ],
      [
        803.0,
        473.0
      ]
    ],
    [
      [
        814.0,
        548.0
      ],
      [
        842.0,
        536.0
      ],
      [
        848.0,
        576.0
      ],
      [
        820.0,
        589.0
      ]
    ],
    [
      [
        825.0,
        364.0
      ],
      [
        850.0,
        360.0
      ],
      [
        858.0,
        400.0
      ],
      [
        833.0,
        405.0
      ]
    ],
    [
      [
        664.0,
        600.0
      ],
      [
        704.0,
        587.0
      ],
      [
        712.0,
        631.0
      ],
      [
        673.0,
        646.0
      ]
    ]
  ],