{
  "size": [
    1280,
    720
  ],
  "ids0": [
    39,
    31,
    38,
    23,
    30,
    37,
    22,
    15,
    29,
    14,
    21,
    7,
    28,
    13,
    6,
    20,
    35,
    5,
    27,
    34,
    12,
    19,
    18,
    4,
    10,
    17,
    36
  ],
  "ids1": [
    0,
    8,
    16,
    1,
    9,
    10,
    17,
    24,
    33,
    3,
    18,
    11,
    34,
    27,
    4,
    12,
    35,
    20,
    6,
    30
  ],
  "corners0": [
    [
      [
        712.0,
        354.0
      ],
      [
        759.0,
        364.0
      ],
      [
        750.0,
        414.0
      ],
      [
        702.0,
        404.0
      ]
    ],
    [
      [
        724.0,
        284.0
      ],
      [
        770.0,
        296.0
      ],
      [
        762.0,
        344.0
      ],
      [
        715.0,
        333.0
      ]
    ],
    [
      [
        779.0,
        368.0
      ],
      [
        822.0,
        378.0
      ],
      [
        814.0,
        426.0
      ],
      [
        769.0,
        417.0
      ]
    ],
    [
      [
        735.0,
        219.0
      ],
      [
        780.0,
        231.0
      ],
      [
        772.0,
        277.0
      ],
      [
        727.0,
        265.0
      ]
    ],
    [
      [
        790.0,
        300.0
      ],
      [
        832.0,
        312.0
      ],
      [
        825.0,
        358.0
      ],
      [
        781.0,
        348.0
      ]
    ],
    [
      [
        840.0,
        381.0
      ],
      [
        880.0,
        391.0
      ],
      [
        872.0,
        437.0
      ],
      [
        832.0,
        429.0
      ]
    ],
    [
      [
        799.0,
        235.0
      ],
      [
        840.0,
        248.0
      ],
      [
        833.0,
        292.0
      ],
      [
        791.0,
        280.0
      ]
    ],
    [
      [
        745.8699951171875,
        155.13755798339844
      ],
      [
        788.0,
        170.0
      ],
      [
        780.00146484375,
        213.859375
      ],
      [
        738.0,
        199.0
      ]
    ],
    [
      [
        850.0,
        315.0
      ],
      [
        888.0,
        326.0
      ],
      [
        882.0,
        371.0
      ],
      [
        842.0,
        361.0
      ]
    ],
    [
      [
        808.1787109375,
        173.18971252441406
      ],
      [
        846.0,
        188.0
      ],
      [
        841.0,
        229.0
      ],
      [
        800.0,
        216.0
      ]
    ],
    [
      [
        858.0,
        253.0
      ],
      [
        895.0,
        264.0
      ],
      [
        890.0,
        307.0
      ],
      [
        852.0,
        297.0
      ]
    ],
    [
      [
        753.0,
        101.0
      ],
      [
        794.0,
        114.0
      ],
      [
        787.8416748046875,
        153.8517608642578
      ],
      [
        747.0,
        139.0
      ]
    ],
    [
      [
        905.0,
        330.0
      ],
      [
        939.0,
        340.0
      ],
      [
        933.0,
        383.0
      ],
      [
        898.0,
        374.0
      ]
    ],
    [
      [
        864.0,
        193.0
      ],
      [
        900.0,
        206.0
      ],
      [
        895.0,
        246.0
      ],
      [
        859.0,
        234.0
      ]
    ],
    [
      [
        813.0,
        119.0
      ],
      [
        851.0,
        133.0
      ],
      [
        847.0,
        170.0
      ],
      [
        808.0,
        157.0
      ]
    ],
    [
      [
        912.0,
        269.0
      ],
      [
        945.0,
        280.0
      ],
      [
        940.0,
        322.0
      ],
      [
        906.0,
        311.0
      ]
    ],
    [
      [
        947.0,
        405.0
      ],
      [
        978.0,
        412.0
      ],
      [
        971.0,
        454.0
      ],
      [
        940.0,
        448.0
      ]
    ],
    [
      [
        869.0,
        138.0
      ],
      [
        903.0,
        151.0
      ],
      [
        900.0,
        188.0
      ],
      [
        865.0,
        175.0
      ]
    ],
    [
      [
        955.0,
        343.0
      ],
      [
        985.0,
        353.0
      ],
      [
        979.0,
        394.0
      ],
      [
        949.0,
        386.0
      ]
    ],
    [
      [
        992.0,
        413.0
      ],
      [
        1021.0,
        421.0
      ],
      [
        1014.0,
        463.0
      ],
      [
        985.0,
        457.0
      ]
    ],
    [
      [
        917.0,
        211.0
      ],
      [
        949.0,
        224.0
      ],
      [
        945.0,
        262.0
      ],
      [
        913.0,
        251.0
      ]
    ],
    [
      [
        961.0,
        284.0
      ],
      [
        990.0,
        295.0
      ],
      [
        985.0,
        335.0
      ],
      [
        956.0,
        325.0
      ]
    ],
    [
      [
        1003.0,
        298.0
      ],
      [
        1031.0,
        308.0
      ],
      [
        1028.0,
        348.0
      ],
      [
        1000.0,
        339.0
      ]
    ],
    [
      [
        920.0,
        157.0
      ],
      [
        951.0,
        170.0
      ],
      [
        949.0,
        205.0
      ],
      [
        917.0,
        193.0
      ]
    ],
    [
      [
        1007.0,
        243.0
      ],
      [
        1034.0,
        255.0
      ],
      [
        1032.0,
        293.0
      ],
      [
        1004.0,
        282.0
      ]
    ],
    [
      [
        1043.0,
        311.0
      ],
      [
        1067.0,
        321.0
      ],
      [
        1064.0,
        359.0
      ],
      [
        1039.0,
        351.0
      ]
    ],
    [
      [
        897.0,
        393.0
      ],
      [
        931.0,
        402.0
      ],
      [
        924.0,
        446.0
      ],
      [
        889.0,
        439.0
      ]
    ]
  ],