{
  "size": [
    1280,
    720
  ],
  "ids0": [
    39,
    15,
    14,
    29,
    21,
    37,
    7,
    13,
    31,
    23,
    6,
    22,
    28,
    30,
    20,
    38,
    5,
    12,
    27,
    4,
    19,
    35,
    11,
    3,
    18,
    26,
    34,
    10,
    2,
    1,
    25,
    33,
    17,
    9,
    8,
    0
  ],
  "ids1": [
    8,
    16,
    24,
    1,
    9,
    32,
    17,
    25,
    33,
    34,
    19,
    4,
    12
  ],
  "corners0": [
    [
      [
        536.0,
        433.0
      ],
      [
        588.0,
        432.0
      ],
      [
        589.0,
        484.0
      ],
      [
        537.0,
        484.0
      ]
    ],
    [
      [
        542.0,
        212.0
      ],
      [
        593.0,
        215.0
      ],
      [
        591.0,
        265.0
      ],
      [
        539.0,
        262.0
      ]
    ],
    [
      [
        614.0,
        215.0
      ],
      [
        664.0,
        218.0
      ],
      [
        663.0,
        268.0
      ],
      [
        612.0,
        264.0
      ]
    ],
    [
      [
        684.0,
        360.0
      ],
      [
        732.0,
        362.0
      ],
      [
        730.0,
        412.0
      ],
      [
        681.0,
        411.0
      ]
    ],
    [
      [
        685.0,
        288.0
      ],
      [
        733.0,
        292.0
      ],
      [
        731.0,
        341.0
      ],
      [
        683.0,
        339.0
      ]
    ],
    [
      [
        681.0,
        433.0
      ],
      [
        729.0,
        431.0
      ],
      [
        729.0,
        481.0
      ],
      [
        681.0,
        483.0
      ]
    ],
    [
      [
        545.0,
        145.0
      ],
      [
        595.0,
        146.0
      ],
      [
        594.0,
        193.0
      ],
      [
        543.0,
        192.0
      ]
    ],
    [
      [
        685.0,
        218.0
      ],
      [
        733.0,
        222.0
      ],
      [
        729.840087890625,
        272.79638671875
      ],
      [
        684.0,
        268.0
      ]
    ],
    [
      [
        539.0,
        361.0
      ],
      [
        587.0,
        361.0
      ],
      [
        588.0,
        409.0
      ],
      [
        540.0,
        410.0
      ]
    ],
    [
      [
        540.0,
        287.0
      ],
      [
        588.0,
        287.0
      ],
      [
        589.0,
        335.0
      ],
      [
        540.0,
        335.0
      ]
    ],
    [
      [
        615.0,
        148.0
      ],
      [
        664.0,
        150.0
      ],
      [
        665.0,
        196.0
      ],
      [
        615.0,
        195.0
      ]
    ],
    [
      [
        615.0,
        288.0
      ],
      [
        662.0,
        291.0
      ],
      [
        660.0,
        338.0
      ],
      [
        613.0,
        336.0
      ]
    ],
    [
      [
        752.0,
        361.0
      ],
      [
        797.0,
        363.0
      ],
      [
        795.0,
        412.0
      ],
      [
        749.0,
        410.0
      ]
    ],
    [
      [
        614.0,
        361.0
      ],
      [
        661.0,
        363.0
      ],
      [
        659.0,
        410.0
      ],
      [
        612.0,
        409.0
      ]
    ],
    [
      [
        753.0,
        291.0
      ],
      [
        798.0,
        295.0
      ],
      [
        796.0,
        343.0
      ],
      [
        751.0,
        341.0
      ]
    ],
    [
      [
        611.0,
        436.0
      ],
      [
        658.0,
        434.0
      ],
      [
        659.0,
        480.0
      ],
      [
        612.0,
        482.0
      ]
    ],
    [
      [
        686.0,
        151.0
      ],
      [
        732.0,
        157.0
      ],
      [
        731.0,
        202.0
      ],
      [
        684.0,
        198.0
      ]
    ],
    [
      [
        752.0,
        223.0
      ],
      [
        797.0,
        228.0
      ],
      [
        796.0,
        274.0
      ],
      [
        751.0,
        270.0
      ]
    ],
    [
      [
        814.0,
        363.0
      ],
      [
        855.0,
        362.0
      ],
      [
        856.0,
        409.0
      ],
      [
        815.0,
        412.0
      ]
    ],
    [
      [
        752.0,
        157.0
      ],
      [
        795.0,
        163.0
      ],
      [
        795.0,
        207.0
      ],
      [
        751.0,
        203.0
      ]
    ],
    [
      [
        816.0,
        294.0
      ],
      [
        857.0,
        298.0
      ],
      [
        856.0,
        344.0
      ],
      [
        815.0,
        342.0
      ]
    ],
    [
      [
        812.0,
        432.0
      ],
      [
        853.0,
        428.0
      ],
      [
        853.0,
        474.0
      ],
      [
        812.0,
        478.0
      ]
    ],
    [
      [
        815.0,
        228.0
      ],
      [
        856.0,
        233.0
      ],
      [
        855.0,
        278.0
      ],
      [
        815.0,
        274.0
      ]
    ],
    [
      [
        814.0,
        164.0
      ],
      [
        853.0,
        170.0
      ],
      [
        854.0,
        213.0
      ],
      [
        814.0,
        209.0
      ]
    ],
    [
      [
        875.0,
        297.0
      ],
      [
        911.0,
        301.0
      ],
      [
        910.0,
        345.0
      ],
      [
        873.0,
        343.0
      ]
    ],
    [
      [
        875.0,
        362.0
      ],
      [
        911.0,
        365.0
      ],
      [
        908.0,
        409.0
      ],
      [
        872.0,
        409.0
      ]
    ],
    [
      [
        871.0,
        430.0
      ],
      [
        908.0,
        427.0
      ],
      [
        907.0,
        470.0
      ],
      [
        870.0,
        474.0
      ]
    ],
    [
      [
        875.4159545898438,
        231.446533203125
      ],
      [
        910.0,
        239.0
      ],
      [
        909.0,
        282.0
      ],
      [
        873.0,
        278.0
      ]
    ],
    [
      [
        871.0,
        172.0
      ],
      [
        906.0,
        178.0
      ],
      [
        907.0,
        219.0
      ],
      [
        872.0,
        214.0
      ]
    ],
    [
      [
        921.6278076171875,
        177.24493408203125
      ],
      [
        955.0,
        185.0
      ],
      [
        957.0,
        227.0
      ],
      [
        923.0,
        221.0
      ]
    ],
    [
      [
        927.0,
        364.0
      ],
      [
        960.0,
        366.0
      ],
      [
        957.0,
        407.0
      ],
      [
        925.0,
        407.0
      ]
    ],
    [
      [
        924.0,
        428.0
      ],
      [
        956.0,
        425.0
      ],
      [
        955.0,
        467.0
      ],
      [
        923.0,
        470.0
      ]
    ],
    [
      [
        928.0,
        301.0
      ],
      [
        959.0,
        304.0
      ],
      [
        958.0,
        346.0
      ],
      [
        926.0,
        344.0
      ]
    ],
    [
      [
        926.0,
        239.0
      ],
      [
        958.0,
        245.0
      ],
      [
        958.0,
        285.0
      ],
      [
        926.0,
        281.0
      ]
    ],
    [
      [
        972.0,
        244.0
      ],
      [
        1002.0,
        248.0
      ],
      [
        1002.0,
        290.0
      ],
      [
        973.0,
        286.0
      ]
    ],
    [
      [
        968.26806640625,
        185.1171875
      ],
      [
        998.0,
        193.0
      ],
      [
        1000.0,
        233.0
      ],
      [
        970.0,
        228.0
      ]
    ]
  ],