{
  "size": [
    1280,
    720
  ],
  "ids0": [
    39,
    31,
    23,
    38,
    15,
    30,
    7,
    37,
    21,
    6,
    13,
    28,
    35,
    5,
    4,
    27,
    26,
    18,
    10,
    36,
    20
  ],
  "ids1": [
    8,
    0,
    16,
    9,
    1,
    24,
    17,
    32,
    25,
    10,
    2,
    33,
    18,
    11,
    26,
    27,
    35,
    12,
    4,
    21,
    15
  ],
  "corners0": [
    [
      [
        758.9510498046875,
        351.3776550292969
      ],
      [
        801.0,
        359.0
      ],
      [
        795.0,
        407.0
      ],
      [
        750.0,
        402.0
      ]
    ],
    [
      [
        763.0,
        284.0
      ],
      [
        807.0,
        292.0
      ],
      [
        802.0,
        339.0
      ],
      [
        758.0,
        333.0
      ]
    ],
    [
      [
        769.0,
        218.0
      ],
      [
        812.0,
        226.0
      ],
      [
        808.0,
        272.0
      ],
      [
        764.0,
        265.0
      ]
    ],
    [
      [
        819.0,
        361.0
      ],
      [
        860.0,
        366.0
      ],
      [
        855.0,
        412.0
      ],
      [
        814.0,
        408.0
      ]
    ],
    [
      [
        773.0,
        154.0
      ],
      [
        815.0,
        163.0
      ],
      [
        812.0,
        207.0
      ],
      [
        769.0,
        198.0
      ]
    ],
    [
      [
        826.0,
        294.0
      ],
      [
        866.0,
        301.0
      ],
      [
        861.0,
        346.0
      ],
      [
        821.0,
        341.0
      ]
    ],
    [
      [
        777.0,
        95.0
      ],
      [
        818.0,
        105.0
      ],
      [
        815.0,
        145.0
      ],
      [
        774.0,
        136.0
      ]
    ],
    [
      [
        878.0,
        367.0
      ],
      [
        914.0,
        372.0
      ],
      [
        909.0,
        416.0
      ],
      [
        872.0,
        412.0
      ]
    ],
    [
      [
        888.0,
        240.0
      ],
      [
        923.0,
        248.0
      ],
      [
        919.0,
        291.0
      ],
      [
        884.0,
        283.0
      ]
    ],
    [
      [
        837.0,
        108.0
      ],
      [
        874.0,
        119.0
      ],
      [
        872.0,
        157.0
      ],
      [
        834.0,
        148.0
      ]
    ],
    [
      [
        890.0,
        179.0
      ],
      [
        925.0,
        189.0
      ],
      [
        923.0,
        229.0
      ],
      [
        888.0,
        221.0
      ]
    ],
    [
      [
        936.0,
        311.0
      ],
      [
        968.0,
        318.0
      ],
      [
        964.0,
        359.0
      ],
      [
        931.0,
        354.0
      ]
    ],
    [
      [
        977.0,
        377.0
      ],
      [
        1007.0,
        382.0
      ],
      [
        1002.0,
        424.0
      ],
      [
        971.0,
        421.0
      ]
    ],
    [
      [
        891.0,
        122.0
      ],
      [
        925.0,
        132.0
      ],
      [
        924.0,
        170.0
      ],
      [
        890.0,
        161.0
      ]
    ],
    [
      [
        940.0,
        135.0
      ],
      [
        973.0,
        145.0
      ],
      [
        972.0,
        184.0
      ],
      [
        939.0,
        174.0
      ]
    ],
    [
      [
        982.0,
        318.0
      ],
      [
        1012.0,
        324.0
      ],
      [
        1008.0,
        366.0
      ],
      [
        978.0,
        361.0
      ]
    ],
    [
      [
        1024.0,
        325.0
      ],
      [
        1051.0,
        331.0
      ],
      [
        1047.0,
        371.0
      ],
      [
        1020.0,
        367.0
      ]
    ],
    [
      [
        1027.0,
        269.0
      ],
      [
        1053.0,
        276.0
      ],
      [
        1051.0,
        316.0
      ],
      [
        1024.0,
        310.0
      ]
    ],
    [
      [
        1028.0,
        215.0
      ],
      [
        1054.0,
        223.0
      ],
      [
        1053.0,
        261.0
      ],
      [
        1026.0,
        253.0
      ]
    ],
    [
      [
        931.0,
        373.0
      ],
      [
        963.0,
        378.0
      ],
      [
        957.0,
        420.0
      ],
      [
        925.0,
        416.0
      ]
    ],
    [
      [
        940.0,
        250.0
      ],
      [
        971.0,
        258.0
      ],
      [
        968.0,
        299.0
      ],
      [
        936.0,
        292.0
      ]
    ]
  ],