{
  "size": [
    1280,
    720
  ],
  "ids0": [
    15,
    14,
    23,
    22,
    7,
    6,
    31,
    38,
    21,
    5,
    29,
    37,
    12,
    20,
    4,
    28,
    11,
    3,
    27,
    18,
    35,
    17,
    1,
    36,
    19
  ],
  "ids1": [
    0,
    8,
    16,
    24,
    9,
    1,
    17,
    32,
    25,
    2,
    10,
    18,
    33,
    26,
    11,
    19,
    3,
    34,
    12,
    27,
    35,
    21,
    37,
    6
  ],
  "corners0": [
    [
      [
        474.0,
        417.0
      ],
      [
        525.0,
        411.0
      ],
      [
        534.0,
        466.0
      ],
      [
        483.0,
        474.0
      ]
    ],
    [
      [
        548.0,
        408.0
      ],
      [
        598.0,
        401.0
      ],
      [
        609.5532836914062,
        454.4114685058594
      ],
      [
        558.0,
        465.0
      ]
    ],
    [
      [
        487.0,
        501.0
      ],
      [
        538.0,
        492.0
      ],
      [
        547.0,
        546.0
      ],
      [
        497.0,
        557.0
      ]
    ],
    [
      [
        561.0,
        487.0
      ],
      [
        610.0,
        478.0
      ],
      [
        620.0,
        532.0
      ],
      [
        571.0,
        544.0
      ]
    ],
    [
      [
        463.0,
        335.0
      ],
      [
        514.0,
        331.0
      ],
      [
        522.0,
        384.0
      ],
      [
        471.0,
        390.0
      ]
    ],
    [
      [
        537.0,
        329.0
      ],
      [
        586.0,
        325.0
      ],
      [
        595.0,
        379.0
      ],
      [
        546.0,
        385.0
      ]
    ],
    [
      [
        501.0,
        584.0
      ],
      [
        551.0,
        572.0
      ],
      [
        561.0,
        623.0
      ],
      [
        512.0,
        636.0
      ]
    ],
    [
      [
        588.0,
        641.0
      ],
      [
        635.0,
        626.0
      ],
      [
        644.0,
        674.0
      ],
      [
        598.0,
        690.0
      ]
    ],
    [
      [
        630.0,
        475.0
      ],
      [
        673.0,
        466.0
      ],
      [
        682.0,
        517.0
      ],
      [
        640.0,
        529.0
      ]
    ],
    [
      [
        606.0,
        325.0
      ],
      [
        650.0,
        322.0
      ],
      [
        659.0,
        373.0
      ],
      [
        615.0,
        378.0
      ]
    ],
    [
      [
        642.0,
        549.0
      ],
      [
        685.0,
        538.0
      ],
      [
        693.0,
        587.0
      ],
      [
        651.0,
        601.0
      ]
    ],
    [
      [
        654.0,
        621.0
      ],
      [
        696.0,
        607.0
      ],
      [
        703.0,
        653.0
      ],
      [
        663.0,
        668.0
      ]
    ],
    [
      [
        680.0,
        392.0
      ],
      [
        718.0,
        387.0
      ],
      [
        727.0,
        435.0
      ],
      [
        689.0,
        443.0
      ]
    ],
    [
      [
        691.0,
        464.0
      ],
      [
        729.0,
        455.0
      ],
      [
        738.0,
        503.0
      ],
      [
        700.0,
        513.0
      ]
    ],
    [
      [
        668.0,
        323.0
      ],
      [
        706.0,
        319.0
      ],
      [
        715.0,
        367.0
      ],
      [
        677.0,
        372.0
      ]
    ],
    [
      [
        702.0,
        534.0
      ],
      [
        740.0,
        523.0
      ],
      [
        747.0,
        569.0
      ],
      [
        711.955322265625,
        583.89306640625
      ]
    ],
    [
      [
        735.0,
        386.0
      ],
      [
        768.0,
        381.0
      ],
      [
        776.0,
        426.0
      ],
      [
        743.0,
        433.0
      ]
    ],
    [
      [
        723.0,
        320.0
      ],
      [
        755.0,
        317.0
      ],
      [
        765.0,
        362.0
      ],
      [
        732.0,
        366.0
      ]
    ],
    [
      [
        756.0,
        518.0
      ],
      [
        788.0,
        509.0
      ],
      [
        794.0,
        552.0
      ],
      [
        763.0,
        564.0
      ]
    ],
    [
      [
        792.0,
        441.0
      ],
      [
        822.0,
        434.0
      ],
      [
        829.0,
        478.0
      ],
      [
        799.6597290039062,
        488.9659423828125
      ]
    ],
    [
      [
        765.0,
        583.0
      ],
      [
        796.0,
        570.0
      ],
      [
        802.0,
        612.0
      ],
      [
        772.0,
        625.0
      ]
    ],
    [
      [
        834.0,
        432.0
      ],
      [
        859.0,
        426.0
      ],
      [
        866.0,
        467.0
      ],
      [
        840.5052490234375,
        476.9609375
      ]
    ],
    [
      [
        814.0,
        314.0
      ],
      [
        840.0,
        314.0
      ],
      [
        847.0,
        355.0
      ],
      [
        821.0,
        357.0
      ]
    ],
    [
      [
        713.0,
        601.0
      ],
      [
        749.0,
        588.0
      ],
      [
        756.0,
        631.0
      ],
      [
        721.0,
        647.0
      ]
    ],
    [
      [
        746.0,
        452.0
      ],
      [
        778.0,
        445.0
      ],
      [
        786.0,
        489.0
      ],
      [
        754.0,
        499.0
      ]
    ]
  ],