{
  "size": [
    1280,
    720
  ],
  "ids0": [
    39,
    30,
    38,
    31,
    29,
    22,
    23,
    21,
    14,
    28,
    15,
    20,
    13,
    7,
    6,
    27,
    12,
    35,
    5,
    19,
    11,
    4,
    26,
    34,
    18,
    10,
    25,
    17,
    33,
    2,
    9,
    8,
    1,
    36
  ],
  "ids1": [
    0,
    1,
    9,
    17,
    2,
    10,
    18,
    35,
    34
  ],
  "corners0": [
    [
      [
        605.0,
        365.0
      ],
      [
        653.0,
        378.0
      ],
      [
        640.0,
        426.0
      ],
      [
        592.0,
        413.0
      ]
    ],
    [
      [
        690.2974243164062,
        311.18988037109375
      ],
      [
        737.0,
        326.0
      ],
      [
        725.0,
        374.0
      ],
      [
        677.0,
        362.0
      ]
    ],
    [
      [
        673.0,
        382.0
      ],
      [
        721.0,
        394.0
      ],
      [
        708.0,
        442.0
      ],
      [
        660.0,
        430.0
      ]
    ],
    [
      [
        621.0,
        297.0
      ],
      [
        669.0,
        309.0
      ],
      [
        657.0,
        357.0
      ],
      [
        609.0,
        345.0
      ]
    ],
    [
      [
        757.0,
        330.0
      ],
      [
        803.0,
        342.0
      ],
      [
        791.0,
        390.0
      ],
      [
        744.0,
        378.0
      ]
    ],
    [
      [
        706.0,
        246.0
      ],
      [
        752.0,
        259.0
      ],
      [
        741.0,
        306.0
      ],
      [
        691.3682250976562,
        291.1496887207031
      ]
    ],
    [
      [
        638.0,
        230.0
      ],
      [
        685.0,
        242.0
      ],
      [
        673.0,
        289.0
      ],
      [
        623.28515625,
        274.3269348144531
      ]
    ],
    [
      [
        772.0,
        263.0
      ],
      [
        817.0,
        276.0
      ],
      [
        806.0,
        323.0
      ],
      [
        761.0,
        311.0
      ]
    ],
    [
      [
        720.0,
        182.0
      ],
      [
        766.0,
        194.0
      ],
      [
        756.0,
        239.0
      ],
      [
        709.0,
        227.0
      ]
    ],
    [
      [
        822.0,
        346.0
      ],
      [
        865.0,
        358.0
      ],
      [
        854.0,
        405.0
      ],
      [
        809.0,
        393.0
      ]
    ],
    [
      [
        654.0,
        166.0
      ],
      [
        700.0,
        178.0
      ],
      [
        689.0,
        222.0
      ],
      [
        642.0,
        211.0
      ]
    ],
    [
      [
        836.0,
        281.0
      ],
      [
        879.0,
        293.0
      ],
      [
        869.0,
        339.0
      ],
      [
        825.0,
        327.0
      ]
    ],
    [
      [
        787.423828125,
        197.12503051757812
      ],
      [
        830.0,
        212.0
      ],
      [
        820.0,
        257.0
      ],
      [
        776.0,
        244.0
      ]
    ],
    [
      [
        670.0,
        106.0
      ],
      [
        715.0,
        117.0
      ],
      [
        704.0,
        159.0
      ],
      [
        658.0,
        147.0
      ]
    ],
    [
      [
        736.0857543945312,
        119.30604553222656
      ],
      [
        779.0,
        134.0
      ],
      [
        770.0,
        175.0
      ],
      [
        724.0,
        163.0
      ]
    ],
    [
      [
        883.0,
        362.0
      ],
      [
        923.0,
        373.0
      ],
      [
        912.0,
        419.0
      ],
      [
        872.0,
        409.0
      ]
    ],
    [
      [
        849.0,
        217.0
      ],
      [
        891.0,
        231.0
      ],
      [
        882.0,
        274.0
      ],
      [
        839.0,
        261.0
      ]
    ],
    [
      [
        868.0,
        428.0
      ],
      [
        908.0,
        438.0
      ],
      [
        896.0,
        483.0
      ],
      [
        855.0,
        474.0
      ]
    ],
    [
      [
        798.0,
        138.0
      ],
      [
        841.0,
        151.0
      ],
      [
        833.0,
        193.0
      ],
      [
        789.0,
        180.0
      ]
    ],
    [
      [
        897.0,
        297.0
      ],
      [
        936.0,
        310.0
      ],
      [
        926.0,
        355.0
      ],
      [
        887.0,
        343.0
      ]
    ],
    [
      [
        908.0,
        235.0
      ],
      [
        947.0,
        248.0
      ],
      [
        939.0,
        291.0
      ],
      [
        900.0,
        279.0
      ]
    ],
    [
      [
        860.0,
        157.0
      ],
      [
        901.0,
        171.0
      ],
      [
        893.0,
        211.0
      ],
      [
        852.0,
        198.0
      ]
    ],
    [
      [
        941.0,
        377.0
      ],
      [
        977.0,
        388.0
      ],
      [
        966.0,
        432.0
      ],
      [
        929.0,
        422.0
      ]
    ],
    [
      [
        925.0,
        441.0
      ],
      [
        962.0,
        450.0
      ],
      [
        950.0,
        493.0
      ],
      [
        913.0,
        485.0
      ]
    ],
    [
      [
        955.68310546875,
        312.9231872558594
      ],
      [
        989.0,
        326.0
      ],
      [
        980.0,
        369.0
      ],
      [
        943.0,
        358.0
      ]
    ],
    [
      [
        964.0,
        253.0
      ],
      [
        999.0,
        266.0
      ],
      [
        992.0,
        307.0
      ],
      [
        956.0,
        296.0
      ]
    ],
    [
      [
        993.0,
        392.0
      ],
      [
        1025.0,
        401.0
      ],
      [
        1015.0,
        443.0
      ],
      [
        982.0,
        435.0
      ]
    ],
    [
      [
        1005.0,
        330.0
      ],
      [
        1037.0,
        341.0
      ],
      [
        1028.0,
        383.0
      ],
      [
        996.0,
        373.0
      ]
    ],
    [
      [
        979.0,
        453.0
      ],
      [
        1011.0,
        461.0
      ],
      [
        999.0,
        503.0
      ],
      [
        967.0,
        496.0
      ]
    ],
    [
      [
        973.0,
        194.0
      ],
      [
        1006.0,
        207.0
      ],
      [
        1001.0,
        247.0
      ],
      [
        966.0,
        234.0
      ]
    ],
    [
      [
        1015.0,
        271.0
      ],
      [
        1046.0,
        283.0
      ],
      [
        1039.0,
        323.0
      ],
      [
        1008.0,
        312.0
      ]
    ],
    [
      [
        1060.0,
        286.0
      ],
      [
        1089.0,
        298.0
      ],
      [
        1083.0,
        339.0
      ],
      [
        1053.0,
        328.0
      ]
    ],
    [
      [
        1023.0,
        213.0
      ],
      [
        1053.0,
        226.0
      ],
      [
        1048.0,
        264.0
      ],
      [
        1017.0,
        252.0
      ]
    ],
    [
      [
        806.0,
        413.0
      ],
      [
        850.0,
        424.0
      ],
      [
        837.0,
        471.0
      ],
      [
        793.0,
        460.0
      ]
    ]
  ],