{
  "size": [
    1280,
    720
  ],
  "ids0": [
    31,
    39,
    23,
    15,
    38,
    30,
    7,
    22,
    14,
    37,
    6,
    21,
    28,
    13,
    5,
    4,
    35,
    26,
    18,
    10
  ],
  "ids1": [
    9,
    16,
    1,
    24,
    33,
    8,
    18,
    26,
    10,
    0,
    17,
    32,
    34,
    2,
    35,
    3,
    20,
    28,
    12,
    4,
    21,
    13,
    37,
    5,
    30,
    6,
    7,
    11,
    36
  ],
  "corners0": [
    [
      [
        649.0,
        395.0
      ],
      [
        698.0,
        390.0
      ],
      [
        706.0,
        446.0
      ],
      [
        657.0,
        453.0
      ]
    ],
    [
      [
        659.0,
        476.0
      ],
      [
        707.0,
        468.0
      ],
      [
        715.0,
        523.0
      ],
      [
        668.5535888671875,
        535.5841674804688
      ]
    ],
    [
      [
        640.0,
        315.0
      ],
      [
        689.0,
        314.0
      ],
      [
        696.0,
        368.0
      ],
      [
        648.0,
        372.0
      ]
    ],
    [
      [
        631.0,
        240.0
      ],
      [
        678.0,
        241.0
      ],
      [
        686.0,
        292.0
      ],
      [
        638.0,
        293.0
      ]
    ],
    [
      [
        727.0,
        466.0
      ],
      [
        769.0,
        459.0
      ],
      [
        775.0,
        511.0
      ],
      [
        734.0,
        520.0
      ]
    ],
    [
      [
        718.0,
        390.0
      ],
      [
        759.0,
        386.0
      ],
      [
        767.0,
        438.0
      ],
      [
        725.0,
        444.0
      ]
    ],
    [
      [
        623.0,
        169.0
      ],
      [
        669.0,
        173.0
      ],
      [
        676.0,
        220.0
      ],
      [
        629.0,
        218.0
      ]
    ],
    [
      [
        707.0,
        315.0
      ],
      [
        749.0,
        314.0
      ],
      [
        759.6017456054688,
        363.8626708984375
      ],
      [
        716.0,
        368.0
      ]
    ],
    [
      [
        699.0,
        242.0
      ],
      [
        740.0,
        246.0
      ],
      [
        746.0,
        294.0
      ],
      [
        705.0,
        292.0
      ]
    ],
    [
      [
        786.0,
        457.0
      ],
      [
        821.0,
        450.0
      ],
      [
        828.0,
        499.0
      ],
      [
        793.3130493164062,
        509.8036193847656
      ]
    ],
    [
      [
        689.0,
        175.0
      ],
      [
        729.0,
        181.0
      ],
      [
        735.0,
        225.0
      ],
      [
        695.0,
        221.0
      ]
    ],
    [
      [
        768.0,
        314.0
      ],
      [
        804.0,
        315.0
      ],
      [
        809.0,
        363.0
      ],
      [
        774.0,
        363.0
      ]
    ],
    [
      [
        828.0,
        380.0
      ],
      [
        860.0,
        376.0
      ],
      [
        868.8016967773438,
        425.8992614746094
      ],
      [
        835.0,
        430.0
      ]
    ],
    [
      [
        758.0,
        246.0
      ],
      [
        793.0,
        250.0
      ],
      [
        799.0,
        295.0
      ],
      [
        764.0,
        293.0
      ]
    ],
    [
      [
        747.0,
        182.0
      ],
      [
        782.0,
        188.0
      ],
      [
        788.0,
        230.0
      ],
      [
        753.0,
        226.0
      ]
    ],
    [
      [
        797.0,
        188.0
      ],
      [
        829.0,
        194.0
      ],
      [
        836.0,
        236.0
      ],
      [
        804.0,
        232.0
      ]
    ],
    [
      [
        881.0,
        439.0
      ],
      [
        908.0,
        434.0
      ],
      [
        914.0,
        478.0
      ],
      [
        887.0,
        486.0
      ]
    ],
    [
      [
        912.0,
        373.0
      ],
      [
        935.0,
        370.0
      ],
      [
        942.0,
        412.0
      ],
      [
        919.0,
        416.0
      ]
    ],
    [
      [
        903.0,
        313.0
      ],
      [
        928.0,
        316.0
      ],
      [
        933.0,
        355.0
      ],
      [
        909.0,
        356.0
      ]
    ],
    [
      [
        893.0,
        256.0
      ],
      [
        917.0,
        260.0
      ],
      [
        923.0,
        299.0
      ],
      [
        900.0,
        298.0
      ]
    ]
  ],