{
  "size": [
    1280,
    720
  ],
  "ids0": [
    31,
    38,
    23,
    30,
    37,
    22,
    15,
    29,
    14,
    21,
    7,
    13,
    20,
    6,
    35,
    5,
    12,
    27,
    19,
    4,
    10,
    2,
    1,
    32,
    24,
    36,
    28
  ],
  "ids1": [
    16,
    24,
    32,
    8,
    0,
    25,
    17,
    9,
    33,
    1,
    18,
    26,
    34,
    10,
    27,
    19,
    35,
    21,
    37,
    29,
    5,
    2
  ],
  "corners0": [
    [
      [
        573.0,
        504.0
      ],
      [
        623.0,
        498.0
      ],
      [
        632.0,
        548.0
      ],
      [
        581.0,
        554.0
      ]
    ],
    [
      [
        655.0,
        567.0
      ],
      [
        703.0,
        559.0
      ],
      [
        712.0,
        608.0
      ],
      [
        664.0,
        616.0
      ]
    ],
    [
      [
        564.0,
        435.0
      ],
      [
        613.0,
        431.0
      ],
      [
        621.0,
        478.0
      ],
      [
        571.0,
        483.0
      ]
    ],
    [
      [
        643.0,
        498.0
      ],
      [
        690.0,
        491.0
      ],
      [
        700.0,
        539.0
      ],
      [
        652.0,
        546.0
      ]
    ],
    [
      [
        722.0,
        557.0
      ],
      [
        767.0,
        549.0
      ],
      [
        776.0,
        596.0
      ],
      [
        732.0,
        605.0
      ]
    ],
    [
      [
        633.0,
        430.0
      ],
      [
        678.0,
        426.0
      ],
      [
        688.0,
        471.0
      ],
      [
        641.0,
        477.0
      ]
    ],
    [
      [
        556.0,
        370.0
      ],
      [
        603.0,
        367.0
      ],
      [
        610.0,
        411.0
      ],
      [
        562.0,
        415.0
      ]
    ],
    [
      [
        710.0,
        490.0
      ],
      [
        753.0,
        484.0
      ],
      [
        764.0,
        529.0
      ],
      [
        719.0,
        537.0
      ]
    ],
    [
      [
        622.0,
        367.0
      ],
      [
        667.0,
        364.0
      ],
      [
        677.5720825195312,
        404.5699768066406
      ],
      [
        631.0,
        411.0
      ]
    ],
    [
      [
        698.0,
        425.0
      ],
      [
        740.0,
        421.0
      ],
      [
        750.0,
        465.0
      ],
      [
        707.0,
        470.0
      ]
    ],
    [
      [
        549.0,
        311.0
      ],
      [
        594.0,
        308.0
      ],
      [
        601.0,
        348.0
      ],
      [
        555.0,
        351.0
      ]
    ],
    [
      [
        686.0,
        364.0
      ],
      [
        726.0,
        361.0
      ],
      [
        737.0,
        402.0
      ],
      [
        695.0,
        406.0
      ]
    ],
    [
      [
        758.0,
        420.0
      ],
      [
        797.0,
        416.0
      ],
      [
        807.0,
        458.0
      ],
      [
        768.0,
        463.0
      ]
    ],
    [
      [
        613.0,
        309.0
      ],
      [
        656.0,
        307.0
      ],
      [
        664.0,
        345.0
      ],
      [
        620.0,
        348.0
      ]
    ],
    [
      [
        841.0,
        536.0
      ],
      [
        876.0,
        528.0
      ],
      [
        886.0,
        570.0
      ],
      [
        851.0,
        579.0
      ]
    ],
    [
      [
        674.0,
        307.0
      ],
      [
        714.0,
        305.0
      ],
      [
        723.0,
        343.0
      ],
      [
        683.0,
        346.0
      ]
    ],
    [
      [
        745.0,
        361.0
      ],
      [
        782.0,
        359.0
      ],
      [
        793.0,
        398.0
      ],
      [
        755.0,
        402.0
      ]
    ],
    [
      [
        828.0,
        474.0
      ],
      [
        863.0,
        469.0
      ],
      [
        873.0,
        510.0
      ],
      [
        838.0,
        517.0
      ]
    ],
    [
      [
        814.0,
        415.0
      ],
      [
        848.0,
        411.0
      ],
      [
        859.0,
        451.0
      ],
      [
        824.0,
        456.0
      ]
    ],
    [
      [
        732.0,
        306.0
      ],
      [
        768.0,
        305.0
      ],
      [
        778.0,
        341.0
      ],
      [
        741.0,
        343.0
      ]
    ],
    [
      [
        848.0,
        355.0
      ],
      [
        880.6027221679688,
        351.3274841308594
      ],
      [
        892.0,
        390.0
      ],
      [
        859.0,
        394.0
      ]
    ],
    [
      [
        833.0,
        304.0
      ],
      [
        864.0,
        303.0
      ],
      [
        876.0,
        338.0
      ],
      [
        843.5217895507812,
        341.65008544921875
      ]
    ],
    [
      [
        877.0,
        304.0
      ],
      [
        906.9490966796875,
        302.1810607910156
      ],
      [
        918.0,
        337.0
      ],
      [
        889.0,
        339.0
      ]
    ],
    [
      [
        977.0,
        504.0
      ],
      [
        1002.0,
        497.0
      ],
      [
        1011.0,
        535.0
      ],
      [
        987.0,
        543.0
      ]
    ],
    [
      [
        963.0,
        452.0
      ],
      [
        988.0,
        446.0
      ],
      [
        999.8896484375,
        483.2111511230469
      ],
      [
        974.0,
        490.0
      ]
    ],
    [
      [
        784.0,
        547.0
      ],
      [
        824.0,
        538.0
      ],
      [
        834.0,
        583.0
      ],
      [
        794.0,
        592.0
      ]
    ],
    [
      [
        771.0,
        483.0
      ],
      [
        811.0,
        476.0
      ],
      [
        821.0,
        520.0
      ],
      [
        782.5890502929688,
        529.5782470703125
      ]
    ]
  ],