{
  "size": [
    1280,
    720
  ],
  "ids0": [
    31,
    39,
    23,
    15,
    30,
    38,
    22,
    7,
    14,
    29,
    37,
    6,
    21,
    13,
    5,
    4,
    12,
    19,
    3,
    34,
    18,
    20
  ],
  "ids1": [
    9,
    16,
    1,
    8,
    24,
    33,
    18,
    0,
    10,
    26,
    17,
    32,
    25,
    2,
    34,
    19,
    11,
    27,
    3,
    35,
    20,
    12,
    4,
    21,
    29,
    37,
    22,
    23,
    31
  ],
  "corners0": [
    [
      [
        640.0,
        396.0
      ],
      [
        690.0,
        392.0
      ],
      [
        697.0,
        448.0
      ],
      [
        647.0,
        454.0
      ]
    ],
    [
      [
        648.0,
        477.0
      ],
      [
        698.0,
        470.0
      ],
      [
        705.0,
        525.0
      ],
      [
        656.0,
        535.0
      ]
    ],
    [
      [
        632.0,
        317.0
      ],
      [
        681.0,
        316.0
      ],
      [
        688.0,
        370.0
      ],
      [
        639.0,
        374.0
      ]
    ],
    [
      [
        624.0,
        242.0
      ],
      [
        672.0,
        243.0
      ],
      [
        679.0,
        294.0
      ],
      [
        631.0,
        295.0
      ]
    ],
    [
      [
        707.4564819335938,
        393.7491760253906
      ],
      [
        753.0,
        388.0
      ],
      [
        759.0,
        440.0
      ],
      [
        716.0,
        446.0
      ]
    ],
    [
      [
        718.0,
        468.0
      ],
      [
        761.0,
        461.0
      ],
      [
        767.0,
        513.0
      ],
      [
        724.0,
        522.0
      ]
    ],
    [
      [
        702.0,
        316.0
      ],
      [
        744.0,
        317.0
      ],
      [
        750.0,
        368.0
      ],
      [
        707.0,
        369.0
      ]
    ],
    [
      [
        617.0,
        172.0
      ],
      [
        663.0,
        175.0
      ],
      [
        670.0,
        222.0
      ],
      [
        623.0,
        220.0
      ]
    ],
    [
      [
        693.0,
        244.0
      ],
      [
        735.0,
        248.0
      ],
      [
        741.0,
        296.0
      ],
      [
        698.0,
        294.0
      ]
    ],
    [
      [
        770.0,
        388.0
      ],
      [
        807.0,
        384.0
      ],
      [
        814.0,
        433.0
      ],
      [
        777.0,
        439.0
      ]
    ],
    [
      [
        779.0,
        459.0
      ],
      [
        815.0,
        453.0
      ],
      [
        821.0,
        502.0
      ],
      [
        785.0,
        511.0
      ]
    ],
    [
      [
        684.0,
        177.0
      ],
      [
        725.0,
        183.0
      ],
      [
        730.0,
        228.0
      ],
      [
        689.0,
        223.0
      ]
    ],
    [
      [
        762.0,
        316.0
      ],
      [
        799.0,
        317.0
      ],
      [
        805.0,
        365.0
      ],
      [
        765.43603515625,
        365.39495849609375
      ]
    ],
    [
      [
        753.0,
        248.0
      ],
      [
        789.0,
        252.0
      ],
      [
        795.0,
        297.0
      ],
      [
        758.0,
        295.0
      ]
    ],
    [
      [
        743.0,
        184.0
      ],
      [
        779.0,
        191.0
      ],
      [
        785.0,
        232.0
      ],
      [
        748.0,
        227.0
      ]
    ],
    [
      [
        794.0,
        190.0
      ],
      [
        827.0,
        196.0
      ],
      [
        834.0,
        239.0
      ],
      [
        800.0,
        234.0
      ]
    ],
    [
      [
        806.0,
        252.0
      ],
      [
        837.0,
        256.0
      ],
      [
        842.0,
        299.0
      ],
      [
        811.0,
        296.0
      ]
    ],
    [
      [
        861.0,
        316.0
      ],
      [
        890.0,
        317.0
      ],
      [
        895.0,
        361.0
      ],
      [
        866.0,
        362.0
      ]
    ],
    [
      [
        840.0,
        197.0
      ],
      [
        869.0,
        203.0
      ],
      [
        876.0,
        243.0
      ],
      [
        847.0,
        239.0
      ]
    ],
    [
      [
        916.0,
        436.0
      ],
      [
        941.0,
        431.0
      ],
      [
        946.0,
        472.0
      ],
      [
        922.3389892578125,
        480.61309814453125
      ]
    ],
    [
      [
        902.0,
        316.0
      ],
      [
        927.0,
        318.0
      ],
      [
        932.0,
        359.0
      ],
      [
        907.0,
        359.0
      ]
    ],
    [
      [
        816.0,
        316.0
      ],
      [
        847.0,
        318.0
      ],
      [
        852.0,
        363.0
      ],
      [
        821.0,
        363.0
      ]
    ]
  ],