{
  "size": [
    1280,
    720
  ],
  "ids0": [
    21,
    7,
    6,
    37,
    23,
    31,
    28,
    30,
    22,
    15,
    20,
    5,
    39,
    12,
    14,
    38,
    29,
    4,
    27,
    19,
    11,
    35,
    3,
    18,
    26,
    10,
    2,
    17,
    25,
    9,
    24,
    8,
    1,
    0
  ],
  "ids1": [
    8,
    0,
    32,
    9,
    1,
    17,
    25,
    33,
    11,
    35
  ],
  "corners0": [
    [
      [
        713.0,
        295.0
      ],
      [
        762.0,
        292.0
      ],
      [
        766.0,
        343.0
      ],
      [
        716.0,
        346.0
      ]
    ],
    [
      [
        565.0,
        154.0
      ],
      [
        616.0,
        152.0
      ],
      [
        618.0,
        201.0
      ],
      [
        566.0,
        203.0
      ]
    ],
    [
      [
        637.0,
        153.0
      ],
      [
        688.0,
        152.0
      ],
      [
        692.82080078125,
        199.51344299316406
      ],
      [
        639.0,
        201.0
      ]
    ],
    [
      [
        717.0,
        440.0
      ],
      [
        766.0,
        436.0
      ],
      [
        767.0,
        485.0
      ],
      [
        719.0,
        490.0
      ]
    ],
    [
      [
        569.0,
        299.0
      ],
      [
        618.0,
        297.0
      ],
      [
        620.0,
        346.0
      ],
      [
        571.0,
        348.0
      ]
    ],
    [
      [
        570.0,
        374.0
      ],
      [
        619.0,
        371.0
      ],
      [
        622.0,
        420.0
      ],
      [
        573.0,
        422.0
      ]
    ],
    [
      [
        785.0,
        364.0
      ],
      [
        831.0,
        362.0
      ],
      [
        833.0,
        411.0
      ],
      [
        787.0,
        416.0
      ]
    ],
    [
      [
        645.0,
        371.0
      ],
      [
        693.0,
        369.0
      ],
      [
        695.0,
        417.0
      ],
      [
        647.0,
        420.0
      ]
    ],
    [
      [
        643.0,
        297.0
      ],
      [
        690.0,
        295.0
      ],
      [
        693.0,
        344.0
      ],
      [
        645.0,
        346.0
      ]
    ],
    [
      [
        567.0,
        226.0
      ],
      [
        616.0,
        224.0
      ],
      [
        618.0,
        271.0
      ],
      [
        569.0,
        274.0
      ]
    ],
    [
      [
        785.0,
        292.0
      ],
      [
        831.0,
        294.0
      ],
      [
        831.0,
        343.0
      ],
      [
        784.0,
        343.0
      ]
    ],
    [
      [
        708.0,
        154.0
      ],
      [
        756.0,
        153.0
      ],
      [
        760.0,
        201.0
      ],
      [
        711.0,
        201.0
      ]
    ],
    [
      [
        573.0,
        448.0
      ],
      [
        622.0,
        445.0
      ],
      [
        624.0,
        492.0
      ],
      [
        576.0,
        494.0
      ]
    ],
    [
      [
        782.0,
        222.0
      ],
      [
        827.0,
        224.0
      ],
      [
        829.0,
        273.0
      ],
      [
        782.0,
        271.0
      ]
    ],
    [
      [
        641.0,
        225.0
      ],
      [
        688.0,
        223.0
      ],
      [
        691.0,
        270.0
      ],
      [
        643.0,
        272.0
      ]
    ],
    [
      [
        647.0,
        445.0
      ],
      [
        694.0,
        442.0
      ],
      [
        696.0,
        488.0
      ],
      [
        649.0,
        492.0
      ]
    ],
    [
      [
        717.0,
        369.0
      ],
      [
        763.0,
        366.0
      ],
      [
        765.0,
        413.0
      ],
      [
        720.0,
        417.0
      ]
    ],
    [
      [
        777.0,
        156.0
      ],
      [
        822.0,
        157.0
      ],
      [
        826.0,
        203.0
      ],
      [
        781.0,
        203.0
      ]
    ],
    [
      [
        849.0,
        363.0
      ],
      [
        892.0,
        359.0
      ],
      [
        893.0,
        407.0
      ],
      [
        852.0,
        412.0
      ]
    ],
    [
      [
        849.0,
        292.0
      ],
      [
        892.0,
        294.0
      ],
      [
        891.0,
        341.0
      ],
      [
        849.0,
        341.0
      ]
    ],
    [
      [
        847.0,
        223.0
      ],
      [
        888.0,
        227.0
      ],
      [
        889.0,
        274.0
      ],
      [
        847.0,
        271.0
      ]
    ],
    [
      [
        850.0,
        431.0
      ],
      [
        892.0,
        427.0
      ],
      [
        892.0,
        473.0
      ],
      [
        851.0,
        479.0
      ]
    ],
    [
      [
        842.0,
        158.0
      ],
      [
        883.0,
        162.0
      ],
      [
        885.0,
        207.0
      ],
      [
        844.0,
        204.0
      ]
    ],
    [
      [
        910.0,
        292.0
      ],
      [
        947.0,
        294.0
      ],
      [
        947.0,
        339.0
      ],
      [
        909.0,
        339.0
      ]
    ],
    [
      [
        909.0,
        361.0
      ],
      [
        946.0,
        357.0
      ],
      [
        948.0,
        403.0
      ],
      [
        911.0,
        407.0
      ]
    ],
    [
      [
        906.0,
        226.0
      ],
      [
        943.0,
        229.0
      ],
      [
        945.0,
        274.0
      ],
      [
        907.0,
        272.0
      ]
    ],
    [
      [
        901.0,
        162.0
      ],
      [
        938.0,
        167.0
      ],
      [
        940.0,
        210.0
      ],
      [
        903.0,
        206.0
      ]
    ],
    [
      [
        964.0,
        292.0
      ],
      [
        997.0,
        295.0
      ],
      [
        996.0,
        338.0
      ],
      [
        964.0,
        338.0
      ]
    ],
    [
      [
        964.0,
        358.0
      ],
      [
        996.0,
        355.0
      ],
      [
        998.0,
        398.0
      ],
      [
        965.0,
        403.0
      ]
    ],
    [
      [
        960.0,
        229.0
      ],
      [
        993.0,
        232.0
      ],
      [
        994.0,
        275.0
      ],
      [
        962.0,
        273.0
      ]
    ],
    [
      [
        1012.0,
        355.0
      ],
      [
        1042.0,
        352.0
      ],
      [
        1043.0,
        396.0
      ],
      [
        1012.0,
        400.0
      ]
    ],
    [
      [
        1007.0,
        231.0
      ],
      [
        1038.0,
        234.0
      ],
      [
        1040.0,
        277.0
      ],
      [
        1009.0,
        276.0
      ]
    ],
    [
      [
        955.0,
        167.0
      ],
      [
        987.0,
        172.0
      ],
      [
        990.0,
        213.0
      ],
      [
        957.0,
        209.0
      ]
    ],
    [
      [
        1002.0,
        172.0
      ],
      [
        1033.0,
        177.0
      ],
      [
        1036.0,
        218.0
      ],
      [
        1005.0,
        214.0
      ]
    ]
  ],