{
  "size": [
    1280,
    720
  ],
  "ids0": [
    39,
    31,
    38,
    30,
    37,
    23,
    29,
    22,
    15,
    21,
    28,
    14,
    20,
    35,
    13,
    7,
    27,
    6,
    12,
    19,
    5,
    34,
    26,
    4,
    11,
    18,
    32,
    3,
    36
  ],
  "ids1": [
    9,
    17,
    2,
    10,
    18,
    26,
    3,
    11,
    12,
    27,
    28,
    35
  ],
  "corners0": [
    [
      [
        658.0,
        584.0
      ],
      [
        706.0,
        588.0
      ],
      [
        702.0,
        634.0
      ],
      [
        654.0,
        630.0
      ]
    ],
    [
      [
        665.3004150390625,
        517.1869506835938
      ],
      [
        709.0,
        524.0
      ],
      [
        706.0,
        569.0
      ],
      [
        659.0,
        564.0
      ]
    ],
    [
      [
        725.0,
        589.0
      ],
      [
        771.0,
        592.0
      ],
      [
        768.0,
        637.0
      ],
      [
        722.0,
        634.0
      ]
    ],
    [
      [
        729.0,
        525.0
      ],
      [
        773.0,
        529.0
      ],
      [
        771.0,
        573.0
      ],
      [
        726.0,
        569.0
      ]
    ],
    [
      [
        790.0,
        592.0
      ],
      [
        833.0,
        594.0
      ],
      [
        831.0,
        638.0
      ],
      [
        787.0,
        636.0
      ]
    ],
    [
      [
        668.0,
        458.0
      ],
      [
        713.0,
        464.0
      ],
      [
        710.0,
        505.0
      ],
      [
        664.0,
        500.0
      ]
    ],
    [
      [
        792.0,
        529.0
      ],
      [
        834.0,
        533.0
      ],
      [
        832.0,
        576.0
      ],
      [
        790.0,
        573.0
      ]
    ],
    [
      [
        732.0,
        464.0
      ],
      [
        774.0,
        469.0
      ],
      [
        773.0,
        510.0
      ],
      [
        729.0,
        506.0
      ]
    ],
    [
      [
        673.0,
        400.0
      ],
      [
        715.0,
        406.0
      ],
      [
        712.0,
        445.0
      ],
      [
        669.0,
        440.0
      ]
    ],
    [
      [
        793.0,
        469.0
      ],
      [
        833.0,
        473.0
      ],
      [
        832.0,
        514.0
      ],
      [
        791.0,
        510.0
      ]
    ],
    [
      [
        852.0,
        532.0
      ],
      [
        890.0,
        535.0
      ],
      [
        890.0,
        577.0
      ],
      [
        850.0,
        575.0
      ]
    ],
    [
      [
        734.0,
        407.0
      ],
      [
        774.0,
        411.0
      ],
      [
        773.0,
        450.0
      ],
      [
        731.0,
        445.0
      ]
    ],
    [
      [
        851.0,
        473.0
      ],
      [
        888.0,
        477.0
      ],
      [
        889.0,
        517.0
      ],
      [
        850.0,
        514.0
      ]
    ],
    [
      [
        907.0,
        595.0
      ],
      [
        943.0,
        593.0
      ],
      [
        944.0,
        635.0
      ],
      [
        908.0,
        637.0
      ]
    ],
    [
      [
        793.0,
        412.0
      ],
      [
        831.0,
        417.0
      ],
      [
        832.0,
        455.0
      ],
      [
        792.0,
        451.0
      ]
    ],
    [
      [
        676.0,
        348.0
      ],
      [
        716.0,
        351.0
      ],
      [
        716.0,
        387.0
      ],
      [
        674.0,
        384.0
      ]
    ],
    [
      [
        908.0,
        534.0
      ],
      [
        943.0,
        537.0
      ],
      [
        942.0,
        577.0
      ],
      [
        907.0,
        576.0
      ]
    ],
    [
      [
        734.0,
        354.0
      ],
      [
        772.0,
        357.0
      ],
      [
        774.0,
        393.0
      ],
      [
        734.0,
        390.0
      ]
    ],
    [
      [
        849.0,
        418.0
      ],
      [
        885.0,
        422.0
      ],
      [
        886.0,
        460.0
      ],
      [
        849.0,
        456.0
      ]
    ],
    [
      [
        905.0,
        477.0
      ],
      [
        939.0,
        480.0
      ],
      [
        940.0,
        519.0
      ],
      [
        905.0,
        516.0
      ]
    ],
    [
      [
        791.0,
        360.0
      ],
      [
        827.0,
        363.0
      ],
      [
        831.0,
        398.0
      ],
      [
        792.0,
        396.0
      ]
    ],
    [
      [
        960.0,
        594.0
      ],
      [
        992.0,
        592.0
      ],
      [
        993.0,
        631.0
      ],
      [
        961.0,
        635.0
      ]
    ],
    [
      [
        959.0,
        535.0
      ],
      [
        990.0,
        537.0
      ],
      [
        991.0,
        575.0
      ],
      [
        959.0,
        575.0
      ]
    ],
    [
      [
        845.0,
        367.0
      ],
      [
        879.0,
        369.0
      ],
      [
        883.0,
        404.0
      ],
      [
        848.0,
        402.0
      ]
    ],
    [
      [
        902.0,
        423.0
      ],
      [
        935.0,
        427.0
      ],
      [
        936.0,
        463.0
      ],
      [
        903.0,
        460.0
      ]
    ],
    [
      [
        955.0,
        480.0
      ],
      [
        986.0,
        483.0
      ],
      [
        988.0,
        519.0
      ],
      [
        956.0,
        517.0
      ]
    ],
    [
      [
        1049.0,
        589.0
      ],
      [
        1076.0,
        586.0
      ],
      [
        1079.0,
        624.0
      ],
      [
        1051.0,
        629.0
      ]
    ],
    [
      [
        898.0,
        371.0
      ],
      [
        929.0,
        376.0
      ],
      [
        931.0,
        410.0
      ],
      [
        899.0,
        406.0
      ]
    ],
    [
      [
        852.0,
        593.0
      ],
      [
        891.0,
        595.0
      ],
      [
        889.0,
        638.0
      ],
      [
        849.0,
        637.0
      ]
    ]
  ],