{
  "size": [
    1280,
    720
  ],
  "ids0": [
    23,
    15,
    7,
    14,
    30,
    38,
    13,
    21,
    29,
    5,
    37,
    12,
    20,
    4,
    27,
    35,
    26,
    25,
    1,
    36
  ],
  "ids1": [
    24,
    8,
    32,
    25,
    0,
    17,
    9,
    1,
    33,
    18,
    26,
    10,
    2,
    34,
    4,
    19,
    27,
    11,
    35,
    3,
    12,
    20
  ],
  "corners0": [
    [
      [
        346.0,
        344.0
      ],
      [
        398.0,
        332.0
      ],
      [
        410.0,
        391.0
      ],
      [
        360.0,
        406.0
      ]
    ],
    [
      [
        331.0,
        252.0
      ],
      [
        383.0,
        245.0
      ],
      [
        394.0,
        303.0
      ],
      [
        342.0,
        315.0
      ]
    ],
    [
      [
        320.0,
        164.0
      ],
      [
        372.0,
        160.0
      ],
      [
        380.0,
        216.0
      ],
      [
        327.0,
        224.0
      ]
    ],
    [
      [
        406.0,
        241.0
      ],
      [
        456.0,
        234.0
      ],
      [
        467.0,
        292.0
      ],
      [
        417.0,
        302.0
      ]
    ],
    [
      [
        438.0,
        411.0
      ],
      [
        485.0,
        396.0
      ],
      [
        498.0,
        452.0
      ],
      [
        453.6479797363281,
        471.9562072753906
      ]
    ],
    [
      [
        456.0,
        493.0
      ],
      [
        502.0,
        474.0
      ],
      [
        514.0,
        527.0
      ],
      [
        471.0,
        547.0
      ]
    ],
    [
      [
        476.0,
        233.0
      ],
      [
        519.0,
        227.0
      ],
      [
        529.0,
        281.0
      ],
      [
        486.0,
        289.0
      ]
    ],
    [
      [
        490.0,
        312.0
      ],
      [
        532.0,
        303.0
      ],
      [
        542.0,
        357.0
      ],
      [
        501.0,
        369.0
      ]
    ],
    [
      [
        504.0,
        392.0
      ],
      [
        545.0,
        378.0
      ],
      [
        556.0,
        430.0
      ],
      [
        516.0,
        446.0
      ]
    ],
    [
      [
        465.0,
        155.0
      ],
      [
        507.0,
        153.0
      ],
      [
        516.0,
        205.0
      ],
      [
        474.0,
        210.0
      ]
    ],
    [
      [
        520.0,
        467.0
      ],
      [
        559.0,
        451.0
      ],
      [
        570.0,
        501.0
      ],
      [
        532.0,
        519.0
      ]
    ],
    [
      [
        537.0,
        227.0
      ],
      [
        574.0,
        222.0
      ],
      [
        583.0,
        272.0
      ],
      [
        547.0,
        279.0
      ]
    ],
    [
      [
        550.0,
        300.0
      ],
      [
        585.0,
        292.0
      ],
      [
        595.0,
        342.0
      ],
      [
        560.0,
        353.0
      ]
    ],
    [
      [
        527.0,
        153.0
      ],
      [
        564.0,
        154.0
      ],
      [
        570.0,
        203.0
      ],
      [
        534.0,
        204.0
      ]
    ],
    [
      [
        610.2283935546875,
        356.0411682128906
      ],
      [
        644.0,
        348.0
      ],
      [
        652.0,
        395.0
      ],
      [
        619.4429321289062,
        409.9654541015625
      ]
    ],
    [
      [
        624.0,
        425.0
      ],
      [
        655.0,
        412.0
      ],
      [
        664.4371948242188,
        458.182861328125
      ],
      [
        633.0,
        472.0
      ]
    ],
    [
      [
        656.0,
        345.0
      ],
      [
        684.0,
        336.0
      ],
      [
        691.0,
        380.0
      ],
      [
        664.0,
        391.0
      ]
    ],
    [
      [
        693.2591552734375,
        332.4468994140625
      ],
      [
        718.0,
        326.0
      ],
      [
        725.0,
        366.0
      ],
      [
        702.0,
        376.0
      ]
    ],
    [
      [
        667.0,
        154.0
      ],
      [
        691.0,
        157.0
      ],
      [
        697.0,
        197.0
      ],
      [
        673.0,
        197.0
      ]
    ],
    [
      [
        576.0,
        445.0
      ],
      [
        610.0,
        431.0
      ],
      [
        619.0,
        476.0
      ],
      [
        586.0,
        493.0
      ]
    ]
  ],