{
  "size": [
    1280,
    720
  ],
  "ids0": [
    39,
    38,
    23,
    30,
    37,
    15,
    29,
    14,
    21,
    7,
    28,
    13,
    20,
    6,
    35,
    4,
    27,
    34,
    5,
    12,
    11,
    19,
    18,
    17,
    36
  ],
  "ids1": [
    0,
    8,
    16,
    1,
    9,
    2,
    10,
    17,
    24,
    33,
    3,
    11,
    34,
    12,
    4,
    35,
    28,
    6,
    36
  ],
  "corners0": [
    [
      [
        711.0,
        356.0
      ],
      [
        759.0,
        368.0
      ],
      [
        749.0,
        417.0
      ],
      [
        701.0,
        406.0
      ]
    ],
    [
      [
        778.0,
        372.0
      ],
      [
        821.0,
        383.0
      ],
      [
        812.0,
        431.0
      ],
      [
        768.0,
        421.0
      ]
    ],
    [
      [
        737.0,
        222.0
      ],
      [
        781.0,
        235.0
      ],
      [
        773.0,
        280.0
      ],
      [
        728.0,
        267.0
      ]
    ],
    [
      [
        790.0,
        304.0
      ],
      [
        832.0,
        317.0
      ],
      [
        824.0,
        363.0
      ],
      [
        781.0,
        352.0
      ]
    ],
    [
      [
        839.0,
        387.0
      ],
      [
        879.0,
        398.0
      ],
      [
        870.0,
        443.0
      ],
      [
        830.0,
        434.0
      ]
    ],
    [
      [
        748.0,
        162.0
      ],
      [
        790.0,
        176.0
      ],
      [
        784.0,
        217.0
      ],
      [
        740.0,
        203.0
      ]
    ],
    [
      [
        850.0,
        321.0
      ],
      [
        888.0,
        333.0
      ],
      [
        881.0,
        378.0
      ],
      [
        842.0,
        367.0
      ]
    ],
    [
      [
        809.0,
        181.0
      ],
      [
        848.0,
        195.0
      ],
      [
        843.0,
        235.0
      ],
      [
        802.0,
        221.0
      ]
    ],
    [
      [
        859.0,
        259.0
      ],
      [
        896.0,
        272.0
      ],
      [
        890.0,
        314.0
      ],
      [
        852.0,
        302.0
      ]
    ],
    [
      [
        758.5740966796875,
        105.07393646240234
      ],
      [
        798.0,
        121.0
      ],
      [
        790.7838745117188,
        159.81332397460938
      ],
      [
        751.0,
        144.0
      ]
    ],
    [
      [
        905.0,
        337.0
      ],
      [
        939.0,
        348.0
      ],
      [
        933.0,
        391.0
      ],
      [
        898.0,
        382.0
      ]
    ],
    [
      [
        866.0,
        201.0
      ],
      [
        902.0,
        215.0
      ],
      [
        897.0,
        253.0
      ],
      [
        860.0,
        240.0
      ]
    ],
    [
      [
        913.0,
        277.0
      ],
      [
        946.0,
        289.0
      ],
      [
        941.0,
        330.0
      ],
      [
        907.0,
        319.0
      ]
    ],
    [
      [
        816.0,
        127.0
      ],
      [
        854.0,
        141.0
      ],
      [
        850.0,
        177.0
      ],
      [
        811.0,
        163.0
      ]
    ],
    [
      [
        947.0,
        413.0
      ],
      [
        977.0,
        421.0
      ],
      [
        969.0,
        464.0
      ],
      [
        938.0,
        456.0
      ]
    ],
    [
      [
        921.0,
        165.0
      ],
      [
        954.0,
        179.0
      ],
      [
        952.0,
        217.0
      ],
      [
        917.0,
        202.0
      ]
    ],
    [
      [
        955.0,
        352.0
      ],
      [
        985.0,
        362.0
      ],
      [
        979.0,
        403.0
      ],
      [
        948.0,
        394.0
      ]
    ],
    [
      [
        991.0,
        423.0
      ],
      [
        1020.0,
        431.0
      ],
      [
        1012.0,
        473.0
      ],
      [
        983.0,
        467.0
      ]
    ],
    [
      [
        872.0,
        146.0
      ],
      [
        906.0,
        161.0
      ],
      [
        902.0,
        196.0
      ],
      [
        867.0,
        183.0
      ]
    ],
    [
      [
        918.0,
        220.0
      ],
      [
        950.0,
        233.0
      ],
      [
        946.0,
        271.0
      ],
      [
        914.0,
        259.0
      ]
    ],
    [
      [
        965.0,
        236.0
      ],
      [
        995.0,
        249.0
      ],
      [
        992.0,
        288.0
      ],
      [
        961.0,
        277.0
      ]
    ],
    [
      [
        961.0,
        294.0
      ],
      [
        990.0,
        304.0
      ],
      [
        986.0,
        344.0
      ],
      [
        956.0,
        334.0
      ]
    ],
    [
      [
        1004.0,
        308.0
      ],
      [
        1032.0,
        319.0
      ],
      [
        1028.0,
        359.0
      ],
      [
        1000.0,
        349.0
      ]
    ],
    [
      [
        1043.0,
        322.0
      ],
      [
        1068.858154296875,
        333.2028503417969
      ],
      [
        1064.0,
        371.0
      ],
      [
        1039.0,
        362.0
      ]
    ],
    [
      [
        896.0,
        401.0
      ],
      [
        931.0,
        411.0
      ],
      [
        923.0,
        454.0
      ],
      [
        887.0,
        446.0
      ]
    ]
  ],