{
  "size": [
    1280,
    720
  ],
  "ids0": [
    23,
    31,
    15,
    39,
    22,
    30,
    7,
    14,
    38,
    6,
    29,
    21,
    13,
    37,
    5,
    20,
    28,
    12,
    4,
    19,
    27,
    18,
    35,
    3,
    2,
    17,
    1,
    8,
    36,
    11
  ],
  "ids1": [
    0,
    1,
    16,
    2,
    17,
    10,
    3,
    25,
    18,
    11,
    26,
    12,
    19,
    5,
    7
  ],
  "corners0": [
    [
      [
        676.0,
        399.0
      ],
      [
        721.0,
        407.0
      ],
      [
        714.0,
        452.0
      ],
      [
        668.0,
        445.0
      ]
    ],
    [
      [
        666.0,
        465.0
      ],
      [
        712.0,
        472.0
      ],
      [
        704.0,
        517.0
      ],
      [
        659.0,
        510.0
      ]
    ],
    [
      [
        685.0,
        334.0
      ],
      [
        729.0,
        342.0
      ],
      [
        723.0,
        387.0
      ],
      [
        677.0,
        379.0
      ]
    ],
    [
      [
        657.0,
        530.0
      ],
      [
        702.0,
        536.0
      ],
      [
        694.0,
        580.0
      ],
      [
        650.0,
        574.0
      ]
    ],
    [
      [
        740.0,
        409.0
      ],
      [
        783.0,
        416.0
      ],
      [
        776.0,
        460.0
      ],
      [
        733.0,
        454.0
      ]
    ],
    [
      [
        731.0,
        473.0
      ],
      [
        774.0,
        479.0
      ],
      [
        767.0,
        523.0
      ],
      [
        724.0,
        518.0
      ]
    ],
    [
      [
        694.3113403320312,
        269.4560546875
      ],
      [
        736.0,
        280.0
      ],
      [
        730.0,
        323.0
      ],
      [
        686.0,
        315.0
      ]
    ],
    [
      [
        748.0,
        344.0
      ],
      [
        790.0,
        352.0
      ],
      [
        784.0,
        396.0
      ],
      [
        739.469482421875,
        386.14788818359375
      ]
    ],
    [
      [
        722.0,
        537.0
      ],
      [
        765.0,
        542.0
      ],
      [
        757.0,
        585.0
      ],
      [
        714.0,
        581.0
      ]
    ],
    [
      [
        755.0,
        282.0
      ],
      [
        796.0,
        290.0
      ],
      [
        791.0,
        333.0
      ],
      [
        749.0,
        325.0
      ]
    ],
    [
      [
        793.0,
        480.0
      ],
      [
        833.0,
        485.0
      ],
      [
        825.0,
        529.0
      ],
      [
        785.0,
        524.0
      ]
    ],
    [
      [
        801.0,
        417.0
      ],
      [
        841.0,
        423.0
      ],
      [
        832.75830078125,
        468.6826477050781
      ],
      [
        794.0,
        461.0
      ]
    ],
    [
      [
        809.0,
        354.0
      ],
      [
        848.0,
        361.0
      ],
      [
        843.0,
        404.0
      ],
      [
        802.0,
        397.0
      ]
    ],
    [
      [
        783.0,
        543.0
      ],
      [
        825.5552978515625,
        548.9420776367188
      ],
      [
        815.0,
        589.0
      ],
      [
        776.0,
        585.0
      ]
    ],
    [
      [
        814.0,
        293.0
      ],
      [
        853.0,
        300.0
      ],
      [
        848.0,
        343.0
      ],
      [
        810.0,
        335.0
      ]
    ],
    [
      [
        859.0,
        424.0
      ],
      [
        896.0,
        430.0
      ],
      [
        889.0,
        472.0
      ],
      [
        852.0,
        467.0
      ]
    ],
    [
      [
        851.0,
        486.0
      ],
      [
        889.5723266601562,
        491.8802490234375
      ],
      [
        881.0,
        532.0
      ],
      [
        843.0,
        529.0
      ]
    ],
    [
      [
        866.0,
        363.0
      ],
      [
        902.0,
        370.0
      ],
      [
        897.0,
        412.0
      ],
      [
        860.0,
        406.0
      ]
    ],
    [
      [
        871.0,
        303.0
      ],
      [
        906.0,
        311.0
      ],
      [
        902.0,
        352.0
      ],
      [
        866.0,
        345.0
      ]
    ],
    [
      [
        912.0,
        431.0
      ],
      [
        945.0,
        436.0
      ],
      [
        939.0,
        477.0
      ],
      [
        906.0,
        473.0
      ]
    ],
    [
      [
        905.0,
        491.0
      ],
      [
        938.0,
        495.0
      ],
      [
        931.0,
        535.0
      ],
      [
        897.0,
        532.0
      ]
    ],
    [
      [
        960.0,
        436.0
      ],
      [
        992.0,
        441.0
      ],
      [
        986.0,
        482.0
      ],
      [
        954.0,
        479.0
      ]
    ],
    [
      [
        895.0,
        550.0
      ],
      [
        929.0,
        553.0
      ],
      [
        920.0,
        592.0
      ],
      [
        887.0,
        590.0
      ]
    ],
    [
      [
        923.0,
        313.0
      ],
      [
        955.0,
        321.0
      ],
      [
        951.0,
        360.0
      ],
      [
        919.0,
        354.0
      ]
    ],
    [
      [
        969.0,
        322.0
      ],
      [
        1000.0,
        329.0
      ],
      [
        997.0,
        369.0
      ],
      [
        966.0,
        363.0
      ]
    ],
    [
      [
        1004.0,
        442.0
      ],
      [
        1033.9466552734375,
        445.4369812011719
      ],
      [
        1027.0,
        485.0
      ],
      [
        998.0,
        482.0
      ]
    ],
    [
      [
        1013.0,
        331.0
      ],
      [
        1040.0,
        338.0
      ],
      [
        1038.0,
        377.0
      ],
      [
        1010.0,
        371.0
      ]
    ],
    [
      [
        1049.0,
        393.0
      ],
      [
        1074.0,
        398.0
      ],
      [
        1070.0,
        436.0
      ],
      [
        1045.0,
        432.0
      ]
    ],
    [
      [
        841.0,
        547.0
      ],
      [
        879.0,
        551.0
      ],
      [
        870.0,
        591.0
      ],
      [
        833.0,
        588.0
      ]
    ],
    [
      [
        918.0,
        372.0
      ],
      [
        951.0,
        378.0
      ],
      [
        947.0,
        418.0
      ],
      [
        913.0,
        413.0
      ]
    ]
  ],