{
  "size": [
    1280,
    720
  ],
  "ids0": [
    31,
    23,
    38,
    30,
    15,
    22,
    37,
    29,
    14,
    7,
    21,
    6,
    13,
    20,
    5,
    12,
    11,
    35,
    27,
    26,
    4,
    3,
    10,
    36,
    28
  ],
  "ids1": [
    17,
    16,
    8,
    9,
    24,
    1,
    18,
    26,
    10,
    2,
    11,
    27,
    35,
    3,
    12,
    28,
    20,
    38,
    36
  ],
  "corners0": [
    [
      [
        669.0,
        503.0
      ],
      [
        715.0,
        498.0
      ],
      [
        723.0,
        546.0
      ],
      [
        676.0,
        552.0
      ]
    ],
    [
      [
        660.0,
        437.0
      ],
      [
        706.0,
        433.0
      ],
      [
        715.5514526367188,
        476.60797119140625
      ],
      [
        667.0,
        483.0
      ]
    ],
    [
      [
        744.0,
        565.0
      ],
      [
        788.0,
        557.0
      ],
      [
        796.0,
        603.0
      ],
      [
        752.0,
        611.0
      ]
    ],
    [
      [
        735.0,
        497.0
      ],
      [
        778.0,
        492.0
      ],
      [
        786.0,
        538.0
      ],
      [
        742.0,
        544.0
      ]
    ],
    [
      [
        652.0,
        374.0
      ],
      [
        696.0,
        371.0
      ],
      [
        704.0,
        414.0
      ],
      [
        658.0,
        417.0
      ]
    ],
    [
      [
        725.0,
        433.0
      ],
      [
        767.0,
        429.0
      ],
      [
        775.0,
        473.0
      ],
      [
        733.0,
        478.0
      ]
    ],
    [
      [
        807.0,
        555.0
      ],
      [
        846.0,
        548.0
      ],
      [
        854.0,
        592.0
      ],
      [
        815.0,
        601.0
      ]
    ],
    [
      [
        796.0,
        491.0
      ],
      [
        835.0,
        486.0
      ],
      [
        844.0,
        529.0
      ],
      [
        804.0,
        536.0
      ]
    ],
    [
      [
        715.0,
        372.0
      ],
      [
        755.0,
        369.0
      ],
      [
        765.0,
        410.0
      ],
      [
        723.0,
        414.0
      ]
    ],
    [
      [
        645.0,
        315.0
      ],
      [
        687.0,
        314.0
      ],
      [
        694.0,
        353.0
      ],
      [
        650.0,
        355.0
      ]
    ],
    [
      [
        785.0,
        429.0
      ],
      [
        823.0,
        425.0
      ],
      [
        833.0,
        467.0
      ],
      [
        794.0,
        472.0
      ]
    ],
    [
      [
        706.0,
        314.0
      ],
      [
        745.0,
        313.0
      ],
      [
        754.0,
        351.0
      ],
      [
        713.0,
        353.0
      ]
    ],
    [
      [
        774.0,
        370.0
      ],
      [
        812.0,
        368.0
      ],
      [
        821.0,
        407.0
      ],
      [
        783.0,
        411.0
      ]
    ],
    [
      [
        841.0,
        425.0
      ],
      [
        875.0,
        421.0
      ],
      [
        885.0,
        461.0
      ],
      [
        850.0,
        466.0
      ]
    ],
    [
      [
        763.0,
        314.0
      ],
      [
        799.0,
        313.0
      ],
      [
        808.0,
        350.0
      ],
      [
        772.0,
        352.0
      ]
    ],
    [
      [
        829.0,
        368.0
      ],
      [
        863.0,
        366.0
      ],
      [
        872.0,
        404.0
      ],
      [
        838.0,
        407.0
      ]
    ],
    [
      [
        877.0,
        365.0
      ],
      [
        910.0,
        363.0
      ],
      [
        920.0,
        401.0
      ],
      [
        886.6978149414062,
        405.8544006347656
      ]
    ],
    [
      [
        915.0,
        536.0
      ],
      [
        945.0,
        529.0
      ],
      [
        953.0,
        570.0
      ],
      [
        923.0,
        578.0
      ]
    ],
    [
      [
        903.0,
        478.0
      ],
      [
        934.0,
        473.0
      ],
      [
        943.0,
        512.0
      ],
      [
        913.0,
        519.0
      ]
    ],
    [
      [
        948.0,
        470.0
      ],
      [
        977.0,
        465.0
      ],
      [
        986.0,
        504.0
      ],
      [
        957.0,
        511.0
      ]
    ],
    [
      [
        816.0,
        314.0
      ],
      [
        849.0,
        313.0
      ],
      [
        859.0,
        348.0
      ],
      [
        825.0,
        350.0
      ]
    ],
    [
      [
        864.0,
        313.0
      ],
      [
        895.0,
        312.0
      ],
      [
        906.0,
        349.0
      ],
      [
        874.0,
        350.0
      ]
    ],
    [
      [
        922.0,
        363.0
      ],
      [
        951.0,
        361.0
      ],
      [
        961.0,
        398.0
      ],
      [
        933.0,
        401.0
      ]
    ],
    [
      [
        863.0,
        546.0
      ],
      [
        899.0,
        539.0
      ],
      [
        906.0,
        581.0
      ],
      [
        871.0,
        589.0
      ]
    ],
    [
      [
        852.0,
        485.0
      ],
      [
        887.0,
        479.0
      ],
      [
        896.0,
        521.0
      ],
      [
        861.0,
        527.0
      ]
    ]
  ],