{
  "size": [
    1280,
    720
  ],
  "ids0": [
    15,
    31,
    39,
    38,
    30,
    22,
    7,
    14,
    37,
    6,
    13,
    5,
    4,
    12,
    35,
    19,
    11,
    10,
    36,
    28
  ],
  "ids1": [
    9,
    16,
    8,
    1,
    24,
    33,
    0,
    18,
    32,
    10,
    17,
    26,
    2,
    34,
    19,
    27,
    3,
    35,
    12,
    28,
    4,
    6,
    7,
    31,
    11,
    36
  ],
  "corners0": [
    [
      [
        614.0,
        239.0
      ],
      [
        662.0,
        241.0
      ],
      [
        668.0,
        291.0
      ],
      [
        618.0,
        291.0
      ]
    ],
    [
      [
        628.0,
        391.0
      ],
      [
        674.0,
        390.0
      ],
      [
        680.0,
        440.0
      ],
      [
        633.0,
        446.0
      ]
    ],
    [
      [
        634.0,
        472.0
      ],
      [
        680.0,
        466.0
      ],
      [
        686.0,
        518.0
      ],
      [
        640.0,
        525.0
      ]
    ],
    [
      [
        703.0,
        463.0
      ],
      [
        748.0,
        458.0
      ],
      [
        753.0,
        509.0
      ],
      [
        708.0,
        517.0
      ]
    ],
    [
      [
        696.0,
        388.0
      ],
      [
        741.0,
        385.0
      ],
      [
        747.0,
        436.0
      ],
      [
        702.0,
        442.0
      ]
    ],
    [
      [
        689.0,
        314.0
      ],
      [
        733.0,
        314.0
      ],
      [
        741.5244750976562,
        362.48126220703125
      ],
      [
        695.0,
        366.0
      ]
    ],
    [
      [
        609.0,
        171.0
      ],
      [
        655.0,
        174.0
      ],
      [
        661.0,
        220.0
      ],
      [
        613.0,
        218.0
      ]
    ],
    [
      [
        683.0,
        242.0
      ],
      [
        726.0,
        246.0
      ],
      [
        731.0,
        294.0
      ],
      [
        687.0,
        292.0
      ]
    ],
    [
      [
        766.0,
        457.0
      ],
      [
        805.0,
        451.0
      ],
      [
        810.0,
        500.0
      ],
      [
        771.0,
        507.0
      ]
    ],
    [
      [
        675.0,
        178.0
      ],
      [
        716.0,
        181.0
      ],
      [
        724.0,
        225.0
      ],
      [
        681.0,
        223.0
      ]
    ],
    [
      [
        745.0,
        247.0
      ],
      [
        783.0,
        251.0
      ],
      [
        788.0,
        296.0
      ],
      [
        749.0,
        293.0
      ]
    ],
    [
      [
        737.0194702148438,
        181.46409606933594
      ],
      [
        774.0,
        190.0
      ],
      [
        778.0,
        232.0
      ],
      [
        741.0,
        227.0
      ]
    ],
    [
      [
        789.0,
        190.0
      ],
      [
        824.0,
        196.0
      ],
      [
        830.0,
        238.0
      ],
      [
        795.0,
        233.0
      ]
    ],
    [
      [
        800.0,
        251.0
      ],
      [
        833.0,
        255.0
      ],
      [
        838.0,
        298.0
      ],
      [
        805.0,
        296.0
      ]
    ],
    [
      [
        870.0,
        443.0
      ],
      [
        900.0,
        438.0
      ],
      [
        905.0,
        483.0
      ],
      [
        875.0,
        490.0
      ]
    ],
    [
      [
        856.0,
        315.0
      ],
      [
        887.0,
        317.0
      ],
      [
        892.0,
        361.0
      ],
      [
        861.0,
        361.0
      ]
    ],
    [
      [
        847.0,
        255.0
      ],
      [
        878.0,
        259.0
      ],
      [
        884.0,
        301.0
      ],
      [
        853.0,
        299.0
      ]
    ],
    [
      [
        890.8552856445312,
        258.0984802246094
      ],
      [
        917.0,
        263.0
      ],
      [
        923.0,
        303.0
      ],
      [
        896.0,
        301.0
      ]
    ],
    [
      [
        822.0,
        450.0
      ],
      [
        855.0,
        445.0
      ],
      [
        860.0,
        491.0
      ],
      [
        827.0,
        498.0
      ]
    ],
    [
      [
        813.0415649414062,
        384.11810302734375
      ],
      [
        849.0,
        380.0
      ],
      [
        854.0,
        426.0
      ],
      [
        821.0,
        430.0
      ]
    ]
  ],