{
  "size": [
    1280,
    720
  ],
  "ids0": [
    23,
    15,
    38,
    22,
    31,
    7,
    14,
    29,
    37,
    21,
    6,
    13,
    28,
    5,
    20,
    12,
    4,
    19,
    27,
    35,
    3,
    26,
    11,
    2,
    25,
    33,
    17,
    36
  ],
  "ids1": [
    16,
    8,
    24,
    0,
    32,
    17,
    9,
    25,
    1,
    33,
    18,
    10,
    26,
    2,
    34,
    19,
    27,
    11,
    12,
    3,
    35
  ],
  "corners0": [
    [
      [
        522.0,
        448.0
      ],
      [
        573.0,
        442.0
      ],
      [
        582.0,
        494.0
      ],
      [
        531.0,
        501.0
      ]
    ],
    [
      [
        512.0,
        375.0
      ],
      [
        562.0,
        371.0
      ],
      [
        570.0,
        421.0
      ],
      [
        520.0,
        426.0
      ]
    ],
    [
      [
        617.0,
        586.0
      ],
      [
        664.0,
        576.0
      ],
      [
        674.0,
        625.0
      ],
      [
        627.0,
        636.0
      ]
    ],
    [
      [
        593.0,
        441.0
      ],
      [
        640.0,
        436.0
      ],
      [
        649.0,
        485.0
      ],
      [
        602.0,
        492.0
      ]
    ],
    [
      [
        536.0,
        524.0
      ],
      [
        582.0,
        517.0
      ],
      [
        592.0,
        566.0
      ],
      [
        544.0,
        574.0
      ]
    ],
    [
      [
        505.0,
        306.0
      ],
      [
        552.0,
        304.0
      ],
      [
        560.0,
        351.0
      ],
      [
        511.0,
        354.0
      ]
    ],
    [
      [
        582.0,
        371.0
      ],
      [
        628.0,
        368.0
      ],
      [
        637.0,
        416.0
      ],
      [
        591.9751586914062,
        422.7437438964844
      ]
    ],
    [
      [
        671.0,
        504.0
      ],
      [
        713.0,
        496.0
      ],
      [
        723.0,
        544.0
      ],
      [
        681.0,
        553.0
      ]
    ],
    [
      [
        683.0,
        573.0
      ],
      [
        723.485107421875,
        561.2557373046875
      ],
      [
        735.0,
        610.0
      ],
      [
        693.0,
        621.0
      ]
    ],
    [
      [
        659.0,
        435.0
      ],
      [
        701.0,
        430.0
      ],
      [
        711.0,
        476.0
      ],
      [
        670.5973510742188,
        485.5487060546875
      ]
    ],
    [
      [
        572.0,
        305.0
      ],
      [
        616.0,
        303.0
      ],
      [
        625.0,
        348.0
      ],
      [
        580.0,
        351.0
      ]
    ],
    [
      [
        647.0,
        368.0
      ],
      [
        689.0,
        365.0
      ],
      [
        698.0,
        410.0
      ],
      [
        656.0,
        415.0
      ]
    ],
    [
      [
        731.0,
        494.0
      ],
      [
        769.0,
        487.0
      ],
      [
        778.0,
        532.0
      ],
      [
        741.0,
        541.0
      ]
    ],
    [
      [
        636.0,
        304.0
      ],
      [
        676.0,
        303.0
      ],
      [
        685.0,
        346.0
      ],
      [
        644.0,
        348.0
      ]
    ],
    [
      [
        719.0,
        428.0
      ],
      [
        756.0,
        423.0
      ],
      [
        766.0,
        468.0
      ],
      [
        729.0,
        475.0
      ]
    ],
    [
      [
        706.0,
        365.0
      ],
      [
        744.0,
        362.0
      ],
      [
        753.0,
        405.0
      ],
      [
        716.0,
        409.0
      ]
    ],
    [
      [
        694.0,
        304.0
      ],
      [
        730.0,
        303.0
      ],
      [
        740.0,
        343.0
      ],
      [
        704.0,
        346.0
      ]
    ],
    [
      [
        773.0,
        422.0
      ],
      [
        806.0,
        418.0
      ],
      [
        815.0,
        460.0
      ],
      [
        782.0,
        466.0
      ]
    ],
    [
      [
        785.0,
        485.0
      ],
      [
        818.0,
        478.0
      ],
      [
        827.0,
        520.0
      ],
      [
        794.0,
        528.0
      ]
    ],
    [
      [
        797.0,
        547.0
      ],
      [
        830.0,
        538.0
      ],
      [
        838.0,
        579.0
      ],
      [
        805.0,
        590.0
      ]
    ],
    [
      [
        746.0,
        303.0
      ],
      [
        780.0,
        302.0
      ],
      [
        791.0,
        342.0
      ],
      [
        756.0,
        345.0
      ]
    ],
    [
      [
        832.0,
        475.0
      ],
      [
        863.0,
        468.0
      ],
      [
        872.0,
        510.0
      ],
      [
        841.0,
        518.0
      ]
    ],
    [
      [
        760.0,
        362.0
      ],
      [
        792.0,
        359.0
      ],
      [
        802.0,
        400.0
      ],
      [
        770.0,
        404.0
      ]
    ],
    [
      [
        794.0,
        303.0
      ],
      [
        824.0,
        302.0
      ],
      [
        835.0,
        341.0
      ],
      [
        804.0,
        343.0
      ]
    ],
    [
      [
        875.0,
        466.0
      ],
      [
        902.0,
        460.0
      ],
      [
        910.0,
        499.0
      ],
      [
        883.0,
        507.0
      ]
    ],
    [
      [
        886.0,
        522.0
      ],
      [
        912.0,
        514.0
      ],
      [
        920.0,
        553.0
      ],
      [
        894.0,
        563.0
      ]
    ],
    [
      [
        863.0,
        410.0
      ],
      [
        890.0,
        406.0
      ],
      [
        899.0,
        445.0
      ],
      [
        873.0,
        451.0
      ]
    ],
    [
      [
        743.0,
        560.0
      ],
      [
        780.0,
        550.0
      ],
      [
        789.0,
        595.0
      ],
      [
        753.45263671875,
        607.8004760742188
      ]
    ]
  ],