{
  "size": [
    1280,
    720
  ],
  "ids0": [
    39,
    31,
    38,
    23,
    30,
    37,
    22,
    15,
    29,
    21,
    14,
    7,
    13,
    6,
    20,
    35,
    5,
    12,
    27,
    34,
    19,
    26,
    4,
    10,
    17,
    36,
    28
  ],
  "ids1": [
    0,
    24,
    25,
    17,
    9,
    1,
    26,
    18,
    10,
    34,
    2,
    19,
    35,
    11,
    3,
    12,
    28,
    30
  ],
  "corners0": [
    [
      [
        666.0,
        574.0
      ],
      [
        716.0,
        567.0
      ],
      [
        724.0,
        615.0
      ],
      [
        675.0,
        624.0
      ]
    ],
    [
      [
        656.0,
        505.0
      ],
      [
        704.0,
        499.0
      ],
      [
        713.0,
        547.0
      ],
      [
        664.0,
        553.0
      ]
    ],
    [
      [
        735.0,
        565.0
      ],
      [
        781.0,
        557.0
      ],
      [
        791.0,
        604.0
      ],
      [
        744.0,
        613.0
      ]
    ],
    [
      [
        647.0,
        439.0
      ],
      [
        693.0,
        435.0
      ],
      [
        702.0,
        479.0
      ],
      [
        654.0,
        485.0
      ]
    ],
    [
      [
        724.0,
        498.0
      ],
      [
        769.0,
        492.0
      ],
      [
        778.0,
        538.0
      ],
      [
        733.0,
        545.0
      ]
    ],
    [
      [
        800.0,
        555.0
      ],
      [
        842.0,
        547.0
      ],
      [
        851.0,
        592.0
      ],
      [
        809.0,
        601.0
      ]
    ],
    [
      [
        712.0,
        435.0
      ],
      [
        756.0,
        429.0
      ],
      [
        767.5673217773438,
        470.6412658691406
      ],
      [
        722.0,
        479.0
      ]
    ],
    [
      [
        637.0,
        378.0
      ],
      [
        682.0,
        374.0
      ],
      [
        690.0,
        416.0
      ],
      [
        645.0,
        420.0
      ]
    ],
    [
      [
        785.3688354492188,
        492.40863037109375
      ],
      [
        828.0,
        484.0
      ],
      [
        839.0,
        528.0
      ],
      [
        799.169677734375,
        537.5662231445312
      ]
    ],
    [
      [
        774.0,
        429.0
      ],
      [
        814.0,
        424.0
      ],
      [
        825.0,
        466.0
      ],
      [
        786.6173095703125,
        473.5619812011719
      ]
    ],
    [
      [
        701.0,
        374.0
      ],
      [
        743.0,
        371.0
      ],
      [
        753.0,
        411.0
      ],
      [
        710.0,
        415.0
      ]
    ],
    [
      [
        629.0,
        321.0
      ],
      [
        672.0,
        318.0
      ],
      [
        680.0,
        356.0
      ],
      [
        636.0,
        359.0
      ]
    ],
    [
      [
        762.0,
        370.0
      ],
      [
        800.0,
        367.0
      ],
      [
        811.0,
        406.0
      ],
      [
        771.0,
        410.0
      ]
    ],
    [
      [
        691.0,
        318.0
      ],
      [
        731.0,
        316.0
      ],
      [
        740.0,
        353.0
      ],
      [
        699.0,
        356.0
      ]
    ],
    [
      [
        832.0,
        423.0
      ],
      [
        868.0,
        419.0
      ],
      [
        879.0,
        459.0
      ],
      [
        842.0,
        464.0
      ]
    ],
    [
      [
        913.0,
        534.0
      ],
      [
        945.0,
        526.0
      ],
      [
        955.0,
        567.0
      ],
      [
        923.0,
        576.0
      ]
    ],
    [
      [
        749.0,
        316.0
      ],
      [
        786.0,
        314.0
      ],
      [
        796.0,
        350.0
      ],
      [
        759.0,
        353.0
      ]
    ],
    [
      [
        818.0,
        367.0
      ],
      [
        853.0,
        364.0
      ],
      [
        864.0,
        401.0
      ],
      [
        828.0,
        405.0
      ]
    ],
    [
      [
        899.0,
        475.0
      ],
      [
        932.0,
        469.0
      ],
      [
        942.0,
        508.0
      ],
      [
        910.0,
        516.0
      ]
    ],
    [
      [
        960.0,
        523.0
      ],
      [
        990.0,
        515.0
      ],
      [
        1001.9667358398438,
        555.2091674804688
      ],
      [
        970.4015502929688,
        565.6469116210938
      ]
    ],
    [
      [
        884.0,
        418.0
      ],
      [
        917.0,
        414.0
      ],
      [
        928.0,
        451.0
      ],
      [
        895.0,
        457.0
      ]
    ],
    [
      [
        946.0,
        466.0
      ],
      [
        976.0,
        460.0
      ],
      [
        987.0,
        500.0
      ],
      [
        957.0,
        507.0
      ]
    ],
    [
      [
        804.0,
        314.0
      ],
      [
        838.0,
        313.0
      ],
      [
        849.0,
        347.0
      ],
      [
        814.0,
        350.0
      ]
    ],
    [
      [
        915.0,
        360.0
      ],
      [
        945.0,
        357.0
      ],
      [
        957.0,
        393.0
      ],
      [
        927.0,
        397.0
      ]
    ],
    [
      [
        973.0,
        407.0
      ],
      [
        1000.0,
        403.0
      ],
      [
        1012.0,
        439.0
      ],
      [
        985.0,
        444.0
      ]
    ],
    [
      [
        857.3146362304688,
        546.531005859375
      ],
      [
        896.0,
        536.0
      ],
      [
        906.0,
        579.0
      ],
      [
        869.0,
        589.0
      ]
    ],
    [
      [
        845.0,
        483.0
      ],
      [
        883.0,
        477.0
      ],
      [
        893.0,
        518.0
      ],
      [
        856.0,
        526.0
      ]
    ]
  ],