{
  "size": [
    1280,
    720
  ],
  "ids0": [
    31,
    23,
    39,
    15,
    30,
    22,
    38,
    14,
    7,
    21,
    37,
    6,
    13,
    20,
    5,
    12,
    4,
    19,
    27,
    11,
    35,
    3,
    18,
    10,
    1,
    16,
    32,
    8,
    36,
    28
  ],
  "ids1": [
    0,
    16,
    2,
    17,
    10,
    24,
    18,
    25,
    11,
    26,
    12,
    19,
    5,
    29,
    7
  ],
  "corners0": [
    [
      [
        673.0,
        403.0
      ],
      [
        720.0,
        414.0
      ],
      [
        709.0,
        461.0
      ],
      [
        663.0,
        451.0
      ]
    ],
    [
      [
        686.0,
        336.0
      ],
      [
        733.0,
        347.0
      ],
      [
        723.0,
        394.0
      ],
      [
        676.0,
        383.0
      ]
    ],
    [
      [
        659.0,
        471.0
      ],
      [
        706.0,
        480.0
      ],
      [
        696.0,
        526.0
      ],
      [
        649.0,
        518.0
      ]
    ],
    [
      [
        699.0,
        270.0
      ],
      [
        745.0,
        281.0
      ],
      [
        735.0,
        327.0
      ],
      [
        690.0,
        316.0
      ]
    ],
    [
      [
        739.0,
        417.0
      ],
      [
        784.0,
        426.0
      ],
      [
        774.0,
        472.0
      ],
      [
        729.0,
        463.0
      ]
    ],
    [
      [
        752.0,
        350.0
      ],
      [
        796.0,
        360.0
      ],
      [
        787.0,
        406.0
      ],
      [
        742.0,
        396.0
      ]
    ],
    [
      [
        726.0,
        483.0
      ],
      [
        771.0,
        492.0
      ],
      [
        760.0,
        536.0
      ],
      [
        716.0,
        529.0
      ]
    ],
    [
      [
        764.0,
        285.0
      ],
      [
        807.0,
        295.0
      ],
      [
        799.0,
        340.0
      ],
      [
        755.0,
        330.0
      ]
    ],
    [
      [
        711.0,
        207.0
      ],
      [
        755.0,
        218.0
      ],
      [
        747.0,
        262.0
      ],
      [
        702.0,
        250.0
      ]
    ],
    [
      [
        815.0,
        363.0
      ],
      [
        856.0,
        373.0
      ],
      [
        847.0,
        418.0
      ],
      [
        806.0,
        409.0
      ]
    ],
    [
      [
        790.6557006835938,
        491.40936279296875
      ],
      [
        831.0,
        501.0
      ],
      [
        820.0,
        545.0
      ],
      [
        779.0,
        538.0
      ]
    ],
    [
      [
        775.0,
        222.0
      ],
      [
        817.0,
        234.0
      ],
      [
        809.0,
        276.0
      ],
      [
        767.0,
        265.0
      ]
    ],
    [
      [
        827.2279663085938,
        297.2607116699219
      ],
      [
        866.0,
        310.0
      ],
      [
        858.0,
        354.0
      ],
      [
        815.435546875,
        342.05694580078125
      ]
    ],
    [
      [
        873.0,
        376.0
      ],
      [
        911.0,
        385.0
      ],
      [
        902.0,
        429.0
      ],
      [
        864.0,
        420.0
      ]
    ],
    [
      [
        835.0,
        237.0
      ],
      [
        874.0,
        249.0
      ],
      [
        867.0,
        291.0
      ],
      [
        828.0,
        280.0
      ]
    ],
    [
      [
        884.0,
        313.0
      ],
      [
        920.0,
        323.0
      ],
      [
        913.0,
        366.0
      ],
      [
        875.0,
        356.0
      ]
    ],
    [
      [
        892.0,
        253.0
      ],
      [
        928.0,
        264.0
      ],
      [
        922.0,
        305.0
      ],
      [
        885.0,
        294.0
      ]
    ],
    [
      [
        928.0,
        387.0
      ],
      [
        961.0,
        396.0
      ],
      [
        953.0,
        438.0
      ],
      [
        919.0,
        431.0
      ]
    ],
    [
      [
        916.0,
        449.0
      ],
      [
        950.0,
        456.0
      ],
      [
        941.0,
        498.0
      ],
      [
        907.0,
        492.0
      ]
    ],
    [
      [
        936.0,
        327.0
      ],
      [
        970.0,
        337.0
      ],
      [
        963.0,
        378.0
      ],
      [
        929.0,
        369.0
      ]
    ],
    [
      [
        903.0,
        511.0
      ],
      [
        938.0,
        516.0
      ],
      [
        927.0,
        557.0
      ],
      [
        893.0,
        552.0
      ]
    ],
    [
      [
        944.0,
        268.0
      ],
      [
        976.0,
        279.0
      ],
      [
        971.0,
        318.0
      ],
      [
        938.0,
        308.0
      ]
    ],
    [
      [
        977.0,
        399.0
      ],
      [
        1006.0,
        406.0
      ],
      [
        999.0,
        446.0
      ],
      [
        969.0,
        440.0
      ]
    ],
    [
      [
        985.0,
        340.0
      ],
      [
        1014.0,
        349.0
      ],
      [
        1008.0,
        388.0
      ],
      [
        978.0,
        380.0
      ]
    ],
    [
      [
        1034.0,
        295.0
      ],
      [
        1061.0,
        305.0
      ],
      [
        1057.0,
        344.0
      ],
      [
        1029.0,
        335.0
      ]
    ],
    [
      [
        1060.0,
        416.0
      ],
      [
        1085.0,
        423.0
      ],
      [
        1078.521728515625,
        462.94268798828125
      ],
      [
        1053.0,
        456.0
      ]
    ],
    [
      [
        1039.0,
        526.0
      ],
      [
        1065.0,
        529.0
      ],
      [
        1055.0,
        567.0
      ],
      [
        1029.0,
        565.0
      ]
    ],
    [
      [
        1067.0,
        362.0
      ],
      [
        1092.0,
        369.0
      ],
      [
        1086.0,
        408.0
      ],
      [
        1062.0,
        401.0
      ]
    ],
    [
      [
        849.0,
        503.0
      ],
      [
        887.0,
        509.0
      ],
      [
        877.0,
        551.0
      ],
      [
        838.0,
        546.0
      ]
    ],
    [
      [
        862.0,
        439.0
      ],
      [
        900.0,
        447.0
      ],
      [
        890.0,
        491.0
      ],
      [
        852.0,
        484.0
      ]
    ]
  ],