{
  "size": [
    1280,
    720
  ],
  "ids0": [
    15,
    23,
    7,
    31,
    14,
    39,
    6,
    30,
    38,
    21,
    13,
    29,
    5,
    37,
    12,
    4,
    11,
    27,
    18,
    2,
    26,
    35,
    17,
    33,
    36,
    20,
    28,
    19
  ],
  "ids1": [
    1,
    0,
    8,
    17,
    16,
    25,
    2,
    10,
    18,
    33,
    26,
    3,
    11,
    19,
    34,
    27,
    28,
    4,
    12,
    35,
    20,
    21,
    37
  ],
  "corners0": [
    [
      [
        642.0,
        387.0
      ],
      [
        688.0,
        382.0
      ],
      [
        694.0,
        429.0
      ],
      [
        649.0,
        435.0
      ]
    ],
    [
      [
        650.0,
        455.0
      ],
      [
        695.0,
        449.0
      ],
      [
        701.0,
        496.0
      ],
      [
        655.0,
        502.0
      ]
    ],
    [
      [
        635.0,
        321.0
      ],
      [
        680.0,
        317.0
      ],
      [
        687.0,
        363.0
      ],
      [
        641.0,
        367.0
      ]
    ],
    [
      [
        657.0,
        522.0
      ],
      [
        702.0,
        515.0
      ],
      [
        708.0,
        560.0
      ],
      [
        663.0,
        569.0
      ]
    ],
    [
      [
        707.0,
        382.0
      ],
      [
        749.0,
        377.0
      ],
      [
        757.525146484375,
        420.3824768066406
      ],
      [
        713.0,
        428.0
      ]
    ],
    [
      [
        664.0,
        588.0
      ],
      [
        708.0,
        580.0
      ],
      [
        713.0,
        623.0
      ],
      [
        669.0,
        632.0
      ]
    ],
    [
      [
        697.2217407226562,
        317.7560729980469
      ],
      [
        742.0,
        314.0
      ],
      [
        748.0,
        358.0
      ],
      [
        706.0,
        362.0
      ]
    ],
    [
      [
        721.0,
        514.0
      ],
      [
        763.0,
        506.0
      ],
      [
        768.0,
        550.0
      ],
      [
        726.0,
        558.0
      ]
    ],
    [
      [
        727.0,
        578.0
      ],
      [
        769.0,
        569.0
      ],
      [
        773.0,
        611.0
      ],
      [
        732.0,
        620.0
      ]
    ],
    [
      [
        775.0,
        440.0
      ],
      [
        813.0,
        434.0
      ],
      [
        819.0,
        478.0
      ],
      [
        780.0,
        485.0
      ]
    ],
    [
      [
        765.5400390625,
        378.9547424316406
      ],
      [
        806.0,
        372.0
      ],
      [
        812.0,
        415.0
      ],
      [
        773.0,
        421.0
      ]
    ],
    [
      [
        781.0,
        504.0
      ],
      [
        820.0,
        496.0
      ],
      [
        824.0,
        539.0
      ],
      [
        786.0,
        547.0
      ]
    ],
    [
      [
        757.4273681640625,
        314.86199951171875
      ],
      [
        798.0,
        311.0
      ],
      [
        804.0,
        353.0
      ],
      [
        766.0,
        357.0
      ]
    ],
    [
      [
        787.0,
        566.0
      ],
      [
        825.0,
        557.0
      ],
      [
        829.0,
        597.0
      ],
      [
        791.0,
        607.0
      ]
    ],
    [
      [
        823.0,
        371.0
      ],
      [
        858.0,
        367.0
      ],
      [
        864.0,
        409.0
      ],
      [
        829.0,
        414.0
      ]
    ],
    [
      [
        815.0,
        311.0
      ],
      [
        849.0,
        308.0
      ],
      [
        856.0,
        349.0
      ],
      [
        822.0,
        353.0
      ]
    ],
    [
      [
        874.0,
        366.0
      ],
      [
        905.0,
        363.0
      ],
      [
        911.0,
        402.0
      ],
      [
        880.0,
        408.0
      ]
    ],
    [
      [
        887.0,
        484.0
      ],
      [
        917.0,
        477.0
      ],
      [
        921.0,
        517.0
      ],
      [
        891.0,
        524.0
      ]
    ],
    [
      [
        926.0,
        417.0
      ],
      [
        955.0,
        412.0
      ],
      [
        960.0,
        452.0
      ],
      [
        931.0,
        459.0
      ]
    ],
    [
      [
        910.0,
        305.0
      ],
      [
        940.0,
        303.0
      ],
      [
        947.7680053710938,
        341.8419494628906
      ],
      [
        917.0,
        346.0
      ]
    ],
    [
      [
        930.0953369140625,
        473.48419189453125
      ],
      [
        961.0,
        467.0
      ],
      [
        964.0,
        506.0
      ],
      [
        935.0,
        515.0
      ]
    ],
    [
      [
        892.0,
        542.0
      ],
      [
        922.0,
        534.0
      ],
      [
        925.0,
        571.0
      ],
      [
        895.0,
        581.0
      ]
    ],
    [
      [
        967.0,
        411.0
      ],
      [
        993.0,
        406.0
      ],
      [
        998.0,
        444.0
      ],
      [
        972.0,
        450.0
      ]
    ],
    [
      [
        976.0,
        519.0
      ],
      [
        1002.0,
        510.0
      ],
      [
        1004.0,
        547.0
      ],
      [
        979.0,
        556.0
      ]
    ],
    [
      [
        842.0,
        554.0
      ],
      [
        875.0,
        545.0
      ],
      [
        879.0,
        584.0
      ],
      [
        845.0,
        594.0
      ]
    ],
    [
      [
        830.0,
        433.0
      ],
      [
        865.0,
        427.0
      ],
      [
        871.0,
        468.0
      ],
      [
        836.0,
        476.0
      ]
    ],
    [
      [
        837.0,
        494.0
      ],
      [
        871.0,
        487.0
      ],
      [
        875.0,
        528.0
      ],
      [
        841.0,
        536.0
      ]
    ],
    [
      [
        881.0,
        426.0
      ],
      [
        912.0,
        420.0
      ],
      [
        917.0,
        460.0
      ],
      [
        887.0,
        467.0
      ]
    ]
  ],