{
  "size": [
    1280,
    720
  ],
  "ids0": [
    31,
    23,
    7,
    30,
    6,
    29,
    21,
    37,
    5,
    4,
    28,
    12,
    11,
    26,
    34,
    10,
    2,
    36
  ],
  "ids1": [
    0,
    8,
    16,
    1,
    9,
    2,
    10,
    24,
    17,
    33,
    26,
    25,
    3,
    11,
    18,
    4,
    12,
    35,
    20,
    28,
    5,
    29,
    7,
    36
  ],
  "corners0": [
    [
      [
        691.0,
        346.0
      ],
      [
        739.0,
        350.0
      ],
      [
        736.0,
        403.0
      ],
      [
        687.0,
        402.0
      ]
    ],
    [
      [
        693.0,
        270.0
      ],
      [
        741.0,
        276.0
      ],
      [
        738.0,
        329.0
      ],
      [
        690.0,
        325.0
      ]
    ],
    [
      [
        697.0,
        127.0
      ],
      [
        743.0,
        135.0
      ],
      [
        742.0,
        183.0
      ],
      [
        695.0,
        175.0
      ]
    ],
    [
      [
        758.0,
        350.0
      ],
      [
        801.0,
        353.0
      ],
      [
        798.0,
        403.0
      ],
      [
        755.0,
        402.0
      ]
    ],
    [
      [
        763.0,
        138.0
      ],
      [
        803.0,
        147.0
      ],
      [
        803.0,
        193.0
      ],
      [
        761.0,
        185.0
      ]
    ],
    [
      [
        819.0,
        353.0
      ],
      [
        856.0,
        355.0
      ],
      [
        853.0,
        403.0
      ],
      [
        815.0,
        402.0
      ]
    ],
    [
      [
        820.0,
        282.0
      ],
      [
        860.6336059570312,
        285.3457336425781
      ],
      [
        857.0,
        337.0
      ],
      [
        818.0,
        333.0
      ]
    ],
    [
      [
        816.0,
        422.0
      ],
      [
        853.0,
        423.0
      ],
      [
        848.0,
        470.0
      ],
      [
        812.0,
        471.0
      ]
    ],
    [
      [
        821.0,
        151.0
      ],
      [
        857.0,
        159.0
      ],
      [
        857.0,
        203.0
      ],
      [
        821.0,
        195.0
      ]
    ],
    [
      [
        873.0,
        161.0
      ],
      [
        906.0,
        171.0
      ],
      [
        906.0,
        214.0
      ],
      [
        873.0,
        206.0
      ]
    ],
    [
      [
        873.0,
        355.0
      ],
      [
        905.0,
        358.0
      ],
      [
        901.0,
        403.0
      ],
      [
        870.0,
        402.0
      ]
    ],
    [
      [
        875.0,
        225.0
      ],
      [
        907.0,
        232.0
      ],
      [
        906.0,
        275.0
      ],
      [
        874.0,
        270.0
      ]
    ],
    [
      [
        921.0602416992188,
        231.17620849609375
      ],
      [
        951.5973510742188,
        238.43360900878906
      ],
      [
        950.0,
        282.0
      ],
      [
        920.0,
        277.0
      ]
    ],
    [
      [
        961.0,
        358.0
      ],
      [
        987.0,
        361.0
      ],
      [
        984.0,
        403.0
      ],
      [
        958.0,
        402.0
      ]
    ],
    [
      [
        957.0,
        419.0
      ],
      [
        983.0,
        417.0
      ],
      [
        981.5680541992188,
        457.6531066894531
      ],
      [
        955.0,
        462.0
      ]
    ],
    [
      [
        963.0,
        241.0
      ],
      [
        988.0,
        247.0
      ],
      [
        988.0,
        288.0
      ],
      [
        962.0,
        283.0
      ]
    ],
    [
      [
        961.479736328125,
        183.42306518554688
      ],
      [
        986.6616821289062,
        191.20761108398438
      ],
      [
        986.0,
        231.0
      ],
      [
        961.0,
        225.0
      ]
    ],
    [
      [
        870.0,
        421.0
      ],
      [
        902.0,
        422.0
      ],
      [
        897.0,
        466.0
      ],
      [
        865.0,
        467.0
      ]
    ]
  ],