{
  "size": [
    1280,
    720
  ],
  "ids0": [
    31,
    39,
    23,
    15,
    30,
    38,
    22,
    7,
    14,
    37,
    6,
    21,
    13,
    5,
    20,
    4,
    19,
    34,
    26,
    18,
    36
  ],
  "ids1": [
    9,
    16,
    1,
    8,
    24,
    33,
    0,
    26,
    17,
    32,
    2,
    25,
    19,
    3,
    35,
    20,
    28,
    12,
    4,
    13,
    5,
    37,
    30,
    38,
    15,
    7,
    11,
    36
  ],
  "corners0": [
    [
      [
        644.0,
        394.0
      ],
      [
        692.0,
        390.0
      ],
      [
        700.0,
        446.0
      ],
      [
        650.0,
        452.0
      ]
    ],
    [
      [
        652.0,
        475.0
      ],
      [
        701.0,
        468.0
      ],
      [
        708.0,
        523.0
      ],
      [
        659.0,
        533.0
      ]
    ],
    [
      [
        633.4368896484375,
        315.7071228027344
      ],
      [
        684.0,
        314.0
      ],
      [
        692.0,
        368.0
      ],
      [
        643.0,
        372.0
      ]
    ],
    [
      [
        628.0,
        239.0
      ],
      [
        675.0,
        241.0
      ],
      [
        683.0,
        292.0
      ],
      [
        635.0,
        293.0
      ]
    ],
    [
      [
        713.0,
        390.0
      ],
      [
        755.0,
        386.0
      ],
      [
        762.0,
        439.0
      ],
      [
        720.0,
        445.0
      ]
    ],
    [
      [
        721.0,
        466.0
      ],
      [
        763.0,
        460.0
      ],
      [
        770.0,
        511.0
      ],
      [
        727.0,
        521.0
      ]
    ],
    [
      [
        705.0,
        314.0
      ],
      [
        747.0,
        315.0
      ],
      [
        752.0,
        367.0
      ],
      [
        710.0,
        367.0
      ]
    ],
    [
      [
        621.0,
        170.0
      ],
      [
        666.0,
        173.0
      ],
      [
        674.0,
        220.0
      ],
      [
        627.0,
        218.0
      ]
    ],
    [
      [
        696.0,
        243.0
      ],
      [
        738.0,
        247.0
      ],
      [
        743.0,
        295.0
      ],
      [
        701.0,
        293.0
      ]
    ],
    [
      [
        781.0,
        458.0
      ],
      [
        817.0,
        452.0
      ],
      [
        823.0,
        501.0
      ],
      [
        787.0,
        509.0
      ]
    ],
    [
      [
        687.0,
        176.0
      ],
      [
        728.0,
        182.0
      ],
      [
        733.0,
        226.0
      ],
      [
        692.0,
        222.0
      ]
    ],
    [
      [
        766.0,
        314.0
      ],
      [
        802.0,
        317.0
      ],
      [
        806.0,
        364.0
      ],
      [
        770.0,
        364.0
      ]
    ],
    [
      [
        756.0,
        247.0
      ],
      [
        792.0,
        251.0
      ],
      [
        797.0,
        296.0
      ],
      [
        761.0,
        294.0
      ]
    ],
    [
      [
        746.0,
        183.0
      ],
      [
        781.0,
        189.0
      ],
      [
        787.0,
        231.0
      ],
      [
        751.0,
        226.0
      ]
    ],
    [
      [
        818.0,
        315.0
      ],
      [
        849.0,
        317.0
      ],
      [
        854.0,
        362.0
      ],
      [
        823.0,
        362.0
      ]
    ],
    [
      [
        797.0,
        190.0
      ],
      [
        829.0,
        195.0
      ],
      [
        836.0,
        238.0
      ],
      [
        803.0,
        233.0
      ]
    ],
    [
      [
        863.0,
        315.0
      ],
      [
        891.0,
        316.0
      ],
      [
        897.0,
        360.0
      ],
      [
        868.0,
        361.0
      ]
    ],
    [
      [
        918.0,
        435.0
      ],
      [
        942.0,
        430.0
      ],
      [
        947.0,
        472.0
      ],
      [
        923.0,
        479.0
      ]
    ],
    [
      [
        911.0,
        375.0
      ],
      [
        935.0,
        373.0
      ],
      [
        941.0,
        415.0
      ],
      [
        917.0,
        419.0
      ]
    ],
    [
      [
        903.0,
        316.0
      ],
      [
        928.0,
        317.0
      ],
      [
        933.0,
        358.0
      ],
      [
        908.0,
        359.0
      ]
    ],
    [
      [
        834.0,
        450.0
      ],
      [
        864.0,
        444.0
      ],
      [
        870.0,
        490.0
      ],
      [
        840.0,
        498.0
      ]
    ]
  ],