{
  "size": [
    1280,
    720
  ],
  "ids0": [
    39,
    38,
    31,
    30,
    37,
    29,
    23,
    22,
    21,
    15,
    14,
    20,
    13,
    35,
    27,
    7,
    12,
    6,
    5,
    34,
    26,
    11,
    4,
    18,
    3,
    10,
    33,
    32,
    1,
    2,
    8,
    36,
    28,
    25
  ],
  "ids1": [
    0,
    8,
    1,
    24,
    17,
    2,
    10,
    25,
    32,
    18,
    26,
    35
  ],
  "corners0": [
    [
      [
        609.0,
        373.0
      ],
      [
        658.0,
        387.0
      ],
      [
        645.0,
        437.0
      ],
      [
        595.0,
        423.0
      ]
    ],
    [
      [
        679.0,
        391.0
      ],
      [
        728.0,
        405.0
      ],
      [
        715.0,
        454.0
      ],
      [
        666.0,
        441.0
      ]
    ],
    [
      [
        627.0,
        304.0
      ],
      [
        676.0,
        318.0
      ],
      [
        663.0,
        366.0
      ],
      [
        614.0,
        353.0
      ]
    ],
    [
      [
        696.0,
        323.0
      ],
      [
        745.7264404296875,
        338.245361328125
      ],
      [
        732.0,
        384.0
      ],
      [
        683.0,
        371.0
      ]
    ],
    [
      [
        747.0,
        409.0
      ],
      [
        794.0,
        422.0
      ],
      [
        782.0,
        470.0
      ],
      [
        735.0,
        458.0
      ]
    ],
    [
      [
        763.0,
        341.0
      ],
      [
        809.0,
        354.0
      ],
      [
        798.0,
        402.0
      ],
      [
        751.0,
        389.0
      ]
    ],
    [
      [
        645.0,
        238.0
      ],
      [
        692.0,
        251.0
      ],
      [
        680.0,
        298.0
      ],
      [
        632.0,
        284.0
      ]
    ],
    [
      [
        713.0,
        256.0
      ],
      [
        759.0,
        271.0
      ],
      [
        748.0,
        316.0
      ],
      [
        700.0,
        302.0
      ]
    ],
    [
      [
        778.0,
        275.0
      ],
      [
        822.0,
        289.0
      ],
      [
        812.0,
        335.0
      ],
      [
        767.0,
        321.0
      ]
    ],
    [
      [
        662.0,
        176.0
      ],
      [
        708.0,
        190.0
      ],
      [
        697.0,
        232.0
      ],
      [
        650.0,
        219.0
      ]
    ],
    [
      [
        727.0,
        194.0
      ],
      [
        772.0,
        208.0
      ],
      [
        762.0,
        251.0
      ],
      [
        716.0,
        236.0
      ]
    ],
    [
      [
        841.0,
        294.0
      ],
      [
        882.0,
        307.0
      ],
      [
        873.0,
        352.0
      ],
      [
        831.0,
        339.0
      ]
    ],
    [
      [
        791.0,
        213.0
      ],
      [
        834.0,
        227.0
      ],
      [
        825.0,
        270.0
      ],
      [
        782.0,
        256.0
      ]
    ],
    [
      [
        874.0,
        441.0
      ],
      [
        913.0,
        451.0
      ],
      [
        902.0,
        497.0
      ],
      [
        862.0,
        488.0
      ]
    ],
    [
      [
        888.0,
        375.0
      ],
      [
        926.0,
        387.0
      ],
      [
        917.0,
        432.0
      ],
      [
        877.0,
        421.0
      ]
    ],
    [
      [
        678.0,
        119.0
      ],
      [
        722.0,
        132.0
      ],
      [
        711.0,
        171.0
      ],
      [
        666.0,
        158.0
      ]
    ],
    [
      [
        852.0,
        232.0
      ],
      [
        892.0,
        246.0
      ],
      [
        885.0,
        288.0
      ],
      [
        843.0,
        274.0
      ]
    ],
    [
      [
        741.0,
        137.0
      ],
      [
        784.0,
        150.0
      ],
      [
        776.0,
        189.0
      ],
      [
        731.0,
        175.0
      ]
    ],
    [
      [
        803.0,
        155.0
      ],
      [
        844.0,
        170.0
      ],
      [
        836.0,
        209.0
      ],
      [
        794.0,
        194.0
      ]
    ],
    [
      [
        930.0,
        455.0
      ],
      [
        965.0,
        464.0
      ],
      [
        955.0,
        508.0
      ],
      [
        919.0,
        500.0
      ]
    ],
    [
      [
        943.0,
        391.0
      ],
      [
        978.0,
        402.0
      ],
      [
        968.0,
        446.0
      ],
      [
        933.0,
        436.0
      ]
    ],
    [
      [
        910.0,
        251.0
      ],
      [
        946.0,
        266.0
      ],
      [
        939.0,
        306.0
      ],
      [
        902.0,
        294.0
      ]
    ],
    [
      [
        863.2522583007812,
        173.0900115966797
      ],
      [
        900.0,
        189.0
      ],
      [
        894.0,
        228.0
      ],
      [
        855.0,
        214.0
      ]
    ],
    [
      [
        954.0,
        329.0
      ],
      [
        988.0,
        342.0
      ],
      [
        980.0,
        384.0
      ],
      [
        945.0,
        372.0
      ]
    ],
    [
      [
        917.0,
        195.0
      ],
      [
        952.0,
        209.0
      ],
      [
        947.0,
        247.0
      ],
      [
        911.0,
        233.0
      ]
    ],
    [
      [
        963.0,
        270.0
      ],
      [
        995.0,
        283.0
      ],
      [
        989.0,
        323.0
      ],
      [
        956.0,
        311.0
      ]
    ],
    [
      [
        981.0,
        468.0
      ],
      [
        1012.0,
        476.0
      ],
      [
        1002.0,
        517.0
      ],
      [
        971.0,
        511.0
      ]
    ],
    [
      [
        1027.0,
        477.0
      ],
      [
        1055.0,
        485.0
      ],
      [
        1046.0,
        527.0
      ],
      [
        1016.0,
        521.0
      ]
    ],
    [
      [
        1015.47509765625,
        231.32740783691406
      ],
      [
        1045.0,
        246.0
      ],
      [
        1041.0,
        284.0
      ],
      [
        1009.2470092773438,
        271.21453857421875
      ]
    ],
    [
      [
        969.0,
        215.0
      ],
      [
        1000.0,
        228.0
      ],
      [
        996.0,
        265.0
      ],
      [
        964.0,
        252.0
      ]
    ],
    [
      [
        1053.0,
        304.0
      ],
      [
        1080.0,
        316.0
      ],
      [
        1076.0,
        355.0
      ],
      [
        1048.0,
        344.0
      ]
    ],
    [
      [
        813.0,
        425.0
      ],
      [
        856.0,
        437.0
      ],
      [
        844.0,
        485.0
      ],
      [
        800.0,
        474.0
      ]
    ],
    [
      [
        828.0,
        358.0
      ],
      [
        870.0,
        371.0
      ],
      [
        860.0,
        418.0
      ],
      [
        816.0,
        406.0
      ]
    ],
    [
      [
        994.0,
        406.0
      ],
      [
        1024.0,
        416.0
      ],
      [
        1015.0,
        457.0
      ],
      [
        984.0,
        449.0
      ]
    ]
  ],