{
  "size": [
    1280,
    720
  ],
  "ids0": [
    14,
    7,
    23,
    31,
    6,
    15,
    29,
    39,
    5,
    38,
    20,
    12,
    4,
    27,
    11,
    35,
    3,
    22,
    26,
    18,
    10,
    34,
    17,
    2,
    1,
    8,
    32,
    0,
    36,
    28
  ],
  "ids1": [
    0,
    8,
    16,
    1,
    9,
    24,
    25,
    2,
    10,
    33,
    18,
    26,
    11
  ],
  "corners0": [
    [
      [
        663.0,
        220.0
      ],
      [
        713.0,
        223.0
      ],
      [
        713.0,
        275.0
      ],
      [
        662.0,
        272.0
      ]
    ],
    [
      [
        588.0,
        147.0
      ],
      [
        640.0,
        148.0
      ],
      [
        641.0,
        198.0
      ],
      [
        589.0,
        198.0
      ]
    ],
    [
      [
        590.0,
        297.0
      ],
      [
        639.0,
        296.0
      ],
      [
        641.0,
        347.0
      ],
      [
        591.0,
        348.0
      ]
    ],
    [
      [
        590.0,
        375.0
      ],
      [
        640.0,
        372.0
      ],
      [
        642.0,
        422.0
      ],
      [
        592.0,
        425.0
      ]
    ],
    [
      [
        661.0,
        150.0
      ],
      [
        710.0,
        152.0
      ],
      [
        713.0,
        201.0
      ],
      [
        663.0,
        200.0
      ]
    ],
    [
      [
        589.0,
        222.0
      ],
      [
        638.0,
        221.0
      ],
      [
        640.0,
        271.0
      ],
      [
        590.0,
        271.0
      ]
    ],
    [
      [
        736.0,
        368.0
      ],
      [
        783.0,
        368.0
      ],
      [
        781.0,
        419.0
      ],
      [
        735.0,
        420.0
      ]
    ],
    [
      [
        592.0,
        450.0
      ],
      [
        641.0,
        448.0
      ],
      [
        643.0,
        495.0
      ],
      [
        594.0,
        499.0
      ]
    ],
    [
      [
        733.6865844726562,
        151.330322265625
      ],
      [
        777.0,
        158.0
      ],
      [
        778.0,
        206.0
      ],
      [
        732.0,
        202.0
      ]
    ],
    [
      [
        666.0,
        447.0
      ],
      [
        712.0,
        444.0
      ],
      [
        713.0,
        491.0
      ],
      [
        668.0,
        495.0
      ]
    ],
    [
      [
        802.0,
        295.0
      ],
      [
        844.0,
        298.0
      ],
      [
        843.0,
        347.0
      ],
      [
        800.0,
        346.0
      ]
    ],
    [
      [
        800.0,
        226.0
      ],
      [
        842.0,
        230.0
      ],
      [
        841.5843505859375,
        279.54840087890625
      ],
      [
        800.0,
        276.0
      ]
    ],
    [
      [
        797.0,
        159.0
      ],
      [
        838.0,
        164.0
      ],
      [
        839.0,
        210.0
      ],
      [
        798.0,
        206.0
      ]
    ],
    [
      [
        861.0,
        366.0
      ],
      [
        898.0,
        363.0
      ],
      [
        899.0,
        410.0
      ],
      [
        862.0,
        414.0
      ]
    ],
    [
      [
        860.0,
        230.0
      ],
      [
        897.0,
        234.0
      ],
      [
        897.0,
        280.0
      ],
      [
        860.0,
        277.0
      ]
    ],
    [
      [
        860.0,
        433.0
      ],
      [
        897.0,
        429.0
      ],
      [
        896.0,
        474.0
      ],
      [
        860.0,
        480.0
      ]
    ],
    [
      [
        856.0,
        165.0
      ],
      [
        893.0,
        171.0
      ],
      [
        895.0,
        214.0
      ],
      [
        857.0,
        210.0
      ]
    ],
    [
      [
        666.0,
        296.0
      ],
      [
        713.0,
        298.0
      ],
      [
        712.0,
        347.0
      ],
      [
        665.0,
        346.0
      ]
    ],
    [
      [
        915.0,
        364.0
      ],
      [
        948.0,
        362.0
      ],
      [
        948.0,
        406.0
      ],
      [
        916.0,
        410.0
      ]
    ],
    [
      [
        916.0,
        298.0
      ],
      [
        949.0,
        301.0
      ],
      [
        948.0,
        344.0
      ],
      [
        915.0,
        344.0
      ]
    ],
    [
      [
        914.0,
        235.0
      ],
      [
        947.0,
        239.0
      ],
      [
        947.0,
        281.0
      ],
      [
        914.0,
        279.0
      ]
    ],
    [
      [
        914.0,
        429.0
      ],
      [
        946.0,
        425.0
      ],
      [
        946.0,
        466.0
      ],
      [
        913.0,
        473.0
      ]
    ],
    [
      [
        963.0,
        299.0
      ],
      [
        994.0,
        301.0
      ],
      [
        993.0,
        345.0
      ],
      [
        963.0,
        344.0
      ]
    ],
    [
      [
        910.0,
        172.0
      ],
      [
        942.0,
        178.0
      ],
      [
        945.0,
        219.0
      ],
      [
        912.0,
        215.0
      ]
    ],
    [
      [
        957.0,
        178.0
      ],
      [
        987.0,
        184.0
      ],
      [
        990.0,
        225.0
      ],
      [
        959.0,
        221.0
      ]
    ],
    [
      [
        1004.0,
        242.0
      ],
      [
        1031.0,
        246.0
      ],
      [
        1031.0,
        287.0
      ],
      [
        1005.0,
        284.0
      ]
    ],
    [
      [
        1004.0,
        419.0
      ],
      [
        1030.0,
        415.0
      ],
      [
        1029.0,
        456.0
      ],
      [
        1003.0,
        461.0
      ]
    ],
    [
      [
        1000.0,
        185.0
      ],
      [
        1026.0,
        190.0
      ],
      [
        1028.0,
        230.0
      ],
      [
        1002.0,
        226.0
      ]
    ],
    [
      [
        800.0,
        438.0
      ],
      [
        842.0,
        433.0
      ],
      [
        842.0,
        480.0
      ],
      [
        800.0,
        486.0
      ]
    ],
    [
      [
        801.0,
        367.0
      ],
      [
        843.0,
        365.0
      ],
      [
        844.0,
        413.0
      ],
      [
        802.0,
        418.0
      ]
    ]
  ],