{
  "size": [
    1280,
    720
  ],
  "ids0": [
    31,
    23,
    39,
    22,
    7,
    30,
    38,
    14,
    6,
    29,
    21,
    37,
    13,
    5,
    12,
    35,
    4,
    27,
    18,
    10,
    2,
    25,
    17,
    20,
    36,
    28,
    19
  ],
  "ids1": [
    0,
    9,
    8,
    24,
    17,
    16,
    25,
    2,
    10,
    18,
    33,
    26,
    3,
    11,
    19,
    34,
    27,
    35,
    12,
    4,
    20,
    28,
    5,
    7,
    36
  ],
  "corners0": [
    [
      [
        663.0,
        512.0
      ],
      [
        708.0,
        507.0
      ],
      [
        713.0,
        554.0
      ],
      [
        667.0,
        559.0
      ]
    ],
    [
      [
        658.0,
        445.0
      ],
      [
        703.0,
        441.0
      ],
      [
        708.0,
        488.0
      ],
      [
        663.0,
        492.0
      ]
    ],
    [
      [
        668.0,
        579.0
      ],
      [
        713.0,
        573.0
      ],
      [
        717.0,
        618.0
      ],
      [
        672.0,
        625.0
      ]
    ],
    [
      [
        723.0,
        441.0
      ],
      [
        765.0,
        438.0
      ],
      [
        769.0,
        483.0
      ],
      [
        727.0,
        487.0
      ]
    ],
    [
      [
        649.0,
        315.0
      ],
      [
        693.0,
        314.0
      ],
      [
        697.0,
        357.0
      ],
      [
        653.0,
        359.0
      ]
    ],
    [
      [
        728.0,
        507.0
      ],
      [
        770.0,
        502.0
      ],
      [
        774.0,
        547.0
      ],
      [
        732.0,
        552.0
      ]
    ],
    [
      [
        733.0,
        572.0
      ],
      [
        775.0,
        566.0
      ],
      [
        778.0,
        609.0
      ],
      [
        737.0,
        617.0
      ]
    ],
    [
      [
        717.0,
        377.0
      ],
      [
        758.0,
        375.0
      ],
      [
        764.0,
        418.0
      ],
      [
        722.0,
        422.0
      ]
    ],
    [
      [
        711.0,
        315.0
      ],
      [
        752.0,
        314.0
      ],
      [
        757.0,
        356.0
      ],
      [
        718.4724731445312,
        359.8595275878906
      ]
    ],
    [
      [
        788.0,
        501.0
      ],
      [
        827.0,
        496.0
      ],
      [
        830.0,
        539.0
      ],
      [
        792.0,
        545.0
      ]
    ],
    [
      [
        782.0,
        438.0
      ],
      [
        820.0,
        434.0
      ],
      [
        825.0,
        477.0
      ],
      [
        787.0,
        482.0
      ]
    ],
    [
      [
        793.0,
        564.0
      ],
      [
        831.0,
        558.0
      ],
      [
        834.0,
        600.0
      ],
      [
        796.0,
        607.0
      ]
    ],
    [
      [
        776.0,
        376.0
      ],
      [
        814.0,
        373.0
      ],
      [
        820.0,
        415.0
      ],
      [
        782.0,
        419.0
      ]
    ],
    [
      [
        769.0,
        315.0
      ],
      [
        806.0,
        314.0
      ],
      [
        812.0,
        355.0
      ],
      [
        776.0,
        357.0
      ]
    ],
    [
      [
        831.0,
        374.0
      ],
      [
        864.0,
        371.0
      ],
      [
        871.0,
        412.0
      ],
      [
        837.0,
        416.0
      ]
    ],
    [
      [
        897.0,
        546.0
      ],
      [
        929.0,
        539.0
      ],
      [
        933.6426391601562,
        580.8640747070312
      ],
      [
        900.0,
        588.0
      ]
    ],
    [
      [
        823.0,
        316.0
      ],
      [
        856.0,
        315.0
      ],
      [
        863.0,
        354.0
      ],
      [
        830.0,
        356.0
      ]
    ],
    [
      [
        893.0,
        489.0
      ],
      [
        923.0,
        483.0
      ],
      [
        928.0,
        522.0
      ],
      [
        898.0,
        529.0
      ]
    ],
    [
      [
        931.0,
        425.0
      ],
      [
        961.0,
        422.0
      ],
      [
        966.0,
        461.0
      ],
      [
        937.0,
        466.0
      ]
    ],
    [
      [
        925.0,
        369.0
      ],
      [
        954.0,
        369.0
      ],
      [
        959.0,
        408.0
      ],
      [
        930.0,
        409.0
      ]
    ],
    [
      [
        917.0,
        315.0
      ],
      [
        946.0,
        317.0
      ],
      [
        951.0,
        354.0
      ],
      [
        922.0,
        354.0
      ]
    ],
    [
      [
        978.0,
        475.0
      ],
      [
        1004.0,
        470.0
      ],
      [
        1008.9890747070312,
        508.89935302734375
      ],
      [
        982.0,
        514.0
      ]
    ],
    [
      [
        972.0,
        421.0
      ],
      [
        998.0,
        418.0
      ],
      [
        1003.0,
        456.0
      ],
      [
        977.0,
        460.0
      ]
    ],
    [
      [
        838.0,
        434.0
      ],
      [
        871.0,
        430.0
      ],
      [
        877.0,
        471.0
      ],
      [
        843.0,
        476.0
      ]
    ],
    [
      [
        848.0,
        555.0
      ],
      [
        882.0,
        549.0
      ],
      [
        885.0,
        589.0
      ],
      [
        851.0,
        597.0
      ]
    ],
    [
      [
        843.0,
        495.0
      ],
      [
        877.0,
        489.0
      ],
      [
        882.0,
        530.0
      ],
      [
        847.0,
        537.0
      ]
    ],
    [
      [
        887.0,
        431.0
      ],
      [
        918.0,
        427.0
      ],
      [
        923.0,
        466.0
      ],
      [
        893.0,
        471.0
      ]
    ]
  ],