{
  "size": [
    1280,
    720
  ],
  "ids0": [
    23,
    15,
    31,
    7,
    22,
    14,
    39,
    30,
    6,
    38,
    13,
    29,
    5,
    37,
    12,
    4,
    19,
    18,
    11,
    27,
    26,
    3,
    35,
    10,
    17,
    2,
    24,
    8,
    0,
    36,
    28
  ],
  "ids1": [
    0,
    1,
    9,
    24,
    17,
    2,
    10,
    25,
    32,
    18,
    33,
    3,
    26,
    11,
    12,
    19,
    29,
    34
  ],
  "corners0": [
    [
      [
        607.0,
        413.0
      ],
      [
        650.2062377929688,
        409.1737976074219
      ],
      [
        654.0,
        456.0
      ],
      [
        609.0,
        458.0
      ]
    ],
    [
      [
        608.0,
        348.0
      ],
      [
        652.0,
        347.0
      ],
      [
        653.0,
        392.0
      ],
      [
        608.0,
        393.0
      ]
    ],
    [
      [
        608.0,
        477.0
      ],
      [
        653.0,
        476.0
      ],
      [
        653.0,
        520.0
      ],
      [
        609.0,
        522.0
      ]
    ],
    [
      [
        608.0,
        284.0
      ],
      [
        652.0,
        284.0
      ],
      [
        653.0,
        328.0
      ],
      [
        609.0,
        328.0
      ]
    ],
    [
      [
        673.0,
        411.0
      ],
      [
        716.0,
        413.0
      ],
      [
        714.0,
        457.0
      ],
      [
        671.0,
        456.0
      ]
    ],
    [
      [
        671.0,
        349.0
      ],
      [
        714.0,
        348.0
      ],
      [
        716.0,
        392.0
      ],
      [
        672.0,
        393.0
      ]
    ],
    [
      [
        608.0,
        541.0
      ],
      [
        653.0,
        539.0
      ],
      [
        653.0,
        581.0
      ],
      [
        609.0,
        583.0
      ]
    ],
    [
      [
        671.0,
        477.0
      ],
      [
        714.0,
        474.0
      ],
      [
        715.0,
        517.0
      ],
      [
        672.0,
        520.0
      ]
    ],
    [
      [
        671.0,
        286.0
      ],
      [
        713.0,
        287.0
      ],
      [
        715.0,
        329.0
      ],
      [
        673.0,
        330.0
      ]
    ],
    [
      [
        671.0,
        539.0
      ],
      [
        714.0,
        536.0
      ],
      [
        714.0,
        577.0
      ],
      [
        672.0,
        581.0
      ]
    ],
    [
      [
        734.0,
        348.0
      ],
      [
        774.0,
        350.0
      ],
      [
        773.0,
        393.0
      ],
      [
        733.0,
        392.0
      ]
    ],
    [
      [
        733.0,
        475.0
      ],
      [
        774.0,
        472.0
      ],
      [
        774.0,
        514.0
      ],
      [
        734.0,
        518.0
      ]
    ],
    [
      [
        732.0,
        287.0
      ],
      [
        772.0,
        290.0
      ],
      [
        772.0,
        332.0
      ],
      [
        732.0,
        330.0
      ]
    ],
    [
      [
        732.0,
        536.0
      ],
      [
        772.0,
        532.0
      ],
      [
        772.0,
        573.0
      ],
      [
        733.0,
        577.0
      ]
    ],
    [
      [
        792.0,
        349.0
      ],
      [
        829.0,
        351.0
      ],
      [
        828.0,
        393.0
      ],
      [
        791.0,
        392.0
      ]
    ],
    [
      [
        790.0,
        290.0
      ],
      [
        827.0,
        293.0
      ],
      [
        827.0,
        333.0
      ],
      [
        790.0,
        331.0
      ]
    ],
    [
      [
        846.0,
        409.0
      ],
      [
        880.0,
        410.0
      ],
      [
        879.0,
        450.0
      ],
      [
        845.0,
        451.0
      ]
    ],
    [
      [
        894.0,
        408.0
      ],
      [
        927.0,
        406.0
      ],
      [
        928.0,
        447.0
      ],
      [
        895.0,
        450.0
      ]
    ],
    [
      [
        846.0,
        350.0
      ],
      [
        879.0,
        352.0
      ],
      [
        879.0,
        392.0
      ],
      [
        845.0,
        391.0
      ]
    ],
    [
      [
        845.0,
        469.0
      ],
      [
        878.0,
        466.0
      ],
      [
        879.0,
        506.0
      ],
      [
        846.0,
        510.0
      ]
    ],
    [
      [
        894.0,
        465.0
      ],
      [
        927.0,
        462.0
      ],
      [
        927.0,
        502.0
      ],
      [
        894.0,
        506.0
      ]
    ],
    [
      [
        844.0,
        292.0
      ],
      [
        877.0,
        295.0
      ],
      [
        877.0,
        334.0
      ],
      [
        843.0,
        332.0
      ]
    ],
    [
      [
        844.0,
        527.0
      ],
      [
        877.0,
        523.0
      ],
      [
        877.0,
        561.0
      ],
      [
        844.0,
        566.0
      ]
    ],
    [
      [
        895.0,
        351.0
      ],
      [
        925.0,
        353.0
      ],
      [
        926.0,
        391.0
      ],
      [
        895.0,
        391.0
      ]
    ],
    [
      [
        940.0,
        407.0
      ],
      [
        969.0,
        405.0
      ],
      [
        970.0,
        444.0
      ],
      [
        941.0,
        447.0
      ]
    ],
    [
      [
        893.0,
        295.0
      ],
      [
        923.0,
        298.0
      ],
      [
        923.0,
        336.0
      ],
      [
        893.0,
        333.0
      ]
    ],
    [
      [
        981.0,
        458.0
      ],
      [
        1007.0,
        455.0
      ],
      [
        1007.0,
        492.0
      ],
      [
        981.152587890625,
        497.5994873046875
      ]
    ],
    [
      [
        981.0,
        352.0
      ],
      [
        1007.0,
        353.0
      ],
      [
        1007.0,
        391.0
      ],
      [
        981.0,
        390.0
      ]
    ],
    [
      [
        977.9998779296875,
        298.28350830078125
      ],
      [
        1004.0,
        302.0
      ],
      [
        1005.0,
        339.0
      ],
      [
        979.0,
        337.0
      ]
    ],
    [
      [
        790.0,
        532.0
      ],
      [
        827.0,
        528.0
      ],
      [
        827.0,
        567.0
      ],
      [
        790.0,
        572.0
      ]
    ],
    [
      [
        791.0,
        472.0
      ],
      [
        828.0,
        469.0
      ],
      [
        829.0,
        510.0
      ],
      [
        791.0,
        514.0
      ]
    ]
  ],