{
  "size": [
    1280,
    720
  ],
  "ids0": [
    15,
    23,
    7,
    31,
    39,
    14,
    6,
    22,
    30,
    21,
    5,
    13,
    29,
    4,
    3,
    27
  ],
  "ids1": [
    0,
    8,
    9,
    16,
    2,
    17,
    10,
    24,
    18,
    3,
    25,
    11,
    19,
    32,
    4,
    33,
    12,
    27,
    34,
    20,
    35,
    5,
    6,
    13,
    21,
    29,
    38,
    7,
    15,
    37,
    28,
    36
  ],
  "corners0": [
    [
      [
        590.0,
        243.0
      ],
      [
        632.0,
        244.0
      ],
      [
        631.0,
        293.0
      ],
      [
        589.0,
        293.0
      ]
    ],
    [
      [
        587.0859985351562,
        316.18792724609375
      ],
      [
        631.0,
        312.0
      ],
      [
        632.0,
        360.0
      ],
      [
        591.0,
        365.0
      ]
    ],
    [
      [
        590.0,
        173.0
      ],
      [
        632.0,
        177.0
      ],
      [
        631.0,
        224.0
      ],
      [
        589.0,
        222.0
      ]
    ],
    [
      [
        591.0,
        385.0
      ],
      [
        631.0,
        380.0
      ],
      [
        633.0,
        426.0
      ],
      [
        592.0,
        433.0
      ]
    ],
    [
      [
        592.0,
        453.0
      ],
      [
        632.0,
        446.0
      ],
      [
        633.0,
        489.0
      ],
      [
        594.0,
        498.0
      ]
    ],
    [
      [
        650.0,
        244.0
      ],
      [
        687.0,
        245.0
      ],
      [
        686.0,
        291.0
      ],
      [
        649.0,
        291.0
      ]
    ],
    [
      [
        650.0,
        177.0
      ],
      [
        687.0,
        181.0
      ],
      [
        686.0,
        226.0
      ],
      [
        649.0,
        224.0
      ]
    ],
    [
      [
        649.0,
        312.0
      ],
      [
        686.0,
        310.0
      ],
      [
        687.0,
        354.0
      ],
      [
        650.0,
        359.0
      ]
    ],
    [
      [
        649.0,
        379.0
      ],
      [
        686.0,
        374.0
      ],
      [
        686.0,
        417.0
      ],
      [
        650.0,
        424.0
      ]
    ],
    [
      [
        702.0,
        310.0
      ],
      [
        734.0,
        307.0
      ],
      [
        735.0,
        349.0
      ],
      [
        703.0,
        354.0
      ]
    ],
    [
      [
        704.0,
        181.0
      ],
      [
        735.0,
        185.0
      ],
      [
        734.0,
        228.0
      ],
      [
        703.0,
        226.0
      ]
    ],
    [
      [
        704.0,
        245.0
      ],
      [
        736.0,
        247.0
      ],
      [
        734.0,
        290.0
      ],
      [
        703.0,
        289.0
      ]
    ],
    [
      [
        702.0,
        373.0
      ],
      [
        733.0,
        368.0
      ],
      [
        734.0,
        409.0
      ],
      [
        703.0,
        416.0
      ]
    ],
    [
      [
        750.0,
        185.0
      ],
      [
        780.0,
        189.0
      ],
      [
        779.0,
        231.0
      ],
      [
        749.0,
        229.0
      ]
    ],
    [
      [
        792.0,
        190.0
      ],
      [
        819.0,
        194.0
      ],
      [
        818.0,
        234.0
      ],
      [
        791.0,
        231.0
      ]
    ],
    [
      [
        789.0,
        361.0
      ],
      [
        815.0,
        357.0
      ],
      [
        815.0,
        396.0
      ],
      [
        789.0,
        401.0
      ]
    ]
  ],
  "corners1": [
    [
      [
        552.0,
        210.0
      ],
      [
        597.0,
        214.0
      ],
      [
        593.0,
        259.0
      ],
      [
        547.0,
        254.0
      ]
    ],
    [
      [
        547.0,
        274.0
      ],
      [
        592.0,
        278.0
      ],
      [
        588.0,
        323.0
      ],
      [
        543.0,
        318.0
      ]
    ],
    [
      [
        484.0,
        270.0
      ],
      [
        528.0,
        274.0
      ],
      [
        524.0,
        318.0
      ],
      [
        481.0,
        314.0
      ]
    ],
    [
      [
        543.0,
        337.0
      ],
      [
        587.0,
        342.0
      ],
      [
        583.0,
        385.0
      ],
      [
        540.0,
        380.0
      ]
    ],
    [
      [
        428.0,
        204.0
      ],
      [
        470.0,
        207.0
      ],
      [
        466.0,
        251.0
      ],
      [
        424.0,
        248.0
      ]
    ],
    [
      [
        482.62005615234375,
        330.2320251464844
      ],
      [
        524.0,
        337.0
      ],
      [
        521.0,
        379.0
      ],
      [
        479.0,
        375.0
      ]
    ],
    [
      [
        425.0,
        266.0
      ],
      [
        466.0,
        270.0
      ],
      [
        463.0,
        313.0
      ],
      [
        422.0,
        310.0
      ]
    ],
    [
      [
        540.0,
        398.0
      ],
      [
        583.0,
        403.0
      ],
      [
        579.0,
        443.0
      ],
      [
        537.0,
        439.0
      ]
    ],
    [
      [
        422.0,
        328.0
      ],
      [
        463.0,
        332.0
      ],
      [
        461.0,
        374.0
      ],
      [
        421.0,
        370.0
      ]
    ],
    [
      [
        370.0,
        203.0
      ],
      [
        410.0,
        205.0
      ],
      [
        406.0,
        248.0
      ],
      [
        367.0,
        245.0
      ]
    ],
    [
      [
        480.0,
        393.0
      ],
      [
        521.0,
        398.0
      ],
      [
        519.0,
        438.0
      ],
      [
        478.0,
        433.0
      ]
    ],
    [
      [
        368.0,
        264.0
      ],
      [
        407.0,
        267.0
      ],
      [
        404.0,
        310.0
      ],
      [
        366.0,
        306.0
      ]
    ],
    [
      [
        367.0,
        323.0
      ],
      [
        405.0,
        328.0
      ],
      [
        404.0,
        369.0
      ],
      [
        366.0,
        365.0
      ]
    ],
    [
      [
        536.0,
        458.0
      ],
      [
        578.0,
        460.0
      ],
      [
        577.0,
        497.0
      ],
      [
        536.0,
        495.0
      ]
    ],
    [
      [
        318.0,
        202.0
      ],
      [
        354.0,
        204.0
      ],
      [
        350.0,
        246.0
      ],
      [
        315.0,
        244.0
      ]
    ],
    [
      [
        477.0,
        452.0
      ],
      [
        518.0,
        455.0
      ],
      [
        518.0,
        492.0
      ],
      [
        478.0,
        489.0
      ]
    ],
    [
      [
        316.0,
        261.0
      ],
      [
        351.0,
        264.0
      ],
      [
        349.0,
        306.0
      ],
      [
        314.0,
        303.0
      ]
    ],
    [
      [
        367.0,
        382.0
      ],
      [
        404.0,
        387.0
      ],
      [
        403.0,
        426.0
      ],
      [
        367.0,
        421.0
      ]
    ],
    [
      [
        422.0,
        445.0
      ],
      [
        461.0,
        450.0
      ],
      [
        459.0,
        487.0
      ],
      [
        422.0,
        482.0
      ]
    ],
    [
      [
        315.0,
        320.0
      ],
      [
        350.0,
        324.0
      ],
      [
        349.0,
        364.0
      ],
      [
        314.0,
        360.0
      ]
    ],
    [
      [
        369.0,
        438.0
      ],
      [
        405.0,
        444.0
      ],
      [
        405.0,
        480.0
      ],
      [
        369.0,
        475.0
      ]
    ],
    [
      [
        268.0,
        204.0
      ],
      [
        300.0,
        202.0
      ],
      [
        300.0,
        243.0
      ],
      [
        268.0,
        244.0
      ]
    ],
    [
      [
