{
  "size": [
    1280,
    720
  ],
  "ids0": [
    30,
    22,
    21,
    23,
    14,
    15,
    29,
    31,
    13,
    20,
    12,
    6,
    7,
    38,
    5,
    28,
    39,
    37,
    4,
    19,
    11,
    27,
    3,
    35,
    18,
    26,
    10,
    2,
    34,
    17,
    9,
    25,
    8,
    33,
    1,
    16,
    0,
    32,
    36
  ],
  "ids1": [
    0,
    8,
    1,
    9,
    2,
    10,
    33,
    26,
    27
  ],
  "corners0": [
    [
      [
        621.0,
        452.0
      ],
      [
        667.0,
        458.0
      ],
      [
        661.0,
        502.0
      ],
      [
        616.0,
        497.0
      ]
    ],
    [
      [
        628.0,
        388.0
      ],
      [
        673.0,
        393.0
      ],
      [
        668.0,
        438.0
      ],
      [
        622.0,
        432.0
      ]
    ],
    [
      [
        692.0,
        394.0
      ],
      [
        737.0,
        399.0
      ],
      [
        732.0,
        444.0
      ],
      [
        687.0,
        439.0
      ]
    ],
    [
      [
        564.0,
        381.0
      ],
      [
        608.0,
        387.0
      ],
      [
        603.0,
        432.0
      ],
      [
        558.0,
        426.0
      ]
    ],
    [
      [
        635.0,
        323.0
      ],
      [
        679.0,
        329.0
      ],
      [
        674.0,
        374.0
      ],
      [
        629.0,
        368.0
      ]
    ],
    [
      [
        571.0,
        317.0
      ],
      [
        615.0,
        322.0
      ],
      [
        610.0,
        367.0
      ],
      [
        565.0,
        362.0
      ]
    ],
    [
      [
        686.0,
        458.0
      ],
      [
        731.0,
        463.0
      ],
      [
        725.0,
        507.0
      ],
      [
        680.0,
        502.0
      ]
    ],
    [
      [
        557.0,
        445.0
      ],
      [
        602.0,
        451.0
      ],
      [
        597.0,
        495.0
      ],
      [
        552.0,
        489.0
      ]
    ],
    [
      [
        698.0,
        330.0
      ],
      [
        743.0,
        336.0
      ],
      [
        738.0,
        380.0
      ],
      [
        691.1197509765625,
        372.66510009765625
      ]
    ],
    [
      [
        756.0,
        400.0
      ],
      [
        799.0,
        405.0
      ],
      [
        793.0,
        450.0
      ],
      [
        750.0,
        444.0
      ]
    ],
    [
      [
        762.0,
        336.0
      ],
      [
        805.0,
        342.0
      ],
      [
        800.0,
        386.0
      ],
      [
        757.0,
        381.0
      ]
    ],
    [
      [
        641.0,
        261.0
      ],
      [
        685.0,
        266.0
      ],
      [
        680.0,
        310.0
      ],
      [
        636.0,
        304.0
      ]
    ],
    [
      [
        578.0,
        255.0
      ],
      [
        622.0,
        260.0
      ],
      [
        616.0,
        303.0
      ],
      [
        572.0,
        298.0
      ]
    ],
    [
      [
        615.0,
        516.0
      ],
      [
        660.0,
        521.0
      ],
      [
        654.0,
        564.0
      ],
      [
        610.0,
        558.0
      ]
    ],
    [
      [
        704.0,
        267.0
      ],
      [
        748.0,
        273.0
      ],
      [
        743.0,
        316.0
      ],
      [
        699.0,
        310.0
      ]
    ],
    [
      [
        749.0,
        464.0
      ],
      [
        793.0,
        468.0
      ],
      [
        786.0,
        512.0
      ],
      [
        744.0,
        508.0
      ]
    ],
    [
      [
        551.0,
        509.0
      ],
      [
        596.0,
        515.0
      ],
      [
        591.0,
        557.0
      ],
      [
        547.0,
        551.0
      ]
    ],
    [
      [
        679.0,
        522.0
      ],
      [
        724.0,
        526.0
      ],
      [
        718.0,
        568.0
      ],
      [
        674.0,
        564.0
      ]
    ],
    [
      [
        767.0,
        274.0
      ],
      [
        809.0,
        281.0
      ],
      [
        805.0,
        323.0
      ],
      [
        762.0,
        317.0
      ]
    ],
    [
      [
        818.0,
        405.0
      ],
      [
        858.0,
        410.0
      ],
      [
        852.0,
        454.0
      ],
      [
        812.0,
        450.0
      ]
    ],
    [
      [
        822.0,
        343.0
      ],
      [
        863.0,
        349.0
      ],
      [
        858.0,
        392.0
      ],
      [
        818.0,
        387.0
      ]
    ],
    [
      [
        811.0,
        468.0
      ],
      [
        853.5592651367188,
        473.8713073730469
      ],
      [
        845.0,
        515.0
      ],
      [
        805.0,
        511.0
      ]
    ],
    [
      [
        828.0565185546875,
        279.430419921875
      ],
      [
        866.0,
        288.0
      ],
      [
        863.0,
        330.0
      ],
      [
        823.0,
        324.0
      ]
    ],
    [
      [
        804.0,
        530.0
      ],
      [
        844.0,
        533.0
      ],
      [
        837.0,
        574.0
      ],
      [
        797.0,
        571.0
      ]
    ],
    [
      [
        875.0,
        411.0
      ],
      [
        913.0,
        414.0
      ],
      [
        908.0,
        457.0
      ],
      [
        870.0,
        453.0
      ]
    ],
    [
      [
        869.0,
        472.0
      ],
      [
        907.0,
        475.0
      ],
      [
        901.0,
        517.0
      ],
      [
        863.0,
        514.0
      ]
    ],
    [
      [
        881.0,
        349.0
      ],
      [
        918.0,
        355.0
      ],
      [
        914.0,
        396.0
      ],
      [
        876.0,
        392.0
      ]
    ],
    [
      [
        884.0,
        289.0
      ],
      [
        920.0,
        295.0
      ],
      [
        918.0,
        336.0
      ],
      [
        881.0,
        331.0
      ]
    ],
    [
      [
        862.0,
        533.0
      ],
      [
        900.0,
        535.0
      ],
      [
        893.0,
        574.0
      ],
      [
        855.0,
        573.0
      ]
    ],
    [
      [
        930.0,
        415.0
      ],
      [
        964.0,
        419.0
      ],
      [
        959.0,
        460.0
      ],
      [
        925.0,
        457.0
      ]
    ],
    [
      [
        935.0,
        355.0
      ],
      [
        968.0,
        360.0
      ],
      [
        965.0,
        401.0
      ],
      [
        931.0,
        397.0
      ]
    ],
    [
      [
        924.0,
        475.0
      ],
      [
        958.0,
        478.0
      ],
      [
        952.0,
        518.0
      ],
      [
        918.0,
        516.0
      ]
    ],
    [
      [
        983.0,
        360.0
      ],
      [
        1016.8731689453125,
        364.9804382324219
      ],
      [
        1012.0,
        406.0
      ],
      [
        980.0,
        402.0
      ]
    ],
    [
      [
        916.0,
        534.0
      ],
      [
        951.0,
        536.0
      ],
      [
        944.0,
        574.0
      ],
      [
        910.0,
        574.0
      ]
    ],
    [
      [
        937.0,
        297.0
      ],
      [
        971.0,
        303.0
      ],
      [
        968.0,
        342.0
      ],
      [
        935.0,
        337.0
      ]
    ],
    [
      [
        981.0,
        419.0
      ],
      [
        1011.0,
        423.0
      ],
      [
        1006.0,
        462.0
      ],
      [
        975.0,
        459.0
      ]
    ],
    [
      [
        985.0,
        303.0
      ],
      [
        1017.0,
        309.0
      ],
      [
        1015.0,
        349.0
      ],
      [
        983.0,
        344.0
      ]
    ],
    [
      [
        967.0,
        535.0
      ],
      [
        997.0,
        536.0
      ],
      [
        990.0,
        573.0
      ],
      [
        960.0,
        573.0
      ]
