{
  "size": [
    1280,
    720
  ],
  "ids0": [
    31,
    23,
    39,
    15,
    7,
    22,
    14,
    38,
    6,
    29,
    21,
    13,
    37,
    5,
    12,
    19,
    11,
    26,
    2,
    36,
    20
  ],
  "ids1": [
    1,
    17,
    24,
    0,
    8,
    2,
    10,
    18,
    32,
    26,
    33,
    3,
    19,
    34,
    12,
    4,
    20,
    35,
    21,
    6,
    29,
    30,
    37,
    7,
    31,
    11,
    36
  ],
  "corners0": [
    [
      [
        639.0,
        370.0
      ],
      [
        682.0,
        371.0
      ],
      [
        680.0,
        418.0
      ],
      [
        638.0,
        418.0
      ]
    ],
    [
      [
        640.0,
        302.0
      ],
      [
        682.0,
        305.0
      ],
      [
        680.0,
        352.0
      ],
      [
        638.0,
        350.0
      ]
    ],
    [
      [
        638.0,
        439.0
      ],
      [
        680.0,
        436.0
      ],
      [
        681.0,
        481.0
      ],
      [
        639.0,
        486.0
      ]
    ],
    [
      [
        642.6943359375,
        233.15219116210938
      ],
      [
        682.0,
        240.0
      ],
      [
        681.0,
        285.0
      ],
      [
        639.0,
        282.0
      ]
    ],
    [
      [
        641.0,
        171.0
      ],
      [
        682.0,
        178.0
      ],
      [
        681.0,
        220.0
      ],
      [
        639.0,
        215.0
      ]
    ],
    [
      [
        700.0,
        305.0
      ],
      [
        739.0,
        308.0
      ],
      [
        737.0,
        352.0
      ],
      [
        699.0,
        350.0
      ]
    ],
    [
      [
        700.0,
        241.0
      ],
      [
        738.0,
        245.0
      ],
      [
        737.0,
        289.0
      ],
      [
        697.2255249023438,
        283.19805908203125
      ]
    ],
    [
      [
        698.0,
        437.0
      ],
      [
        737.0,
        434.0
      ],
      [
        737.0,
        477.0
      ],
      [
        699.0,
        481.0
      ]
    ],
    [
      [
        700.0,
        179.0
      ],
      [
        737.0,
        185.0
      ],
      [
        737.0,
        226.0
      ],
      [
        699.0,
        221.0
      ]
    ],
    [
      [
        756.0,
        370.0
      ],
      [
        789.0,
        371.0
      ],
      [
        788.0,
        413.0
      ],
      [
        754.0,
        414.0
      ]
    ],
    [
      [
        756.0,
        308.0
      ],
      [
        789.0,
        310.0
      ],
      [
        788.0,
        353.0
      ],
      [
        755.0,
        351.0
      ]
    ],
    [
      [
        755.0,
        246.0
      ],
      [
        789.0,
        251.0
      ],
      [
        788.0,
        292.0
      ],
      [
        755.0,
        289.0
      ]
    ],
    [
      [
        754.0,
        433.0
      ],
      [
        787.0,
        430.0
      ],
      [
        787.0,
        472.0
      ],
      [
        754.0,
        476.0
      ]
    ],
    [
      [
        754.0,
        187.0
      ],
      [
        787.0,
        193.0
      ],
      [
        787.0,
        232.0
      ],
      [
        754.0,
        228.0
      ]
    ],
    [
      [
        805.0,
        252.0
      ],
      [
        835.0,
        257.0
      ],
      [
        834.0,
        295.0
      ],
      [
        804.0,
        292.0
      ]
    ],
    [
      [
        849.0,
        312.0
      ],
      [
        878.0,
        315.0
      ],
      [
        877.0,
        354.0
      ],
      [
        848.0,
        353.0
      ]
    ],
    [
      [
        848.0,
        256.0
      ],
      [
        877.0,
        260.0
      ],
      [
        876.0,
        299.0
      ],
      [
        848.0,
        296.0
      ]
    ],
    [
      [
        889.0,
        368.0
      ],
      [
        914.0,
        369.0
      ],
      [
        912.0,
        407.0
      ],
      [
        887.0,
        408.0
      ]
    ],
    [
      [
        885.8861694335938,
        207.1307373046875
      ],
      [
        911.0,
        214.0
      ],
      [
        912.47119140625,
        251.9085235595703
      ],
      [
        887.0,
        246.0
      ]
    ],
    [
      [
        803.0,
        431.0
      ],
      [
        833.0,
        428.0
      ],
      [
        833.0,
        466.0
      ],
      [
        803.0,
        471.0
      ]
    ],
    [
      [
        806.0,
        310.0
      ],
      [
        836.0,
        314.0
      ],
      [
        834.0,
        353.0
      ],
      [
        804.0,
        351.0
      ]
    ]
  ],