{
  "size": [
    1280,
    720
  ],
  "ids0": [
    15,
    23,
    7,
    31,
    14,
    22,
    6,
    30,
    13,
    5,
    39,
    21,
    38,
    29,
    12,
    20,
    4,
    37,
    28,
    11,
    19,
    3,
    27,
    35,
    10,
    18,
    2,
    1,
    26,
    17,
    36
  ],
  "ids1": [
    16,
    1,
    24,
    17,
    32,
    2,
    25,
    10,
    18,
    33,
    26,
    3,
    19,
    34,
    28,
    5,
    36
  ],
  "corners0": [
    [
      [
        550.0,
        241.0
      ],
      [
        595.0,
        243.0
      ],
      [
        594.0,
        289.0
      ],
      [
        548.0,
        288.0
      ]
    ],
    [
      [
        548.0,
        308.0
      ],
      [
        593.0,
        307.0
      ],
      [
        594.0,
        353.0
      ],
      [
        549.0,
        354.0
      ]
    ],
    [
      [
        550.0,
        177.0
      ],
      [
        595.0,
        177.0
      ],
      [
        596.0,
        222.0
      ],
      [
        550.0,
        222.0
      ]
    ],
    [
      [
        548.0,
        374.0
      ],
      [
        593.0,
        372.0
      ],
      [
        594.0,
        416.0
      ],
      [
        549.0,
        419.0
      ]
    ],
    [
      [
        615.0,
        242.0
      ],
      [
        659.0,
        244.0
      ],
      [
        658.0,
        289.0
      ],
      [
        613.0,
        287.0
      ]
    ],
    [
      [
        614.0,
        307.0
      ],
      [
        658.0,
        308.0
      ],
      [
        656.0,
        353.0
      ],
      [
        613.0,
        353.0
      ]
    ],
    [
      [
        616.0,
        178.0
      ],
      [
        660.0,
        180.0
      ],
      [
        658.0,
        225.0
      ],
      [
        614.0,
        222.0
      ]
    ],
    [
      [
        612.0,
        373.0
      ],
      [
        656.0,
        371.0
      ],
      [
        656.0,
        414.0
      ],
      [
        613.0,
        417.0
      ]
    ],
    [
      [
        678.0,
        244.0
      ],
      [
        720.0,
        246.0
      ],
      [
        717.5107421875,
        291.6859130859375
      ],
      [
        676.0,
        288.0
      ]
    ],
    [
      [
        679.9390258789062,
        178.09078979492188
      ],
      [
        721.0,
        184.0
      ],
      [
        719.0,
        227.0
      ],
      [
        677.0,
        224.0
      ]
    ],
    [
      [
        549.0,
        438.0
      ],
      [
        593.0,
        436.0
      ],
      [
        594.0,
        477.0
      ],
      [
        550.0,
        480.0
      ]
    ],
    [
      [
        677.0,
        307.0
      ],
      [
        719.0,
        309.0
      ],
      [
        716.0,
        352.0
      ],
      [
        675.0,
        351.0
      ]
    ],
    [
      [
        612.0,
        436.0
      ],
      [
        655.0,
        433.0
      ],
      [
        655.0,
        474.0
      ],
      [
        613.0,
        478.0
      ]
    ],
    [
      [
        676.0,
        371.0
      ],
      [
        717.0,
        371.0
      ],
      [
        715.0,
        413.0
      ],
      [
        674.0,
        414.0
      ]
    ],
    [
      [
        739.0,
        245.0
      ],
      [
        777.0,
        248.0
      ],
      [
        775.0,
        291.0
      ],
      [
        736.0,
        289.0
      ]
    ],
    [
      [
        737.0,
        307.0
      ],
      [
        776.0,
        309.0
      ],
      [
        773.0,
        351.0
      ],
      [
        734.0,
        350.0
      ]
    ],
    [
      [
        739.0,
        184.0
      ],
      [
        778.0,
        188.0
      ],
      [
        776.0,
        230.0
      ],
      [
        735.1368408203125,
        224.98178100585938
      ]
    ],
    [
      [
        673.0,
        433.0
      ],
      [
        714.0,
        430.0
      ],
      [
        713.0,
        471.0
      ],
      [
        674.0,
        474.0
      ]
    ],
    [
      [
        734.0,
        370.0
      ],
      [
        772.0,
        368.0
      ],
      [
        771.0,
        409.0
      ],
      [
        733.0,
        412.0
      ]
    ],
    [
      [
        794.0,
        248.0
      ],
      [
        830.0,
        251.0
      ],
      [
        827.0,
        292.0
      ],
      [
        792.0,
        290.0
      ]
    ],
    [
      [
        793.0,
        308.0
      ],
      [
        828.0,
        309.0
      ],
      [
        825.0,
        350.0
      ],
      [
        790.0,
        350.0
      ]
    ],
    [
      [
        795.0,
        188.0
      ],
      [
        830.0,
        193.0
      ],
      [
        828.0,
        233.0
      ],
      [
        793.0,
        229.0
      ]
    ],
    [
      [
        790.0,
        368.0
      ],
      [
        825.0,
        368.0
      ],
      [
        822.0,
        407.0
      ],
      [
        787.0,
        408.0
      ]
    ],
    [
      [
        786.0,
        427.0
      ],
      [
        821.0,
        424.0
      ],
      [
        819.0,
        461.0
      ],
      [
        785.0,
        466.0
      ]
    ],
    [
      [
        846.0,
        251.0
      ],
      [
        878.0,
        254.0
      ],
      [
        875.0,
        293.0
      ],
      [
        844.0,
        291.0
      ]
    ],
    [
      [
        844.0,
        309.0
      ],
      [
        876.0,
        310.0
      ],
      [
        873.0,
        349.0
      ],
      [
        842.0,
        349.0
      ]
    ],
    [
      [
        847.0,
        193.0
      ],
      [
        878.0,
        198.0
      ],
      [
        877.0,
        236.0
      ],
      [
        845.0,
        232.0
      ]
    ],
    [
      [
        893.0,
        197.0
      ],
      [
        923.0,
        201.0
      ],
      [
        922.0,
        241.0
      ],
      [
        892.0,
        237.0
      ]
    ],
    [
      [
        840.0,
        368.0
      ],
      [
        872.0,
        365.0
      ],
      [
        871.0,
        403.0
      ],
      [
        839.0,
        406.0
      ]
    ],
    [
      [
        891.0,
        308.0
      ],
      [
        921.0,
        310.0
      ],
      [
        918.0,
        349.0
      ],
      [
        888.0,
        349.0
      ]
    ],
    [
      [
        731.0,
        431.0
      ],
      [
        769.0,
        427.0
      ],
      [
        768.0,
        466.0
      ],
      [
        731.0,
        470.0
      ]
    ]
  ],