{
  "size": [
    1280,
    720
  ],
  "ids0": [
    23,
    15,
    7,
    31,
    39,
    22,
    14,
    30,
    6,
    5,
    38,
    20,
    12,
    4,
    36
  ],
  "ids1": [
    17,
    2,
    10,
    24,
    18,
    0,
    8,
    3,
    9,
    26,
    19,
    4,
    12,
    27,
    34,
    20,
    35,
    28,
    13,
    5,
    21,
    29,
    14,
    6,
    37,
    7,
    22,
    30,
    31,
    38,
    36
  ],
  "corners0": [
    [
      [
        697.0,
        342.0
      ],
      [
        734.0,
        339.0
      ],
      [
        737.0,
        383.0
      ],
      [
        701.2433471679688,
        389.775390625
      ]
    ],
    [
      [
        695.0,
        277.0
      ],
      [
        732.0,
        278.0
      ],
      [
        733.0,
        321.0
      ],
      [
        696.0,
        322.0
      ]
    ],
    [
      [
        692.0,
        213.0
      ],
      [
        728.0,
        216.0
      ],
      [
        730.0,
        259.0
      ],
      [
        692.0,
        257.0
      ]
    ],
    [
      [
        700.0,
        407.0
      ],
      [
        737.0,
        402.0
      ],
      [
        739.0,
        445.0
      ],
      [
        703.0,
        451.0
      ]
    ],
    [
      [
        702.0,
        471.0
      ],
      [
        739.0,
        464.0
      ],
      [
        741.0,
        505.0
      ],
      [
        705.0,
        513.0
      ]
    ],
    [
      [
        751.0,
        340.0
      ],
      [
        784.0,
        337.0
      ],
      [
        787.0,
        378.0
      ],
      [
        754.0,
        382.0
      ]
    ],
    [
      [
        749.0,
        277.0
      ],
      [
        782.0,
        278.0
      ],
      [
        783.0,
        319.0
      ],
      [
        750.0,
        319.0
      ]
    ],
    [
      [
        754.0,
        401.0
      ],
      [
        786.0,
        397.0
      ],
      [
        788.0,
        438.0
      ],
      [
        756.0,
        443.0
      ]
    ],
    [
      [
        746.0,
        216.0
      ],
      [
        778.0,
        219.0
      ],
      [
        779.0,
        260.0
      ],
      [
        747.0,
        258.0
      ]
    ],
    [
      [
        793.0,
        218.0
      ],
      [
        824.0,
        221.0
      ],
      [
        826.0,
        262.0
      ],
      [
        794.0,
        260.0
      ]
    ],
    [
      [
        756.0,
        462.0
      ],
      [
        788.0,
        456.0
      ],
      [
        789.0,
        495.0
      ],
      [
        758.0,
        502.0
      ]
    ],
    [
      [
        842.0,
        334.0
      ],
      [
        870.0,
        331.0
      ],
      [
        872.0,
        371.0
      ],
      [
        845.0,
        375.0
      ]
    ],
    [
      [
        840.0,
        276.0
      ],
      [
        868.0,
        278.0
      ],
      [
        869.0,
        317.0
      ],
      [
        841.0,
        317.0
      ]
    ],
    [
      [
        837.0,
        221.0
      ],
      [
        864.0,
        225.0
      ],
      [
        866.0,
        263.0
      ],
      [
        838.0,
        261.0
      ]
    ],
    [
      [
        845.0,
        445.0
      ],
      [
        872.0,
        439.0
      ],
      [
        873.0,
        477.0
      ],
      [
        846.0,
        484.0
      ]
    ]
  ],
  "corners1": [
    [
      [
        583.0,
        389.0
      ],
      [
        631.0,
        396.0
      ],
      [
        625.0,
        444.0
      ],
      [
        577.0,
        437.0
      ]
    ],
    [
      [
        530.0,
        245.0
      ],
      [
        577.0,
        250.0
      ],
      [
        571.0,
        299.0
      ],
      [
        524.0,
        293.0
      ]
    ],
    [
      [
        523.0,
        313.0
      ],
      [
        570.0,
        319.0
      ],
      [
        564.0,
        368.0
      ],
      [
        518.0,
        361.0
      ]
    ],
    [
      [
        643.0,
        466.0
      ],
      [
        692.0,
        473.0
      ],
      [
        684.0,
        519.0
      ],
      [
        637.0,
        511.0
      ]
    ],
    [
      [
        517.0,
        381.0
      ],
      [
        563.0,
        387.0
      ],
      [
        558.0,
        435.0
      ],
      [
        512.0,
        427.0
      ]
    ],
    [
      [
        668.0,
        260.0
      ],
      [
        715.0,
        266.0
      ],
      [
        709.0,
        312.0
      ],
      [
        663.0,
        306.0
      ]
    ],
    [
      [
        661.0,
        330.0
      ],
      [
        707.0,
        336.0
      ],
      [
        700.0,
        383.0
      ],
      [
        655.0,
        376.0
      ]
    ],
    [
      [
        467.0,
        240.0
      ],
      [
        511.0,
        244.0
      ],
      [
        505.0,
        292.0
      ],
      [
        459.44970703125,
        285.176513671875
      ]
    ],
    [
      [
        592.0,
        322.0
      ],
      [
        637.0,
        328.0
      ],
      [
        631.0,
        374.0
      ],
      [
        586.0,
        368.0
      ]
    ],
    [
      [
        512.0,
        446.0
      ],
      [
        557.0,
        454.0
      ],
      [
        552.0,
        499.0
      ],
      [
        508.0,
        491.0
      ]
    ],
    [
      [
        455.0,
        372.0
      ],
      [
        498.0,
        379.0
      ],
      [
        493.0,
        426.0
      ],
      [
        451.0,
        418.0
      ]
    ],
    [
      [
        409.0,
        237.0
      ],
      [
        449.0,
        240.0
      ],
      [
        443.0,
        287.0
      ],
      [
        403.0,
        282.0
      ]
    ],
    [
      [
        403.0,
        301.0
      ],
      [
        443.0,
        306.0
      ],
      [
        438.0,
        352.0
      ],
      [
        398.0,
        346.0
      ]
    ],
    [
      [
        451.0,
        437.0
      ],
      [
        493.0,
        444.0
      ],
      [
        489.0,
        488.0
      ],
      [
        448.0,
        480.0
      ]
    ],
    [
      [
        508.0,
        509.0
      ],
      [
        551.0,
        517.0
      ],
      [
        547.0,
        559.0
      ],
      [
        504.0,
        550.0
      ]
    ],
    [
      [
        398.0,
        365.0
      ],
      [
        437.0,
        371.0
      ],
      [
        433.0,
        416.0
      ],
      [
        394.0,
        409.0
      ]
    ],
    [
      [
        448.0,
        498.0
      ],
      [
        489.0,
        507.0
      ],
      [
        486.0,
        548.0
      ],
      [
        446.0,
        539.0
      ]
    ],
    [
      [
        396.40447998046875,
        425.3937072753906
      ],
      [
        433.0,
        434.0
      ],
      [
        430.0,
        478.0
      ],
      [
        392.0,
        469.0
      ]
    ],
    [
      [
        350.0,
        296.0
      ],
      [
        386.0,
        301.0
      ],
      [
        381.0,
        345.0
      ],
      [
        345.0,
        339.0
      ]
    ],
    [
      [
        356.0,
        234.0
      ],
      [
        391.0,
        237.0
      ],
      [
        386.0,
        282.0
      ],
      [
        350.0,
        277.0
      ]
    ],
    [
      [
        345.0,
        358.0
      ],
      [
        381.0,
        364.0
      ],
      [
        377.0,
        407.0
      ],
      [
        342.0,
        400.0
      ]
    ],
    [
      [
        343.0,
        418.0
      ],
      [
        378.0,
        425.0
      ],
      [
        375.0,
        467.0
      ],
      [
        341.0,
        459.0
      ]
    ],
    [
      [
        302.0,
        292.0
      ],
      [
        333.0,
        296.0
      ],
      [
        330.0,
        338.0
      ],
      [
        298.0,
        333.0
      ]
    ],
    [
      [
