{
  "size": [
    1280,
    720
  ],
  "ids0": [
    23,
    31,
    15,
    39,
    7,
    22,
    14,
    30,
    38,
    6,
    21,
    29,
    37,
    5,
    4,
    20,
    12,
    19,
    11,
    27,
    3,
    26,
    10
  ],
  "ids1": [
    0,
    16,
    1,
    9,
    17,
    24,
    2,
    10,
    18,
    32,
    26,
    33,
    3,
    11,
    34,
    27,
    4,
    12,
    20,
    35,
    28,
    5,
    6,
    21,
    15,
    7,
    23,
    31,
    36
  ],
  "corners0": [
    [
      [
        620.0,
        310.0
      ],
      [
        664.0,
        313.0
      ],
      [
        662.0,
        359.0
      ],
      [
        619.0,
        358.0
      ]
    ],
    [
      [
        619.0,
        378.0
      ],
      [
        663.0,
        379.0
      ],
      [
        661.0,
        425.0
      ],
      [
        618.0,
        426.0
      ]
    ],
    [
      [
        621.0,
        243.0
      ],
      [
        664.0,
        247.0
      ],
      [
        662.0,
        293.0
      ],
      [
        620.0,
        290.0
      ]
    ],
    [
      [
        618.0,
        447.0
      ],
      [
        661.0,
        444.0
      ],
      [
        661.0,
        489.0
      ],
      [
        618.0,
        493.0
      ]
    ],
    [
      [
        622.0,
        178.0
      ],
      [
        664.0,
        183.0
      ],
      [
        663.0,
        227.0
      ],
      [
        620.0,
        222.0
      ]
    ],
    [
      [
        682.0,
        312.0
      ],
      [
        722.9278564453125,
        316.6733703613281
      ],
      [
        720.0,
        359.0
      ],
      [
        680.0,
        358.0
      ]
    ],
    [
      [
        683.0,
        247.0
      ],
      [
        721.0,
        252.0
      ],
      [
        720.0,
        296.0
      ],
      [
        681.0,
        293.0
      ]
    ],
    [
      [
        681.0,
        378.0
      ],
      [
        720.0,
        379.0
      ],
      [
        718.0,
        423.0
      ],
      [
        679.0,
        423.0
      ]
    ],
    [
      [
        679.0,
        444.0
      ],
      [
        718.0,
        441.0
      ],
      [
        718.0,
        484.0
      ],
      [
        679.0,
        488.0
      ]
    ],
    [
      [
        683.0,
        185.0
      ],
      [
        721.0,
        191.0
      ],
      [
        720.0,
        233.0
      ],
      [
        681.0,
        228.0
      ]
    ],
    [
      [
        738.0,
        315.0
      ],
      [
        773.0,
        318.0
      ],
      [
        771.0,
        360.0
      ],
      [
        736.0,
        358.0
      ]
    ],
    [
      [
        738.0,
        377.0
      ],
      [
        772.0,
        378.0
      ],
      [
        770.0,
        420.0
      ],
      [
        735.0,
        421.0
      ]
    ],
    [
      [
        735.0,
        441.0
      ],
      [
        770.0,
        438.0
      ],
      [
        769.0,
        479.0
      ],
      [
        735.0,
        483.0
      ]
    ],
    [
      [
        738.0,
        192.0
      ],
      [
        772.0,
        199.0
      ],
      [
        772.0,
        238.0
      ],
      [
        737.0,
        233.0
      ]
    ],
    [
      [
        787.0,
        199.0
      ],
      [
        820.0,
        205.0
      ],
      [
        820.0,
        245.0
      ],
      [
        786.0,
        240.0
      ]
    ],
    [
      [
        789.0,
        317.0
      ],
      [
        820.0,
        320.0
      ],
      [
        818.0,
        360.0
      ],
      [
        788.0,
        359.0
      ]
    ],
    [
      [
        789.0,
        258.0
      ],
      [
        819.0,
        262.0
      ],
      [
        818.0,
        302.0
      ],
      [
        788.0,
        299.0
      ]
    ],
    [
      [
        834.0,
        318.0
      ],
      [
        863.0,
        321.0
      ],
      [
        862.0,
        361.0
      ],
      [
        832.0,
        360.0
      ]
    ],
    [
      [
        833.0,
        261.0
      ],
      [
        863.0,
        266.0
      ],
      [
        862.0,
        305.0
      ],
      [
        833.0,
        303.0
      ]
    ],
    [
      [
        833.0,
        375.0
      ],
      [
        862.0,
        376.0
      ],
      [
        860.0,
        416.0
      ],
      [
        831.0,
        417.0
      ]
    ],
    [
      [
        832.0,
        206.0
      ],
      [
        861.0,
        212.0
      ],
      [
        862.0,
        251.0
      ],
      [
        832.0,
        246.0
      ]
    ],
    [
      [
        873.0,
        376.0
      ],
      [
        899.0,
        374.0
      ],
      [
        899.0,
        413.0
      ],
      [
        873.0,
        415.0
      ]
    ],
    [
      [
        875.0,
        266.0
      ],
      [
        900.0,
        270.0
      ],
      [
        900.0,
        308.0
      ],
      [
        874.0,
        305.0
      ]
    ]
  ],