{
  "size": [
    1280,
    720
  ],
  "ids0": [
    23,
    15,
    7,
    39,
    22,
    14,
    6,
    37,
    12,
    20,
    4
  ],
  "ids1": [
    0,
    1,
    8,
    9,
    2,
    10,
    16,
    17,
    18,
    3,
    11,
    24,
    19,
    25,
    4,
    26,
    12,
    27,
    20,
    33,
    32,
    34,
    35,
    21,
    29,
    6,
    14,
    22,
    37,
    30,
    15,
    38,
    36,
    28
  ],
  "corners0": [
    [
      [
        613.0,
        306.0
      ],
      [
        651.0,
        303.0
      ],
      [
        653.0,
        352.0
      ],
      [
        615.0,
        358.0
      ]
    ],
    [
      [
        613.0,
        232.0
      ],
      [
        651.0,
        235.0
      ],
      [
        651.0,
        284.0
      ],
      [
        613.0,
        284.0
      ]
    ],
    [
      [
        612.0,
        161.0
      ],
      [
        650.0,
        166.0
      ],
      [
        650.0,
        214.0
      ],
      [
        612.0,
        211.0
      ]
    ],
    [
      [
        615.0,
        449.0
      ],
      [
        652.0,
        440.0
      ],
      [
        654.0,
        485.0
      ],
      [
        619.3446655273438,
        497.6281433105469
      ]
    ],
    [
      [
        668.0,
        304.0
      ],
      [
        700.0,
        301.0
      ],
      [
        702.0,
        347.0
      ],
      [
        670.0,
        352.0
      ]
    ],
    [
      [
        669.0,
        234.0
      ],
      [
        701.0,
        237.0
      ],
      [
        700.0,
        283.0
      ],
      [
        668.0,
        282.0
      ]
    ],
    [
      [
        668.0,
        167.0
      ],
      [
        700.0,
        173.0
      ],
      [
        700.0,
        217.0
      ],
      [
        667.0,
        214.0
      ]
    ],
    [
      [
        715.0,
        426.0
      ],
      [
        744.0,
        419.0
      ],
      [
        744.0,
        461.0
      ],
      [
        715.0,
        470.0
      ]
    ],
    [
      [
        757.0,
        238.0
      ],
      [
        783.0,
        241.0
      ],
      [
        783.0,
        283.0
      ],
      [
        757.0,
        282.0
      ]
    ],
    [
      [
        757.0,
        299.0
      ],
      [
        783.0,
        297.0
      ],
      [
        783.0,
        339.0
      ],
      [
        758.0,
        343.0
      ]
    ],
    [
      [
        757.0,
        179.0
      ],
      [
        782.0,
        184.0
      ],
      [
        782.0,
        225.0
      ],
      [
        756.0,
        222.0
      ]
    ]
  ],
  "corners1": [
    [
      [
        564.0,
        205.0
      ],
      [
        607.0,
        209.0
      ],
      [
        603.0,
        252.0
      ],
      [
        559.0,
        248.0
      ]
    ],
    [
      [
        502.0,
        201.0
      ],
      [
        545.0,
        205.0
      ],
      [
        541.0,
        248.0
      ],
      [
        498.0,
        244.0
      ]
    ],
    [
      [
        559.0,
        267.0
      ],
      [
        602.0,
        271.0
      ],
      [
        597.0,
        314.0
      ],
      [
        555.0,
        310.0
      ]
    ],
    [
      [
        497.0,
        263.0
      ],
      [
        540.0,
        267.0
      ],
      [
        536.0,
        309.0
      ],
      [
        493.0,
        305.0
      ]
    ],
    [
      [
        441.0,
        198.0
      ],
      [
        483.0,
        201.0
      ],
      [
        479.0,
        244.0
      ],
      [
        437.0,
        241.0
      ]
    ],
    [
      [
        437.0,
        259.0
      ],
      [
        479.0,
        263.0
      ],
      [
        475.0,
        305.0
      ],
      [
        433.0,
        302.0
      ]
    ],
    [
      [
        554.0,
        328.0
      ],
      [
        597.0,
        332.0
      ],
      [
        593.0,
        373.0
      ],
      [
        551.0,
        370.0
      ]
    ],
    [
      [
        493.0,
        324.0
      ],
      [
        536.0,
        328.0
      ],
      [
        532.0,
        369.0
      ],
      [
        490.0,
        366.0
      ]
    ],
    [
      [
        434.0,
        320.0
      ],
      [
        475.0,
        324.0
      ],
      [
        472.0,
        366.0
      ],
      [
        431.0,
        362.0
      ]
    ],
    [
      [
        382.0,
        196.0
      ],
      [
        423.0,
        199.0
      ],
      [
        419.0,
        241.0
      ],
      [
        376.20135498046875,
        237.44601440429688
      ]
    ],
    [
      [
        378.0,
        257.0
      ],
      [
        419.0,
        260.0
      ],
      [
        416.0,
        302.0
      ],
      [
        375.0,
        298.0
      ]
    ],
    [
      [
        550.0,
        388.0
      ],
      [
        592.0,
        391.0
      ],
      [
        588.0,
        431.0
      ],
      [
        547.0,
        427.0
      ]
    ],
    [
      [
        376.0,
        317.0
      ],
      [
        416.0,
        320.0
      ],
      [
        413.0,
        362.0
      ],
      [
        374.0,
        358.0
      ]
    ],
    [
      [
        490.0,
        384.0
      ],
      [
        532.0,
        388.0
      ],
      [
        529.0,
        427.0
      ],
      [
        488.0,
        424.0
      ]
    ],
    [
      [
        327.0,
        195.0
      ],
      [
        365.0,
        197.0
      ],
      [
        361.0,
        239.0
      ],
      [
        323.0,
        237.0
      ]
    ],
    [
      [
        432.0,
        380.0
      ],
      [
        472.0,
        383.0
      ],
      [
        470.0,
        423.0
      ],
      [
        430.0,
        419.0
      ]
    ],
    [
      [
        323.0,
        255.0
      ],
      [
        361.0,
        257.0
      ],
      [
        358.0,
        299.0
      ],
      [
        320.0,
        296.0
      ]
    ],
    [
      [
        375.0,
        376.0
      ],
      [
        414.0,
        379.0
      ],
      [
        413.0,
        419.0
      ],
      [
        374.0,
        415.0
      ]
    ],
    [
      [
        321.0,
        314.0
      ],
      [
        359.0,
        317.0
      ],
      [
        357.0,
        358.0
      ],
      [
        320.0,
        355.0
      ]
    ],
    [
      [
        487.0,
        442.0
      ],
      [
        528.0,
        444.0
      ],
      [
        527.0,
        481.0
      ],
      [
        488.0,
        480.0
      ]
    ],
    [
      [
        546.0,
        446.0
      ],
      [
        586.0,
        447.0
      ],
      [
        585.0,
        484.0
      ],
      [
        545.0,
        483.0
      ]
    ],
    [
      [
        430.0,
        438.0
      ],
      [
        470.0,
        440.0
      ],
      [
        470.0,
        477.0
      ],
      [
        431.0,
        475.0
      ]
    ],
    [
      [
        376.0,
        432.0
      ],
      [
        414.0,
        437.0
      ],
      [
        412.0,
        474.0
      ],
      [
        375.0,
        469.0
      ]
    ],
    [
      [
        270.0,
        312.0
      ],
      [
        305.0,
        315.0
      ],
      [
        303.0,
        355.0
      ],
      [
        269.0,
        351.0
      ]
    ],
    [
      [
        271.0,
        368.0
      ],
      [
        305.0,
        372.0
      ],
      [
        304.0,
        411.0
      ],
      [
        271.0,
        406.0
      ]
    ],
    [
      [
        227.0,
        196.0
      ],
      [
        258.0,
        197.0
      ],
      [
        255.0,
        237.0
      ],
      [
        223.0,
        236.0
      ]
    ],
    [
      [
        223.0,
        253.0
      ],
      [
        255.0,
        255.0
      ],
      [
        253.0,
        294.0
      ],
      [
        221.0,
        292.0
      ]
    ],
    [
      [
        223.0,
        309.0
