{
  "size": [
    1280,
    720
  ],
  "ids0": [
    14,
    22,
    39,
    15,
    23,
    30,
    6,
    7,
    31,
    38,
    13,
    29,
    5,
    37,
    12,
    20,
    28,
    4,
    19,
    11,
    27,
    3,
    35,
    18,
    10,
    26,
    2,
    17,
    1,
    36
  ],
  "ids1": [
    16,
    8,
    24,
    0,
    32,
    17,
    9,
    25,
    1,
    19,
    33,
    18,
    10,
    26,
    2,
    12
  ],
  "corners0": [
    [
      [
        351.0,
        199.0
      ],
      [
        402.0,
        192.0
      ],
      [
        409.0,
        247.0
      ],
      [
        358.0,
        255.0
      ]
    ],
    [
      [
        360.0,
        278.0
      ],
      [
        411.0,
        269.0
      ],
      [
        419.0,
        323.0
      ],
      [
        369.0,
        334.0
      ]
    ],
    [
      [
        315.0,
        452.0
      ],
      [
        366.0,
        438.0
      ],
      [
        377.0,
        490.0
      ],
      [
        328.0,
        505.0
      ]
    ],
    [
      [
        278.0,
        210.0
      ],
      [
        328.0,
        202.0
      ],
      [
        335.0,
        256.0
      ],
      [
        285.0,
        265.0
      ]
    ],
    [
      [
        288.0,
        292.0
      ],
      [
        338.0,
        283.0
      ],
      [
        346.0,
        336.0
      ],
      [
        297.0,
        347.0
      ]
    ],
    [
      [
        372.0,
        356.0
      ],
      [
        421.0,
        345.0
      ],
      [
        430.0,
        398.0
      ],
      [
        382.0,
        411.0
      ]
    ],
    [
      [
        345.0,
        122.0
      ],
      [
        396.0,
        118.0
      ],
      [
        401.0,
        170.0
      ],
      [
        350.0,
        176.0
      ]
    ],
    [
      [
        273.0,
        130.0
      ],
      [
        322.0,
        124.0
      ],
      [
        327.0,
        176.0
      ],
      [
        277.0,
        183.0
      ]
    ],
    [
      [
        301.0,
        374.0
      ],
      [
        349.0,
        363.0
      ],
      [
        359.0,
        415.0
      ],
      [
        312.0,
        427.0
      ]
    ],
    [
      [
        386.0,
        433.0
      ],
      [
        431.55267333984375,
        417.2674560546875
      ],
      [
        443.0,
        470.0
      ],
      [
        397.0,
        484.0
      ]
    ],
    [
      [
        422.0,
        191.0
      ],
      [
        469.0,
        186.0
      ],
      [
        475.0,
        238.0
      ],
      [
        429.0,
        245.0
      ]
    ],
    [
      [
        441.0,
        342.0
      ],
      [
        486.0,
        331.0
      ],
      [
        494.0,
        382.0
      ],
      [
        450.0,
        394.0
      ]
    ],
    [
      [
        416.0,
        118.0
      ],
      [
        462.0,
        115.0
      ],
      [
        468.0,
        165.0
      ],
      [
        422.0,
        170.0
      ]
    ],
    [
      [
        453.0,
        415.0
      ],
      [
        496.0,
        402.0
      ],
      [
        505.0,
        450.0
      ],
      [
        463.0,
        464.0
      ]
    ],
    [
      [
        488.0,
        186.0
      ],
      [
        530.0,
        182.0
      ],
      [
        536.0,
        230.0
      ],
      [
        494.0,
        236.0
      ]
    ],
    [
      [
        496.0,
        257.0
      ],
      [
        537.0,
        251.0
      ],
      [
        543.0,
        299.0
      ],
      [
        503.0,
        308.0
      ]
    ],
    [
      [
        505.0,
        328.0
      ],
      [
        545.0,
        319.0
      ],
      [
        552.0,
        367.0
      ],
      [
        513.67724609375,
        379.8182067871094
      ]
    ],
    [
      [
        483.0,
        115.0
      ],
      [
        524.0,
        116.0
      ],
      [
        527.0,
        163.0
      ],
      [
        486.0,
        164.0
      ]
    ],
    [
      [
        555.0,
        249.0
      ],
      [
        591.0,
        244.0
      ],
      [
        597.0,
        289.0
      ],
      [
        561.0,
        297.0
      ]
    ],
    [
      [
        548.0,
        182.0
      ],
      [
        584.0,
        179.0
      ],
      [
        590.0,
        224.0
      ],
      [
        553.0,
        229.0
      ]
    ],
    [
      [
        562.0,
        317.0
      ],
      [
        598.0,
        308.0
      ],
      [
        604.0,
        353.0
      ],
      [
        569.0,
        363.0
      ]
    ],
    [
      [
        542.0,
        115.0
      ],
      [
        579.0,
        117.0
      ],
      [
        582.0,
        160.0
      ],
      [
        545.0,
        160.0
      ]
    ],
    [
      [
        571.0,
        382.0
      ],
      [
        605.0,
        372.0
      ],
      [
        611.0,
        415.0
      ],
      [
        578.0,
        427.0
      ]
    ],
    [
      [
        608.0,
        242.0
      ],
      [
        639.0,
        238.0
      ],
      [
        645.0,
        280.0
      ],
      [
        613.0,
        287.0
      ]
    ],
    [
      [
        602.0,
        178.0
      ],
      [
        634.0,
        178.0
      ],
      [
        637.0,
        220.0
      ],
      [
        605.0,
        222.0
      ]
    ],
    [
      [
        614.0,
        307.0
      ],
      [
        645.0,
        299.0
      ],
      [
        651.0,
        340.0
      ],
      [
        620.0,
        349.0
      ]
    ],
    [
      [
        596.0,
        116.0
      ],
      [
        628.0,
        119.0
      ],
      [
        631.0,
        159.0
      ],
      [
        599.0,
        159.0
      ]
    ],
    [
      [
        653.0,
        236.0
      ],
      [
        683.0,
        232.0
      ],
      [
        688.0,
        274.0
      ],
      [
        659.0,
        280.0
      ]
    ],
    [
      [
        642.0,
        116.0
      ],
      [
        672.0,
        119.0
      ],
      [
        676.0,
        160.0
      ],
      [
        644.2289428710938,
        158.4290313720703
      ]
    ],
    [
      [
        515.0,
        398.0
      ],
      [
        554.0,
        386.0
      ],
      [
        561.0,
        432.0
      ],
      [
        523.0,
        445.0
      ]
    ]
  ],