{
  "size": [
    1280,
    720
  ],
  "ids0": [
    31,
    23,
    39,
    7,
    22,
    30,
    38,
    14,
    6,
    29,
    13,
    21,
    37,
    5,
    12,
    11,
    4,
    18,
    2,
    36,
    20,
    28
  ],
  "ids1": [
    1,
    0,
    8,
    17,
    24,
    2,
    10,
    25,
    18,
    32,
    3,
    11,
    26,
    33,
    19,
    34,
    27,
    4,
    12,
    20,
    35,
    14,
    30,
    38,
    7,
    28,
    36
  ],
  "corners0": [
    [
      [
        662.1007080078125,
        380.23638916015625
      ],
      [
        702.0,
        387.0
      ],
      [
        697.0,
        429.0
      ],
      [
        656.0,
        426.0
      ]
    ],
    [
      [
        665.0,
        320.0
      ],
      [
        707.0,
        325.0
      ],
      [
        702.0,
        367.0
      ],
      [
        661.0,
        363.0
      ]
    ],
    [
      [
        655.0,
        445.0
      ],
      [
        697.0,
        448.0
      ],
      [
        692.0,
        489.0
      ],
      [
        651.0,
        487.0
      ]
    ],
    [
      [
        674.0,
        198.0
      ],
      [
        714.0,
        204.0
      ],
      [
        711.0,
        245.0
      ],
      [
        670.0,
        239.0
      ]
    ],
    [
      [
        724.0,
        325.0
      ],
      [
        763.0,
        330.0
      ],
      [
        759.0,
        371.0
      ],
      [
        720.0,
        367.0
      ]
    ],
    [
      [
        720.0,
        386.0
      ],
      [
        758.0,
        390.0
      ],
      [
        754.0,
        431.0
      ],
      [
        715.0,
        428.0
      ]
    ],
    [
      [
        715.0,
        447.0
      ],
      [
        753.0,
        449.0
      ],
      [
        748.0,
        490.0
      ],
      [
        710.0,
        488.0
      ]
    ],
    [
      [
        729.0,
        265.0
      ],
      [
        767.0,
        271.0
      ],
      [
        763.0,
        311.0
      ],
      [
        725.0,
        306.0
      ]
    ],
    [
      [
        731.0,
        204.0
      ],
      [
        772.4404296875,
        209.15960693359375
      ],
      [
        768.0,
        253.0
      ],
      [
        728.0,
        247.0
      ]
    ],
    [
      [
        775.0,
        390.0
      ],
      [
        811.0,
        393.0
      ],
      [
        806.0,
        433.0
      ],
      [
        771.0,
        431.0
      ]
    ],
    [
      [
        784.0,
        271.0
      ],
      [
        819.0,
        277.0
      ],
      [
        815.0,
        317.0
      ],
      [
        780.0,
        312.0
      ]
    ],
    [
      [
        781.0,
        330.0
      ],
      [
        815.0,
        334.0
      ],
      [
        811.0,
        375.0
      ],
      [
        776.0,
        371.0
      ]
    ],
    [
      [
        771.0,
        448.0
      ],
      [
        806.0,
        451.0
      ],
      [
        801.0,
        489.0
      ],
      [
        765.0,
        488.0
      ]
    ],
    [
      [
        787.0,
        214.0
      ],
      [
        821.0,
        220.0
      ],
      [
        819.0,
        259.0
      ],
      [
        784.0,
        253.0
      ]
    ],
    [
      [
        835.0,
        278.0
      ],
      [
        867.0,
        284.0
      ],
      [
        863.0,
        322.0
      ],
      [
        832.0,
        318.0
      ]
    ],
    [
      [
        881.0,
        284.0
      ],
      [
        912.0,
        289.0
      ],
      [
        909.0,
        328.0
      ],
      [
        878.0,
        324.0
      ]
    ],
    [
      [
        837.0,
        223.0
      ],
      [
        869.0,
        229.0
      ],
      [
        866.0,
        266.0
      ],
      [
        835.0,
        261.0
      ]
    ],
    [
      [
        921.0,
        343.0
      ],
      [
        949.0,
        347.0
      ],
      [
        945.0,
        385.0
      ],
      [
        917.0,
        382.0
      ]
    ],
    [
      [
        926.0,
        238.0
      ],
      [
        953.0,
        245.0
      ],
      [
        951.0,
        281.0
      ],
      [
        924.0,
        276.0
      ]
    ],
    [
      [
        822.0,
        450.0
      ],
      [
        854.0,
        451.0
      ],
      [
        848.0,
        489.0
      ],
      [
        817.0,
        488.0
      ]
    ],
    [
      [
        832.0,
        335.0
      ],
      [
        864.0,
        340.0
      ],
      [
        860.0,
        378.0
      ],
      [
        828.0,
        375.0
      ]
    ],
    [
      [
        827.0,
        393.0
      ],
      [
        859.0,
        395.0
      ],
      [
        855.0,
        434.0
      ],
      [
        823.0,
        432.0
      ]
    ]
  ],