{
  "size": [
    1280,
    720
  ],
  "ids0": [
    5,
    27,
    15,
    10,
    12,
    13,
    14,
    22,
    6,
    7,
    23,
    21,
    4,
    30,
    29,
    31,
    11,
    3,
    1,
    28,
    19,
    37,
    20
  ],
  "ids1": [
    0,
    1,
    10,
    3,
    18,
    11,
    4,
    13,
    28,
    29,
    36
  ],
  "corners0": [
    [
      [
        953.0,
        309.0
      ],
      [
        985.0,
        316.0
      ],
      [
        979.0,
        351.0
      ],
      [
        946.0,
        344.0
      ]
    ],
    [
      [
        1017.0,
        478.0
      ],
      [
        1049.0,
        484.0
      ],
      [
        1040.0,
        519.0
      ],
      [
        1008.0,
        513.0
      ]
    ],
    [
      [
        846.0,
        343.0
      ],
      [
        879.0,
        349.0
      ],
      [
        872.0,
        384.0
      ],
      [
        840.0,
        377.0
      ]
    ],
    [
      [
        1082.8974609375,
        384.1628723144531
      ],
      [
        1113.0,
        392.0
      ],
      [
        1105.0,
        428.0
      ],
      [
        1075.0,
        422.0
      ]
    ],
    [
      [
        993.0,
        369.0
      ],
      [
        1024.0,
        376.0
      ],
      [
        1017.0,
        411.0
      ],
      [
        985.0,
        404.0
      ]
    ],
    [
      [
        944.0,
        361.0
      ],
      [
        977.0,
        368.0
      ],
      [
        970.0,
        402.0
      ],
      [
        938.0,
        395.0
      ]
    ],
    [
      [
        895.0,
        352.0
      ],
      [
        928.0,
        359.0
      ],
      [
        921.0,
        393.0
      ],
      [
        889.0,
        386.0
      ]
    ],
    [
      [
        886.0,
        403.0
      ],
      [
        919.0,
        409.0
      ],
      [
        912.0,
        443.0
      ],
      [
        879.0,
        436.0
      ]
    ],
    [
      [
        904.0,
        301.0
      ],
      [
        936.0,
        307.0
      ],
      [
        930.0,
        342.0
      ],
      [
        898.0,
        335.0
      ]
    ],
    [
      [
        854.0,
        293.0
      ],
      [
        887.0,
        299.0
      ],
      [
        881.0,
        333.0
      ],
      [
        848.0,
        326.0
      ]
    ],
    [
      [
        837.0,
        394.0
      ],
      [
        870.0,
        401.0
      ],
      [
        863.0,
        434.0
      ],
      [
        830.0,
        427.0
      ]
    ],
    [
      [
        935.0,
        412.0
      ],
      [
        967.0,
        418.0
      ],
      [
        960.0,
        452.0
      ],
      [
        928.0,
        446.0
      ]
    ],
    [
      [
        1001.0,
        318.0
      ],
      [
        1032.0,
        325.0
      ],
      [
        1025.0,
        360.0
      ],
      [
        995.0,
        353.0
      ]
    ],
    [
      [
        876.0,
        453.0
      ],
      [
        909.0,
        460.0
      ],
      [
        900.0,
        493.0
      ],
      [
        869.0,
        486.0
      ]
    ],
    [
      [
        925.0,
        462.0
      ],
      [
        957.0,
        469.0
      ],
      [
        948.0,
        502.0
      ],
      [
        917.0,
        495.0
      ]
    ],
    [
      [
        828.0,
        443.0
      ],
      [
        860.0,
        451.0
      ],
      [
        852.0,
        483.0
      ],
      [
        820.0,
        476.0
      ]
    ],
    [
      [
        1039.0,
        378.0
      ],
      [
        1069.0,
        385.0
      ],
      [
        1062.0,
        419.0
      ],
      [
        1032.0,
        413.0
      ]
    ],
    [
      [
        1047.0,
        327.0
      ],
      [
        1077.0,
        334.0
      ],
      [
        1071.0,
        368.0
      ],
      [
        1041.0,
        362.0
      ]
    ],
    [
      [
        1133.0,
        344.0
      ],
      [
        1161.0,
        350.0
      ],
      [
        1155.0,
        386.0
      ],
      [
        1125.1759033203125,
        380.49407958984375
      ]
    ],
    [
      [
        972.0,
        471.0
      ],
      [
        1003.0,
        477.0
      ],
      [
        994.0,
        510.0
      ],
      [
        964.0,
        504.0
      ]
    ],
    [
      [
        1029.0,
        429.0
      ],
      [
        1059.0,
        435.0
      ],
      [
        1051.0,
        469.0
      ],
      [
        1022.0,
        463.0
      ]
    ],
    [
      [
        913.0,
        511.0
      ],
      [
        945.0,
        518.0
      ],
      [
        936.0,
        549.0
      ],
      [
        905.0,
        542.0
      ]
    ],
    [
      [
        983.0,
        420.0
      ],
      [
        1014.0,
        427.0
      ],
      [
        1006.0,
        461.0
      ],
      [
        975.0,
        454.0
      ]
    ]
  ],
  "corners1": [
    [
      [
        791.0,
        573.0
      ],
      [
        850.0,
        616.0
      ],
      [
        817.0,
        680.0
      ],
      [
        764.0,
        635.0
      ]
    ],
    [
      [
        717.0,
        516.0
      ],
      [
        767.0,
        553.0
      ],
      [
        740.0,
        614.0
      ],
      [
        696.0,
        575.0
      ]
    ],
    [
      [
        630.0,
        547.0
      ],
      [
        668.0,
        583.0
      ],
      [
        648.0,
        635.0
      ],
      [
        614.0,
        598.0
      ]
    ],
    [
      [
        605.0,
        424.0
      ],
      [
        639.0,
        451.0
      ],
      [
        621.0,
        510.0
      ],
      [
        590.0,
        480.0
      ]
    ],
    [
      [
        607.0,
        618.0
      ],
      [
        641.0,
        655.0
      ],
      [
        624.0,
        698.0
      ],
      [
        594.0,
        662.0
      ]
    ],
    [
      [
        584.0,
        502.0
      ],
      [
        615.0,
        532.0
      ],
      [
        599.0,
        582.0
      ],
      [
        571.0,
        551.0
      ]
    ],
    [
      [
        564.0,
        391.0
      ],
      [
        590.0,
        412.0
      ],
      [
        576.0,
        466.0
      ],
      [
        551.0,
        443.0
      ]
    ],
    [
      [
        513.0,
        429.0
      ],
      [
        535.0,
        450.0
      ],
      [
        524.0,
        499.0
      ],
      [
        503.0,
        474.0
      ]
    ],
    [
      [
        516.0,
        586.0
      ],
      [
        539.0,
        615.0
      ],
      [
        529.0,
        654.0
      ],
      [
        507.0,
        623.0
      ]
    ],
    [
      [
        488.0,
        548.0
      ],
      [
        507.0,
        573.0
      ],
      [
        499.0,
        611.0
      ],
      [
        481.0,
        585.0
      ]
    ],
    [
      [
        504.0,
        638.0
      ],
      [
        526.0,
        669.0
      ],
      [
        517.0,
        700.0
      ],
      [
        497.0,
        671.0
      ]
    ]
  ]
}