{
  "size": [
    1280,
    720
  ],
  "ids0": [
    15,
    7,
    31,
    39,
    14,
    6,
    22,
    30,
    38,
    13,
    21,
    5,
    20,
    4,
    37,
    12,
    27
  ],
  "ids1": [
    8,
    1,
    9,
    17,
    2,
    10,
    0,
    24,
    18,
    25,
    3,
    11,
    32,
    26,
    19,
    33,
    4,
    12,
    27,
    34,
    20,
    35,
    28,
    5,
    13,
    21,
    29,
    7,
    37,
    15,
    23,
    36
  ],
  "corners0": [
    [
      [
        616.0,
        346.0
      ],
      [
        660.0,
        342.0
      ],
      [
        665.0,
        393.0
      ],
      [
        622.0,
        399.0
      ]
    ],
    [
      [
        611.0,
        272.0
      ],
      [
        655.0,
        273.0
      ],
      [
        658.0,
        323.0
      ],
      [
        614.0,
        324.0
      ]
    ],
    [
      [
        629.0,
        492.0
      ],
      [
        669.35595703125,
        481.4098205566406
      ],
      [
        676.0,
        531.0
      ],
      [
        634.0,
        541.0
      ]
    ],
    [
      [
        635.0,
        561.0
      ],
      [
        677.0,
        551.0
      ],
      [
        681.0,
        595.0
      ],
      [
        640.0,
        607.0
      ]
    ],
    [
      [
        679.0,
        342.0
      ],
      [
        717.0,
        338.0
      ],
      [
        722.0,
        386.0
      ],
      [
        685.6572265625,
        393.54595947265625
      ]
    ],
    [
      [
        674.0,
        271.0
      ],
      [
        712.0,
        272.0
      ],
      [
        715.0,
        320.0
      ],
      [
        677.0,
        320.0
      ]
    ],
    [
      [
        685.0,
        412.0
      ],
      [
        723.0,
        406.0
      ],
      [
        727.0,
        453.0
      ],
      [
        690.0,
        461.0
      ]
    ],
    [
      [
        690.0,
        480.0
      ],
      [
        728.0,
        472.0
      ],
      [
        731.0,
        517.0
      ],
      [
        694.0,
        527.0
      ]
    ],
    [
      [
        695.0,
        547.0
      ],
      [
        732.0,
        536.0
      ],
      [
        735.0,
        578.0
      ],
      [
        699.0,
        590.0
      ]
    ],
    [
      [
        735.0,
        338.0
      ],
      [
        768.0,
        335.0
      ],
      [
        773.0,
        379.0
      ],
      [
        740.0,
        385.0
      ]
    ],
    [
      [
        740.0,
        404.0
      ],
      [
        773.0,
        399.0
      ],
      [
        777.0,
        443.0
      ],
      [
        744.0,
        450.0
      ]
    ],
    [
      [
        730.0,
        271.0
      ],
      [
        763.0,
        273.0
      ],
      [
        766.0,
        317.0
      ],
      [
        733.0,
        317.0
      ]
    ],
    [
      [
        788.0,
        396.0
      ],
      [
        819.0,
        391.0
      ],
      [
        822.0,
        434.0
      ],
      [
        791.0,
        442.0
      ]
    ],
    [
      [
        778.0,
        270.0
      ],
      [
        809.0,
        272.0
      ],
      [
        812.0,
        316.0
      ],
      [
        781.0,
        316.0
      ]
    ],
    [
      [
        748.0,
        533.0
      ],
      [
        780.0,
        522.0
      ],
      [
        783.0,
        563.0
      ],
      [
        752.0,
        573.0
      ]
    ],
    [
      [
        784.0,
        335.0
      ],
      [
        813.0,
        332.0
      ],
      [
        817.0,
        374.0
      ],
      [
        788.0,
        378.0
      ]
    ],
    [
      [
        834.0,
        448.0
      ],
      [
        861.0,
        441.0
      ],
      [
        863.0,
        481.0
      ],
      [
        837.0,
        490.0
      ]
    ]
  ],
  "corners1": [
    [
      [
        540.0,
        377.0
      ],
      [
        589.8619995117188,
        384.21917724609375
      ],
      [
        582.0,
        431.0
      ],
      [
        535.0,
        425.0
      ]
    ],
    [
      [
        480.0,
        303.0
      ],
      [
        526.0,
        307.0
      ],
      [
        521.0,
        356.0
      ],
      [
        475.0,
        351.0
      ]
    ],
    [
      [
        474.0,
        370.0
      ],
      [
        520.0,
        376.0
      ],
      [
        515.0,
        423.0
      ],
      [
        470.0,
        417.0
      ]
    ],
    [
      [
        470.0,
        436.0
      ],
      [
        515.0,
        443.0
      ],
      [
        510.0,
        489.0
      ],
      [
        466.0,
        482.0
      ]
    ],
    [
      [
        418.0,
        297.0
      ],
      [
        461.0,
        303.0
      ],
      [
        453.7812805175781,
        351.47601318359375
      ],
      [
        412.0,
        344.0
      ]
    ],
    [
      [
        412.0,
        364.0
      ],
      [
        455.0,
        369.0
      ],
      [
        450.0,
        416.0
      ],
      [
        408.0,
        410.0
      ]
    ],
    [
      [
        548.0,
        310.0
      ],
      [
        592.0,
        315.0
      ],
      [
        587.0,
        360.0
      ],
      [
        543.0,
        355.0
      ]
    ],
    [
      [
        530.0,
        509.0
      ],
      [
        576.0,
        516.0
      ],
      [
        571.0,
        559.0
      ],
      [
        526.0,
        552.0
      ]
    ],
    [
      [
        408.0,
        429.0
      ],
      [
        450.0,
        435.0
      ],
      [
        447.0,
        480.0
      ],
      [
        405.0,
        473.0
      ]
    ],
    [
      [
        466.0,
        501.0
      ],
      [
        510.0,
        508.0
      ],
      [
        506.0,
        551.0
      ],
      [
        463.0,
        543.0
      ]
    ],
    [
      [
        360.0,
        293.0
      ],
      [
        399.0,
        297.0
      ],
      [
        394.0,
        344.0
      ],
      [
        355.0,
        339.0
      ]
    ],
    [
      [
        355.0,
        357.0
      ],
      [
        394.0,
        363.0
      ],
      [
        390.0,
        408.0
      ],
      [
        351.0,
        403.0
      ]
    ],
    [
      [
        526.0,
        571.0
      ],
      [
        570.0,
        577.0
      ],
      [
        566.0,
        617.0
      ],
      [
        522.0,
        610.0
      ]
    ],
    [
      [
        406.5458679199219,
        489.3865051269531
      ],
      [
        447.0,
        499.0
      ],
      [
        445.0,
        541.0
      ],
      [
        404.0,
        533.0
      ]
    ],
    [
      [
        351.0,
        421.0
      ],
      [
        390.0,
        427.0
      ],
      [
        388.0,
        471.0
      ],
      [
        349.0,
        464.0
      ]
    ],
    [
      [
        464.0,
        561.0
      ],
      [
        508.8949890136719,
        570.089599609375
      ],
      [
        504.0,
        608.0
      ],
      [
        462.0,
        601.0
      ]
    ],
    [
      [
        306.0,
        290.0
      ],
      [
        342.0,
        293.0
      ],
      [
        338.0,
        338.0
      ],
      [
        302.0,
        334.0
      ]
    ],
    [
      [
        302.0,
        352.0
      ],
      [
        338.0,
        357.0
      ],
      [
        334.0,
        401.0
      ],
      [
        299.0,
        395.0
      ]
    ],
    [
      [
        350.0,
        482.0
      ],
      [
        388.0,
        490.0
      ],
      [
        386.0,
        531.0
      ],
      [
        348.0,
        522.0
      ]
    ],
    [
      [
        405.0,
        551.0
      ],
      [
        445.0,
        559.0
      ],
      [
        443.0,
        598.0
      ],
      [
        404.0,
        590.0
      ]
    ],
    [
      [
        300.0,
        413.0
      ],
      [
        334.0,
        419.0
      ],
      [
        332.0,
