{
  "captured_total": 2927,
  "captured_during_recording": 1103,
  "written": 1099,
  "dropped": 0,
  "duration_written": 10.530773899999986,
  "written_fps": 104.26584127876883,
  "ts": [
    2000.7863756,
    2000.793611,
    2000.8051742,
    2000.8143719,
    2000.8212932,
    2000.8271319,
    2000.8363629,
    2000.8451024,
    2000.8647399,
    2000.8701411,
    2000.8775601,
    2000.8857232,
    2000.8942348,
    2000.9036147,
    2000.9099874,
    2000.9201567,
    2000.9350305,
    2000.9460462,
    2000.9765261,
    2000.9847416,
    2000.9948555,
    2001.0108124,
    2001.0191347,
    2001.0263433,
    2001.0356183,
    2001.0440672,
    2001.0522141,
    2001.0597311,
    2001.0693274,
    2001.0859159,
    2001.0940891,
    2001.1022854,
    2001.1108871,
    2001.118598,
    2001.1267371,
    2001.135644,
    2001.1435355,
    2001.1599527,
    2001.1682911,
    2001.1777725,
    2001.2604559,
    2001.2679666,
    2001.2764722,
    2001.2848901,
    2001.2934203,
    2001.3084171,
    2001.3192675,
    2001.3261079,
    2001.3357516,
    2001.3419907,
    2001.3519843,
    2001.3606194,
    2001.3666338,
    2001.3856538,
    2001.3943165,
    2001.4020416,
    2001.4096155,
    2001.4199159,
    2001.426891,
    2001.4351739,
    2001.4441798,
    2001.460046,
    2001.4689107,
    2001.476702,
    2001.488123,
    2001.4928685,
    2001.5018844,
    2001.5098603,
    2001.5192198,
    2001.5346898,
    2001.5434537,
    2001.5513031,
    2001.5586131,
    2001.5693694,
    2001.5762665,
    2001.5875952,
    2001.5946048,
    2001.6097181,
    2001.6209857,
    2001.6276054,
    2001.6379374,
    2001.6452152,
    2001.6553254,
    2001.6604324,
    2001.6712066,
    2001.684824,
    2001.695181,
    2001.7027687,
    2001.7099984,
    2001.7185953,
    2001.7252891,
    2001.7338822,
    2001.7428625,
    2001.7598727,
    2001.7687014,
    2001.7755553,
    2001.7846782,
    2001.7942953,
    2001.8032158,
    2001.809325,
    2001.8199795,
    2001.8353013,
    2001.8446697,
    2001.8520928,
    2001.8600738,
    2001.8698038,
    2001.8766412,
    2001.8866519,
    2001.8940692,
    2001.9020238,
    2001.9111883,
    2001.9186272,
    2001.9274792,
    2001.9365308,
    2001.9443363,
    2001.9517648,
    2001.9604032,
    2001.9683338,
    2001.9765093,
    2001.9937866,
    2001.9998706,
    2002.0103268,
    2002.017333,
    2002.0290008,
    2002.0358152,
    2002.0434456,
    2002.0519875,
    2002.0668115,
    2002.0761554,
    2002.0861949,
    2002.092895,
    2002.1017455,
    2002.1113057,
    2002.1178448,
    2002.1260867,
    2002.1427308,
    2002.1533115,
    2002.1596707,
    2002.1673815,
    2002.1778702,
    2002.1831226,
    2002.193314,
    2002.2033296,
    2002.2100185,
    2002.2191552,
    2002.2263896,
    2002.235665,
    2002.2439383,
    2002.2507372,
    2002.2596267,
    2002.2666298,
    2002.2754864,
    2002.283344,
    2002.2999789,
    2002.308456,
    2002.3173767,
    2002.3253457,
    2002.3333176,
    2002.3411014,
    2002.3509241,
    2002.3575839,
    2002.3746973,
    2002.3853379,
    2002.3908066,
    2002.3997566,
    2002.4075753,
    2002.4160557,
    2002.425754,
    2002.4328828,
    2002.4503157,
    2002.4580214,
    2002.4673064,
    2002.4744191,
    2002.4830348,
    2002.493019,
    2002.4995369,
    2002.5085437,
    2002.5260556,
    2002.5330298,
    2002.542119,
    2002.549343,
    2002.5579413,
    2002.5669033,
    2002.5759024,
    2002.5834908,
    2002.6007992,
    2002.6077889,
    2002.6166803,
    2002.6247492,
    2002.6334695,
    2002.641618,
    2002.6491861,
    2002.6602785,
    2002.6777648,
    2002.6830321,
    2002.692232,
    2002.6993155,
    2002.7077067,
    2002.7166232,
    2002.7255583,
    2002.7327267,
    2002.7496061,
    2002.7591884,
    2002.7676317,
    2002.7769144,
    2002.7826768,
    2002.7924359,
    2002.8009657,
    2002.8089274,
    2002.8256416,
    2002.8325068,
    2002.8421471,
    2002.8494868,
    2002.8584564,
    2002.8664001,
    2002.8761222,
    2002.8831244,
    2002.9002579,
    2002.9091589,
    2002.9194967,
    2002.9261079,
    2002.9324355,
    2002.9416934,
    2002.9494687,
    2002.958882,
    2002.9760094,
    2002.982976,
    2002.990834,
    2002.9996105,
    2003.0074172,
    2003.0164388,
    2003.0249396,
    2003.0355365,
    2003.0515832,
    2003.0606922,
    2003.0670161,
    2003.0769826,
    2003.084127,
    2003.0922682,
    2003.1006566,
    2003.1079511,
    2003.1251999,
    2003.1326315,
    2003.141774,
    2003.1493803,
    2003.1581962,
    2003.166235,
    2003.1747157,
    2003.276751,
    2003.2848886,
    2003.293777,
    2003.3023693,
    2003.3100012,
    2003.3197312,
    2003.3272221,
    2003.3358907,
    2003.350656,
    2003.3604821,
    2003.3677869,
    2003.3753358,
    2003.3848956,
    2003.3927551,
    2003.4009845,
    2003.4086335,
    2003.4261534,
    2003.4361369,
    2003.4425675,
    2003.4508796,
    2003.4582095,
    2003.4695404,
    2003.4779513,
    2003.4846768,
    2003.501752,
    2003.5100935,
    2003.51783,
    2003.5268485,
    2003.536072,
    2003.5444099,
    2003.5544217,
    2003.5601643,
    2003.5773725,
    2003.5843857,
    2003.5938757,
    2003.6019498,
    2003.609814,
    2003.6175387,
    2003.6258764,
    2003.633839,
    2003.6510468,
    2003.6588745,
    2003.6662282,
    2003.6757308,
    2003.6823547,
    2003.6927985,
    2003.6999966,
    2003.709699,
    2003.7268369,
    2003.7354478,
    2003.7416882,
    2003.7498979,
    2003.7604847,
    2003.7698415,
    2003.7763657,
    2003.7854684,
    2003.8048375,
    2003.811287,
    2003.8172876,
    2003.8265759,
    2003.836066,
    2003.8429403,
    2003.8517647,
    2003.8599265,
    2003.875895,
    2003.8862809,
    2003.8915551,
    2003.9023765,
    2003.9098475,
    2003.917823,
    2003.926684,
    2003.9339133,
    2003.9508076,
    2003.9587679,
    2003.9671848,
    2003.9750714,
    2003.9855822,
    2003.9931361,
    2004.0034384,
    2004.0096893,
    2004.0280545,
    2004.0349714,
    2004.0427014,
    2004.0516748,
    2004.0603004,
    2004.0705189,
    2004.0763272,
    2004.0848193,
    2004.1010883,
    2004.1100129,
    2004.1173418,
    2004.1257839,
    2004.1344467,
    2004.1430795,
    2004.1530762,
    2004.1590783,
    2004.17484,
    2004.1826857,
    2004.1909678,
    2004.1993115,
    2004.2079866,
    2004.2162255,
    2004.224716,
    2004.2328239,
    2004.2508962,
    2004.2574407,
    2004.2675518,
    2004.2745254,
    2004.2849451,
    2004.2923684,
    2004.300134,
    2004.3100906,
    2004.3253858,
    2004.3333811,
    2004.3435473,
    2004.351679,
    2004.3591157,
    2004.3662658,
    2004.3750425,
    2004.3840204,
    2004.3993256,
    2004.4076002,
    2004.4160023,
    2004.4242596,
    2004.4335025,
    2004.4418028,
    2004.4495472,
    2004.4594649,
    2004.4754029,
    2004.4848464,
    2004.4911964,
    2004.5009994,
    2004.5076538,
    2004.5185733,
    2004.5242974,
    2004.5338369,
    2004.5498595,
    2004.5584715,
    2004.5662472,
    2004.5749372,
    2004.5826252,
    2004.593926,
    2004.6012176,
    2004.6099233,
    2004.6248178,
    2004.6374048,
    2004.6429209,
    2004.6498657,
    2004.6594353,
    2004.6671576,
    2004.6752178,
    2004.6829179,
    2004.7002104,
    2004.7096923,
    2004.7159837,
    2004.7253042,
    2004.7321915,
    2004.7424654,
    2004.7495147,
    2004.7593238,
    2004.776978,
    2004.7834795,
    2004.792229,
    2004.8012698,
    2004.8092682,
    2004.8196628,
    2004.826054,
    2004.8352296,
    2004.8526499,
    2004.8628712,
    2004.8689401,
    2004.8778491,
    2004.8848101,
    2004.8928886,
    2004.9028641,
    2004.9093874,
    2004.927597,
    2004.9342804,
    2004.9462975,
    2004.9507759,
    2004.9597397,
    2004.967564,
    2004.9764684,
    2004.9845561,
    2004.999586,
    2005.009963,
    2005.0176109,
    2005.0257357,
    2005.0367334,
