{
  "version": 1,
  "rig_id": "rig_20260106_143528",
  "image_size": [
    1280,
    720
  ],
  "stereo_calib": {
    "camera_0": {
      "K": [
        [
          500.57476888505767,
          0.0,
          581.8364480279264
        ],
        [
          0.0,
          559.8587420453842,
          440.2867329228194
        ],
        [
          0.0,
          0.0,
          1.0
        ]
      ],
      "dist_coeffs": [
        7.716878404814299,
        -0.7697348193272211,
        -0.003096052562258856,
        0.06143638345154877,
        0.5351879993078772,
        9.86206956581892,
        0.40863776837468957,
        1.6675369015129788,
        0.0,
        0.0,
        0.0,
        0.0,
        0.0,
        0.0
      ],
      "R": [
        [
          1.0,
          0.0,
          0.0
        ],
        [
          0.0,
          1.0,
          0.0
        ],
        [
          0.0,
          0.0,
          1.0
        ]
      ],
      "t": [
        0.0,
        0.0,
        0.0
      ]
    },
    "camera_1": {
      "K": [
        [
          562.4648128872844,
          0.0,
          716.9025469644944
        ],
        [
          0.0,
          594.6920121661665,
          356.6201455239813
        ],
        [
          0.0,
          0.0,
          1.0
        ]
      ],
      "dist_coeffs": [
        -6.887878124862274,
        14.37982166396942,
        0.011064226719540365,
        -0.05486304411867419,
        -0.3872579598842064,
        -6.458656794512161,
        11.463895842438879,
        5.545969443418127,
        0.0,
        0.0,
        0.0,
        0.0,
        0.0,
        0.0
      ],
      "R": [
        [
          0.8190544411554566,
          -0.31148473802574095,
          0.4817956832523081
        ],
        [
          0.28299108605084977,
          0.9498558442213894,
          0.13300346015887013
        ],
        [
          -0.49906499340194493,
          0.027406808926016435,
          0.8661310519691633
        ]
      ],
      "t": [
        -1.6269485087891007,
        -0.17832960325410946,
        0.6237850050078725
      ]
    }
  },
  "ground_plane": {
    "offset_to_floor_m": 0.0,
    "world_up": [
      0.0,
      1.0,
      0.0
    ],
    "world_origin": [
      0.0,
      0.0,
      0.0
    ]
  }
}