{
  "version": 1,
  "rig_id": "rig_20260105_224627",
  "image_size": [
    1280,
    720
  ],
  "stereo_calib": {
    "camera_0": {
      "K": [
        [
          713.9313794337501,
          0.0,
          648.2951936306857
        ],
        [
          0.0,
          718.9380729750816,
          347.78456909669165
        ],
        [
          0.0,
          0.0,
          1.0
        ]
      ],
      "dist_coeffs": [
        -9.140126206648825,
        21.25071273049838,
        0.007123242644280832,
        0.0018508979098392636,
        0.11811230403621313,
        -8.685119700054987,
        17.113595178923234,
        9.706235744594286,
        0.0,
        0.0,
        0.0,
        0.0,
        0.0,
        0.0
      ],
      "R": [
        [
          1.0,
          0.0,
          0.0
        ],
        [
          0.0,
          1.0,
          0.0
        ],
        [
          0.0,
          0.0,
          1.0
        ]
      ],
      "t": [
        0.0,
        0.0,
        0.0
      ]
    },
    "camera_1": {
      "K": [
        [
          589.3755130931321,
          0.0,
          547.322096267799
        ],
        [
          0.0,
          603.1589897849701,
          371.59643232074427
        ],
        [
          0.0,
          0.0,
          1.0
        ]
      ],
      "dist_coeffs": [
        69.03802410032063,
        210.79366725437464,
        0.0025651301256696094,
        0.0465209901329963,
        35.60139455915351,
        75.40856064012843,
        237.598570994161,
        145.7062880936262,
        0.0,
        0.0,
        0.0,
        0.0,
        0.0,
        0.0
      ],
      "R": [
        [
          0.8222659935210194,
          0.2236885612511809,
          -0.5232992102652817
        ],
        [
          -0.24771575776027985,
          0.9685162686373433,
          0.02476167890204159
        ],
        [
          0.5123627028347605,
          0.10926877390258458,
          0.8517891733249987
        ]
      ],
      "t": [
        1.2821191217435954,
        -0.12119805115778509,
        0.0862622488279573
      ]
    }
  },
  "ground_plane": {
    "offset_to_floor_m": 0.0,
    "world_up": [
      0.0,
      1.0,
      0.0
    ],
    "world_origin": [
      0.0,
      0.0,
      0.0
    ]
  }
}