{
  "version": 1,
  "rig_id": "rig_20260108_210726",
  "image_size": [
    1280,
    720
  ],
  "stereo_calib": {
    "camera_0": {
      "K": [
        [
          816.0449127676907,
          0.0,
          655.3801994372539
        ],
        [
          0.0,
          824.8853706539935,
          292.91440997550677
        ],
        [
          0.0,
          0.0,
          1.0
        ]
      ],
      "dist_coeffs": [
        -1.0252894037794587,
        1.1380768632161482,
        0.08231953920891887,
        0.051388800602058096,
        -0.872801535086887
      ],
      "R": [
        [
          1.0,
          0.0,
          0.0
        ],
        [
          0.0,
          1.0,
          0.0
        ],
        [
          0.0,
          0.0,
          1.0
        ]
      ],
      "t": [
        0.0,
        0.0,
        0.0
      ]
    },
    "camera_1": {
      "K": [
        [
          489.1572357564528,
          0.0,
          649.4819046151308
        ],
        [
          0.0,
          524.0317360800329,
          333.87447570052
        ],
        [
          0.0,
          0.0,
          1.0
        ]
      ],
      "dist_coeffs": [
        -0.2855357191095669,
        0.0724249847950556,
        0.020301285152818774,
        -0.02874339114776086,
        -0.011746152438322655
      ],
      "R": [
        [
          0.6729290424611682,
          -0.3063964269619925,
          0.6732664653443089
        ],
        [
          0.3613489840885726,
          0.930352032481714,
          0.06222545584646187
        ],
        [
          -0.6454404817722944,
          0.20141083685360095,
          0.7367769399808061
        ]
      ],
      "t": [
        -1.8464677578820203,
        -0.33033197788217317,
        0.07968266297764526
      ]
    }
  },
  "ground_plane": {
    "offset_to_floor_m": 0.0,
    "world_up": [
      0.0,
      1.0,
      0.0
    ],
    "world_origin": [
      0.0,
      0.0,
      0.0
    ]
  }
}