{
  "version": 1,
  "rig_id": "rig_20251220_181146",
  "image_size": [
    1280,
    720
  ],
  "stereo_calib": {
    "camera_0": {
      "K": [
        [
          640.2539219875846,
          0.0,
          596.3513470443784
        ],
        [
          0.0,
          651.2409670587682,
          348.465733955718
        ],
        [
          0.0,
          0.0,
          1.0
        ]
      ],
      "dist_coeffs": [
        -13.610236595470221,
        45.42703120553982,
        -0.0005620885732393373,
        0.02440427865350774,
        7.467055177028685,
        -13.188575352142742,
        39.59102270114996,
        27.74917583843893,
        0.0,
        0.0,
        0.0,
        0.0,
        0.0,
        0.0
      ],
      "R": [
        [
          1.0,
          0.0,
          0.0
        ],
        [
          0.0,
          1.0,
          0.0
        ],
        [
          0.0,
          0.0,
          1.0
        ]
      ],
      "t": [
        0.0,
        0.0,
        0.0
      ]
    },
    "camera_1": {
      "K": [
        [
          641.8692391306043,
          0.0,
          641.2923194015486
        ],
        [
          0.0,
          663.2347555614002,
          372.1106735070584
        ],
        [
          0.0,
          0.0,
          1.0
        ]
      ],
      "dist_coeffs": [
        -1.4112685060744945,
        0.596300096785497,
        -0.001259686377440076,
        -0.01949081734259071,
        0.056597819380075715,
        -0.997897331539062,
        -0.022334134037783136,
        0.3518007909723336,
        0.0,
        0.0,
        0.0,
        0.0,
        0.0,
        0.0
      ],
      "R": [
        [
          0.9331809165532978,
          -0.11317240565159724,
          0.34112370715002666
        ],
        [
          0.12524776335910362,
          0.9920335294673376,
          -0.013508300637718483
        ],
        [
          -0.33687738830958786,
          0.05533066971949036,
          0.9399213489617648
        ]
      ],
      "t": [
        -1.227392103682007,
        -0.09268250999544757,
        0.10659140474581988
      ]
    }
  },
  "ground_plane": {
    "offset_to_floor_m": 0.0,
    "world_up": [
      0.0,
      1.0,
      0.0
    ],
    "world_origin": [
      0.0,
      0.0,
      0.0
    ]
  }
}