{
  "image_size": [
    1280,
    720
  ],
  "K0": [
    [
      674.5322471879589,
      0.0,
      708.4972438643263
    ],
    [
      0.0,
      798.2699658985118,
      401.68697151951284
    ],
    [
      0.0,
      0.0,
      1.0
    ]
  ],
  "D0": [
    [
      -0.24768924537302717,
      -0.9933342523388071,
      -0.009304612848616334,
      -0.13422077650187997,
      0.6719182588824385
    ]
  ],
  "K1": [
    [
      1009.7899385889192,
      0.0,
      636.1913571865746
    ],
    [
      0.0,
      899.8211533653944,
      227.39772885974708
    ],
    [
      0.0,
      0.0,
      1.0
    ]
  ],
  "D1": [
    [
      -1.8895514906566746,
      1.4428287203963879,
      0.2064078566529014,
      0.05179427601003681,
      -0.48760877756551546
    ]
  ],
  "R": [
    [
      0.762273078835514,
      -0.11728608390313161,
      0.6365404368972121
    ],
    [
      -0.00853769849490768,
      0.981537754509693,
      0.1910778484714528
    ],
    [
      -0.6471992436545613,
      -0.15108809018164535,
      0.7471984529013873
    ]
  ],
  "T": [
    [
      -0.38916790455462075
    ],
    [
      0.029493769087867484
    ],
    [
      0.2259123133194161
    ]
  ],
  "E": [
    [
      -0.017159573828781822,
      -0.22619762197537424,
      -0.02112914013959741
    ],
    [
      -0.07966229886153642,
      -0.08529500599388208,
      0.4345879788228884
    ],
    [
      -0.019159707936090092,
      -0.3785237824879258,
      -0.09313534255737729
    ]
  ],
  "F": [
    [
      2.6768867954501886e-07,
      2.981703600135153e-06,
      -0.0011650330715562219
    ],
    [
      1.394604889022791e-06,
      1.2617545499461063e-06,
      -0.006626811045066097
    ],
    [
      -0.0001856143939631019,
      0.0028546386545406557,
      1.0
    ]
  ],
  "rms0": 49.24560225045729,
  "rms1": 49.46929459555683,
  "rms_stereo": 52.33195765227767
}