{
  "image_size": [
    1280,
    720
  ],
  "K0": [
    [
      1247.892624135687,
      0.0,
      838.923752917474
    ],
    [
      0.0,
      2331.1758316433998,
      185.3101681654017
    ],
    [
      0.0,
      0.0,
      1.0
    ]
  ],
  "D0": [
    [
      -0.40741697420148243,
      21.622315670061415,
      -0.05653534729560366,
      0.441401085630723,
      -53.849634559680396
    ]
  ],
  "K1": [
    [
      736.4338269806975,
      0.0,
      673.7231379866865
    ],
    [
      0.0,
      881.0098463167644,
      262.74037942620845
    ],
    [
      0.0,
      0.0,
      1.0
    ]
  ],
  "D1": [
    [
      -1.6097134037566407,
      3.3883172011956737,
      0.045010292894878304,
      0.16254286578693794,
      -3.855031931491206
    ]
  ],
  "R": [
    [
      0.6554381168598234,
      -0.4091844877789556,
      0.6347983380005986
    ],
    [
      0.32707584055250044,
      0.9113939483029,
      0.24976482042859066
    ],
    [
      -0.6807512537587601,
      0.043921816423328666,
      0.7311966934744383
    ]
  ],
  "T": [
    [
      -0.408673860401849
    ],
    [
      -0.12837641583797665
    ],
    [
      2.232771214147663
    ]
  ],
  "E": [
    [
      -0.6428931155940154,
      -2.0405726978886194,
      -0.6515361121405455
    ],
    [
      1.1852381171327748,
      -0.8956656473150253,
      1.7161804313117814
    ],
    [
      -0.04952455015671295,
      -0.42499252115739,
      -0.02057921794470545
    ]
  ],
  "F": [
    [
      3.5573214111845533e-06,
      6.044196689857479e-06,
      0.0003944622149790745
    ],
    [
      -5.4820489342713225e-06,
      2.2176111739774823e-06,
      -0.0057174489887152295
    ],
    [
      -0.0007544860241669613,
      -0.0037277246298244764,
      1.0
    ]
  ],
  "rms0": 65.0560719463424,
  "rms1": 72.89856883302296,
  "rms_stereo": 216.128674505861
}