{
  "image_size": [
    1280,
    720
  ],
  "K": [
    [
      709.5254903536829,
      0.0,
      661.8581875971831
    ],
    [
      0.0,
      705.4341575834196,
      357.47660733177577
    ],
    [
      0.0,
      0.0,
      1.0
    ]
  ],
  "D": [
    [
      -8.135110215092224
    ],
    [
      18.449773188413022
    ],
    [
      -0.002534023548410211
    ],
    [
      -0.004655835002236446
    ],
    [
      7.47456773236315
    ],
    [
      -7.632936145440673
    ],
    [
      14.175060977511183
    ],
    [
      18.200015832086084
    ],
    [
      0.0
    ],
    [
      0.0
    ],
    [
      0.0
    ],
    [
      0.0
    ],
    [
      0.0
    ],
    [
      0.0
    ]
  ],
  "rms": 5.81334533825408,
  "num_keyframes": 32,
  "model": "pinhole_rational"
}