{
  "image_size": [
    1280,
    720
  ],
  "K": [
    [
      677.254979292989,
      0.0,
      630.8881291300822
    ],
    [
      0.0,
      678.6867230688689,
      382.8485347067853
    ],
    [
      0.0,
      0.0,
      1.0
    ]
  ],
  "D": [
    [
      1.3923255854876846
    ],
    [
      0.7502327959021925
    ],
    [
      -0.00017199581544602853
    ],
    [
      1.3610501938644828e-05
    ],
    [
      0.052322943776599046
    ],
    [
      1.7647370732601804
    ],
    [
      1.1741459408830164
    ],
    [
      0.2305472102150329
    ],
    [
      0.0
    ],
    [
      0.0
    ],
    [
      0.0
    ],
    [
      0.0
    ],
    [
      0.0
    ],
    [
      0.0
    ]
  ],
  "rms": 41.98045415052691,
  "num_keyframes": 45,
  "model": "pinhole_rational"
}