{
  "image_size": [
    1280,
    720
  ],
  "K": [
    [
      675.7143085580304,
      0.0,
      632.8101125941084
    ],
    [
      0.0,
      677.5627569759293,
      384.07217278267063
    ],
    [
      0.0,
      0.0,
      1.0
    ]
  ],
  "D": [
    [
      5.517400091011557
    ],
    [
      2.2762168126736193
    ],
    [
      -0.00032258408693782223
    ],
    [
      -0.00013851769282117652
    ],
    [
      0.061889016206312535
    ],
    [
      5.893265865287575
    ],
    [
      4.203151163455986
    ],
    [
      0.4481975557253806
    ],
    [
      0.0
    ],
    [
      0.0
    ],
    [
      0.0
    ],
    [
      0.0
    ],
    [
      0.0
    ],
    [
      0.0
    ]
  ],
  "rms": 0.4191320428504985,
  "num_keyframes": 45,
  "model": "pinhole_rational"
}