{
  "version": 1,
  "rig_id": "rig_20251127_172901",
  "image_size": [
    1280,
    720
  ],
  "stereo_calib": {
    "camera_0": {
      "K": [
        [
          617.723766206403,
          0.0,
          629.3126237191289
        ],
        [
          0.0,
          623.3365939826022,
          371.6066460431852
        ],
        [
          0.0,
          0.0,
          1.0
        ]
      ],
      "dist_coeffs": [
        3.5084134339011928,
        11.678574587226974,
        -0.00458731839440347,
        0.014366245532006513,
        0.557071019288767,
        3.7471464497133544,
        13.239786957257088,
        3.9893998675416,
        0.0,
        0.0,
        0.0,
        0.0,
        0.0,
        0.0
      ],
      "R": [
        [
          1.0,
          0.0,
          0.0
        ],
        [
          0.0,
          1.0,
          0.0
        ],
        [
          0.0,
          0.0,
          1.0
        ]
      ],
      "t": [
        0.0,
        0.0,
        0.0
      ]
    },
    "camera_1": {
      "K": [
        [
          627.627426838605,
          0.0,
          623.4336004997652
        ],
        [
          0.0,
          646.3965879986878,
          380.08490691306463
        ],
        [
          0.0,
          0.0,
          1.0
        ]
      ],
      "dist_coeffs": [
        -2.630388320653543,
        3.5679026972215158,
        0.0014767662156822815,
        -0.02069727638324918,
        -0.19897925981339432,
        -2.2779112298675095,
        2.7016629903791594,
        0.9535962859509972,
        0.0,
        0.0,
        0.0,
        0.0,
        0.0,
        0.0
      ],
      "R": [
        [
          0.8544644466590843,
          -0.18436184065316719,
          0.48569663485200426
        ],
        [
          0.21413133901535403,
          0.9767868125451491,
          -0.005940748217122413
        ],
        [
          -0.4733268205448287,
          0.10907902891419559,
          0.8741072510876795
        ]
      ],
      "t": [
        -1.1629292699760758,
        -0.03311280095395539,
        0.20681151591509359
      ]
    }
  },
  "ground_plane": {
    "normal_cam": [
      0.0029562223975952745,
      0.9448484286282376,
      0.3274945918147141
    ],
    "d": -1.606155049114173,
    "num_points": 320,
    "num_views": 80,
    "offset_to_floor_m": 0.0,
    "world_up": [
      0.0,
      1.0,
      0.0
    ],
    "world_origin": [
      0.0,
      0.0,
      0.0
    ]
  }
}