{
  "version": 1,
  "rig_id": "rig_20251126_171308",
  "image_size": [
    1280,
    720
  ],
  "stereo_calib": {
    "camera_0": {
      "K": [
        [
          651.4481460197127,
          0.0,
          623.6609438293766
        ],
        [
          0.0,
          648.8440269008471,
          338.2508168841521
        ],
        [
          0.0,
          0.0,
          1.0
        ]
      ],
      "dist_coeffs": [
        -3.154478567074165,
        2.1732558042154806,
        0.0021825361162300765,
        0.004431725837828078,
        0.5198425938566165,
        -2.792639569058712,
        0.9657602330432293,
        1.5288829864196416,
        0.0,
        0.0,
        0.0,
        0.0,
        0.0,
        0.0
      ],
      "R": [
        [
          1.0,
          0.0,
          0.0
        ],
        [
          0.0,
          1.0,
          0.0
        ],
        [
          0.0,
          0.0,
          1.0
        ]
      ],
      "t": [
        0.0,
        0.0,
        0.0
      ]
    },
    "camera_1": {
      "K": [
        [
          643.9531232794751,
          0.0,
          631.1326397104276
        ],
        [
          0.0,
          641.9076298971246,
          371.1303733750238
        ],
        [
          0.0,
          0.0,
          1.0
        ]
      ],
      "dist_coeffs": [
        -5.310284388683939,
        21.887812589854377,
        0.00015703960468769264,
        -0.00559667406185547,
        2.3039321600502825,
        -4.9996736698503454,
        20.21219463991214,
        9.772952206729911,
        0.0,
        0.0,
        0.0,
        0.0,
        0.0,
        0.0
      ],
      "R": [
        [
          0.9207521228305706,
          -0.13140081260555606,
          0.36735453549615715
        ],
        [
          0.1472280465578166,
          0.9889847959702782,
          -0.01526353977282453
        ],
        [
          -0.3613024088070369,
          0.06813882730299035,
          0.9299557352928182
        ]
      ],
      "t": [
        -0.72003515117146,
        -0.010139862700504196,
        0.07768951253801416
      ]
    }
  },
  "ground_plane": {
    "normal_cam": [
      -0.36912906699920206,
      0.8714217637938515,
      -0.3230601205390595
    ],
    "d": -0.0003670300507350177,
    "num_points": 320,
    "num_views": 20,
    "offset_to_floor_m": 0.0,
    "world_up": [
      0.0,
      1.0,
      0.0
    ],
    "world_origin": [
      0.0,
      0.0,
      0.0
    ]
  }
}