{
  "version": 1,
  "rig_id": "rig_20251127_164910",
  "image_size": [
    1280,
    720
  ],
  "stereo_calib": {
    "camera_0": {
      "K": [
        [
          650.6219133091083,
          0.0,
          641.0298599708015
        ],
        [
          0.0,
          651.2858818683097,
          354.28131593265334
        ],
        [
          0.0,
          0.0,
          1.0
        ]
      ],
      "dist_coeffs": [
        -32.2204888160402,
        257.9532883021604,
        0.004835424713363493,
        0.014884301863418454,
        30.485558307771697,
        -31.808031947174495,
        244.55002955469232,
        139.4206764960866,
        0.0,
        0.0,
        0.0,
        0.0,
        0.0,
        0.0
      ],
      "R": [
        [
          1.0,
          0.0,
          0.0
        ],
        [
          0.0,
          1.0,
          0.0
        ],
        [
          0.0,
          0.0,
          1.0
        ]
      ],
      "t": [
        0.0,
        0.0,
        0.0
      ]
    },
    "camera_1": {
      "K": [
        [
          591.363809843884,
          0.0,
          643.8964042640415
        ],
        [
          0.0,
          601.8320467794665,
          372.26196674153556
        ],
        [
          0.0,
          0.0,
          1.0
        ]
      ],
      "dist_coeffs": [
        35.08682525379076,
        -28.458689521091046,
        0.0006689099608393256,
        -0.02686186855218064,
        -1.4776421521649836,
        34.427543252146805,
        -15.323884165952553,
        -12.057348038696693,
        0.0,
        0.0,
        0.0,
        0.0,
        0.0,
        0.0
      ],
      "R": [
        [
          0.8410428794602578,
          -0.16723448242838215,
          0.5144701184676419
        ],
        [
          0.20122874819778172,
          0.9794872461769848,
          -0.010570027217582906
        ],
        [
          -0.5021492465472313,
          0.11241602405145726,
          0.857443159473857
        ]
      ],
      "t": [
        -1.2058121665785022,
        -0.02915693524811542,
        0.14511381433533832
      ]
    }
  },
  "ground_plane": {
    "normal_cam": [
      -0.1019227156177336,
      0.897445068065001,
      -0.42919006261435316
    ],
    "d": -0.011391228149868024,
    "num_points": 320,
    "num_views": 80,
    "offset_to_floor_m": 0.0,
    "world_up": [
      0.0,
      1.0,
      0.0
    ],
    "world_origin": [
      0.0,
      0.0,
      0.0
    ]
  }
}