{
  "version": 1,
  "rig_id": "rig_20251126_181927",
  "image_size": [
    1280,
    720
  ],
  "stereo_calib": {
    "camera_0": {
      "K": [
        [
          613.9560101768324,
          0.0,
          630.144008968225
        ],
        [
          0.0,
          616.0399352622401,
          347.6692959459094
        ],
        [
          0.0,
          0.0,
          1.0
        ]
      ],
      "dist_coeffs": [
        -2.0177560695665666,
        0.9060740345482841,
        -0.002478017744876763,
        0.017398803544082662,
        0.20028559229101908,
        -1.6272724376688767,
        0.053317580007745724,
        0.6931615314601789,
        0.0,
        0.0,
        0.0,
        0.0,
        0.0,
        0.0
      ],
      "R": [
        [
          1.0,
          0.0,
          0.0
        ],
        [
          0.0,
          1.0,
          0.0
        ],
        [
          0.0,
          0.0,
          1.0
        ]
      ],
      "t": [
        0.0,
        0.0,
        0.0
      ]
    },
    "camera_1": {
      "K": [
        [
          665.9159726648954,
          0.0,
          625.4991539618277
        ],
        [
          0.0,
          686.2931973683436,
          381.89601580666033
        ],
        [
          0.0,
          0.0,
          1.0
        ]
      ],
      "dist_coeffs": [
        97.81193266553244,
        -45.3357384770577,
        -0.009564267973408242,
        -0.033119855491939514,
        -6.7304100436383845,
        101.50464124488705,
        3.7480531531747583,
        -34.96733846585276,
        0.0,
        0.0,
        0.0,
        0.0,
        0.0,
        0.0
      ],
      "R": [
        [
          0.8482248274216689,
          -0.15781690148971422,
          0.5055773607962147
        ],
        [
          0.24117636175573937,
          0.9649553333501882,
          -0.10341744132056174
        ],
        [
          -0.47153855057221444,
          0.20965454977942388,
          0.8565607772254356
        ]
      ],
      "t": [
        -1.1517371999323767,
        -0.06536052139783441,
        0.2601625224533841
      ]
    }
  },
  "ground_plane": {
    "normal_cam": [
      0.33872695413140175,
      0.8281032010907621,
      -0.44666445894888057
    ],
    "d": -0.06465920638951772,
    "num_points": 320,
    "num_views": 20,
    "offset_to_floor_m": 0.0,
    "world_up": [
      0.0,
      1.0,
      0.0
    ],
    "world_origin": [
      0.0,
      0.0,
      0.0
    ]
  }
}