{
  "version": 1,
  "rig_id": "rig_20251126_151347",
  "image_size": [
    1280,
    720
  ],
  "stereo_calib": {
    "camera_0": {
      "K": [
        [
          603.1109105826282,
          0.0,
          638.8895729699607
        ],
        [
          0.0,
          602.5855458799967,
          340.2728083673083
        ],
        [
          0.0,
          0.0,
          1.0
        ]
      ],
      "dist_coeffs": [
        -1.4240733098147493,
        0.47755626628596737,
        0.00019848570076846675,
        0.004739062789602536,
        0.08822484479410185,
        -1.0937758629997347,
        -0.03690762234130469,
        0.31324993738741935,
        0.0,
        0.0,
        0.0,
        0.0,
        0.0,
        0.0
      ],
      "R": [
        [
          1.0,
          0.0,
          0.0
        ],
        [
          0.0,
          1.0,
          0.0
        ],
        [
          0.0,
          0.0,
          1.0
        ]
      ],
      "t": [
        0.0,
        0.0,
        0.0
      ]
    },
    "camera_1": {
      "K": [
        [
          621.3279113125511,
          0.0,
          620.8326094341527
        ],
        [
          0.0,
          621.0898045410154,
          371.0720252824855
        ],
        [
          0.0,
          0.0,
          1.0
        ]
      ],
      "dist_coeffs": [
        -1.5223512999192057,
        0.4730428363066066,
        -0.0009965035922527283,
        -0.005909733357013792,
        0.08437903835784458,
        -1.1743215812128311,
        -0.09996209259719209,
        0.32023274414977865,
        0.0,
        0.0,
        0.0,
        0.0,
        0.0,
        0.0
      ],
      "R": [
        [
          0.9116086854370299,
          -0.13114344728922853,
          0.3895779779054094
        ],
        [
          0.14761123816569552,
          0.9889665485052772,
          -0.012493530515812989
        ],
        [
          -0.383641143522121,
          0.06889529861069316,
          0.920908741855773
        ]
      ],
      "t": [
        -0.6761634734102228,
        -0.008054227948350685,
        0.116001697664388
      ]
    }
  },
  "ground_plane": {
    "normal_cam": [
      -0.48023111696310733,
      0.8269428611903477,
      -0.29247833873073
    ],
    "d": -0.013149023374389612,
    "num_points": 320,
    "num_views": 20,
    "offset_to_floor_m": 0.0,
    "world_up": [
      0.0,
      1.0,
      0.0
    ],
    "world_origin": [
      0.0,
      0.0,
      0.0
    ]
  }
}