{
  "version": 1,
  "rig_id": "rig_20251130_134934",
  "image_size": [
    1280,
    720
  ],
  "stereo_calib": {
    "camera_0": {
      "K": [
        [
          653.5107291474694,
          0.0,
          617.3557382436126
        ],
        [
          0.0,
          656.9335321505831,
          352.2526379799036
        ],
        [
          0.0,
          0.0,
          1.0
        ]
      ],
      "dist_coeffs": [
        -21.615001210894444,
        115.68418393241748,
        -0.0024116109470100054,
        0.015342346653899082,
        13.053035410384167,
        -21.21075723858737,
        106.88015580792133,
        61.010629163665534,
        0.0,
        0.0,
        0.0,
        0.0,
        0.0,
        0.0
      ],
      "R": [
        [
          1.0,
          0.0,
          0.0
        ],
        [
          0.0,
          1.0,
          0.0
        ],
        [
          0.0,
          0.0,
          1.0
        ]
      ],
      "t": [
        0.0,
        0.0,
        0.0
      ]
    },
    "camera_1": {
      "K": [
        [
          625.1284884027972,
          0.0,
          654.1647462408666
        ],
        [
          0.0,
          626.9167123206315,
          381.07507439249866
        ],
        [
          0.0,
          0.0,
          1.0
        ]
      ],
      "dist_coeffs": [
        -1.5941246199372119,
        0.5699119709898341,
        -0.001112867363256289,
        -0.014908956309278593,
        0.058590100118669546,
        -1.2260272476102096,
        -0.04724245990119225,
        0.319299646101709,
        0.0,
        0.0,
        0.0,
        0.0,
        0.0,
        0.0
      ],
      "R": [
        [
          0.8521640978709548,
          -0.25520463052967285,
          0.4568226645603249
        ],
        [
          0.22836431726667464,
          0.9668613443096673,
          0.11414411714595091
        ],
        [
          -0.47081428281128807,
          0.007052477289305865,
          0.8822041564541488
        ]
      ],
      "t": [
        -1.1019776990935555,
        -0.12983946914203756,
        0.2147979610994296
      ]
    }
  },
  "ground_plane": {
    "normal_cam": [
      -0.008077060758871112,
      0.9376283121931421,
      0.3475455499115723
    ],
    "d": -1.6569476774203489,
    "num_points": 320,
    "num_views": 80,
    "offset_to_floor_m": 0.0,
    "world_up": [
      0.0,
      1.0,
      0.0
    ],
    "world_origin": [
      0.0,
      0.0,
      0.0
    ]
  }
}