{
  "image_size": [
    1280,
    720
  ],
  "K0": [
    [
      681.5097491671116,
      0.0,
      665.5506667962419
    ],
    [
      0.0,
      680.5364120656541,
      353.1301319553142
    ],
    [
      0.0,
      0.0,
      1.0
    ]
  ],
  "D0": [
    [
      13.711575266215359
    ],
    [
      22.965909780075638
    ],
    [
      -0.0016335174908209767
    ],
    [
      -0.001488152627230833
    ],
    [
      1.2761790623719784
    ]
  ],
  "K1": [
    [
      677.0827895079439,
      0.0,
      606.8847546462248
    ],
    [
      0.0,
      677.0902792247032,
      367.7573841427433
    ],
    [
      0.0,
      0.0,
      1.0
    ]
  ],
  "D1": [
    [
      32.34188056823089
    ],
    [
      11.95889400766794
    ],
    [
      0.0014471096978083335
    ],
    [
      0.0012597146495294611
    ],
    [
      0.37700274522624916
    ]
  ],
  "R": [
    [
      0.3431646151109591,
      -0.08928041931749955,
      -0.9350224883189916
    ],
    [
      0.06942828178616778,
      0.99516012581393,
      -0.06954162550748684
    ],
    [
      0.9367058025997105,
      -0.04105277964394754,
      0.3477023276590735
    ]
  ],
  "T": [
    [
      36.54325073592039
    ],
    [
      3.129634405826399
    ],
    [
      31.525589118420914
    ]
  ],
  "E": [
    [
      0.7427792231646131,
      -31.501489425074528,
      3.2805218800038896
    ],
    [
      -23.411808354223616,
      -1.3144157957885567,
      -42.18330812433672
    ],
    [
      1.4631553231626326,
      36.64580107207118,
      0.3850014921609599
    ]
  ],
  "F": [
    [
      -5.988912421310534e-08,
      2.5435484174559045e-06,
      -0.0010386059438319774
    ],
    [
      1.887636521340944e-06,
      1.0612968771228067e-07,
      0.0010241122619802146
    ],
    [
      -0.0007377232293406965,
      -0.0035861041592577074,
      0.9999999999999999
    ]
  ],
  "rms0": 30.137815812155715,
  "rms1": 31.61183952658649,
  "rms_stereo": 49.652928040569975,
  "board": "harvard"
}