{
  "image_size": [
    1280,
    720
  ],
  "K0": [
    [
      603.1109105826282,
      0.0,
      638.8895729699607
    ],
    [
      0.0,
      602.5855458799967,
      340.2728083673083
    ],
    [
      0.0,
      0.0,
      1.0
    ]
  ],
  "D0": [
    [
      -1.4240733098147493
    ],
    [
      0.47755626628596737
    ],
    [
      0.00019848570076846675
    ],
    [
      0.004739062789602536
    ],
    [
      0.08822484479410185
    ],
    [
      -1.0937758629997347
    ],
    [
      -0.03690762234130469
    ],
    [
      0.31324993738741935
    ],
    [
      0.0
    ],
    [
      0.0
    ],
    [
      0.0
    ],
    [
      0.0
    ],
    [
      0.0
    ],
    [
      0.0
    ]
  ],
  "K1": [
    [
      621.3279113125511,
      0.0,
      620.8326094341527
    ],
    [
      0.0,
      621.0898045410154,
      371.0720252824855
    ],
    [
      0.0,
      0.0,
      1.0
    ]
  ],
  "D1": [
    [
      -1.5223512999192057
    ],
    [
      0.4730428363066066
    ],
    [
      -0.0009965035922527283
    ],
    [
      -0.005909733357013792
    ],
    [
      0.08437903835784458
    ],
    [
      -1.1743215812128311
    ],
    [
      -0.09996209259719209
    ],
    [
      0.32023274414977865
    ],
    [
      0.0
    ],
    [
      0.0
    ],
    [
      0.0
    ],
    [
      0.0
    ],
    [
      0.0
    ],
    [
      0.0
    ]
  ],
  "R": [
    [
      0.9116086854370299,
      -0.13114344728922853,
      0.3895779779054094
    ],
    [
      0.14761123816569552,
      0.9889665485052772,
      -0.012493530515812989
    ],
    [
      -0.383641143522121,
      0.06889529861069316,
      0.920908741855773
    ]
  ],
  "T": [
    [
      -0.6761634734102228
    ],
    [
      -0.008054227948350685
    ],
    [
      0.116001697664388
    ]
  ],
  "E": [
    [
      -0.014033221001269901,
      -0.1152766969994827,
      -0.0059679381768790885
    ],
    [
      -0.15365597303069056,
      0.03137162188713009,
      0.6678765603967245
    ],
    [
      -0.09246702336029416,
      -0.6697593157422477,
      0.011585418826436416
    ]
  ],
  "F": [
    [
      5.209891842431048e-07,
      4.283426724820207e-06,
      -0.0016567616215957019
    ],
    [
      5.706729049449287e-06,
      -1.1661468753837928e-06,
      -0.018209147815579276
    ],
    [
      -0.0003081123971729784,
      0.013236279973612482,
      1.0
    ]
  ],
  "rms0": 4.400607109069824,
  "rms1": 4.322736740112305,
  "rms_stereo": 4.466661122769603,
  "num_keyframes": 50,
  "num_stereo_samples": 47,
  "model": "pinhole_rational",
  "board_source": "grid8x5"
}