{
  "image_size": [
    1280,
    720
  ],
  "K0": [
    [
      675.248350126088,
      0.0,
      662.8518037708363
    ],
    [
      0.0,
      676.4404673891122,
      350.8860012738279
    ],
    [
      0.0,
      0.0,
      1.0
    ]
  ],
  "D0": [
    [
      -0.7052691369685132
    ],
    [
      24.002748549447272
    ],
    [
      0.00014789954398102554
    ],
    [
      -0.0015410037660802416
    ],
    [
      6.3235930753137515
    ],
    [
      -0.3149641906113671
    ],
    [
      23.550919478662017
    ],
    [
      15.540590686279497
    ],
    [
      0.0
    ],
    [
      0.0
    ],
    [
      0.0
    ],
    [
      0.0
    ],
    [
      0.0
    ],
    [
      0.0
    ]
  ],
  "K1": [
    [
      675.9219261695645,
      0.0,
      603.7826804650797
    ],
    [
      0.0,
      675.8981327321325,
      365.7436217590629
    ],
    [
      0.0,
      0.0,
      1.0
    ]
  ],
  "D1": [
    [
      12.261396133897284
    ],
    [
      26.229408718497226
    ],
    [
      0.0010573470883880147
    ],
    [
      0.0015946973757770299
    ],
    [
      4.777291154828911
    ],
    [
      12.652884620955941
    ],
    [
      30.685075391619424
    ],
    [
      13.553133574140563
    ],
    [
      0.0
    ],
    [
      0.0
    ],
    [
      0.0
    ],
    [
      0.0
    ],
    [
      0.0
    ],
    [
      0.0
    ]
  ],
  "R": [
    [
      0.3231564934733411,
      -0.12318718753068525,
      -0.9382935561722111
    ],
    [
      0.1434168865767585,
      0.9864146386687078,
      -0.08011090602852877
    ],
    [
      0.9354151363809781,
      -0.10867878104010167,
      0.3364334186447505
    ]
  ],
  "T": [
    [
      24.99407534469918
    ],
    [
      2.4045920767310442
    ],
    [
      26.335989319423224
    ]
  ],
  "E": [
    [
      -1.5277337677144547,
      -26.239533524299624,
      2.9187850983573567
    ],
    [
      -14.869190436662054,
      -0.5279308134115461,
      -33.11973128791661
    ],
    [
      2.807512925051495,
      24.95073673509097,
      0.25391522961033
    ]
  ],
  "F": [
    [
      1.5443165063307294e-07,
      2.6477604834045592e-06,
      -0.001230657181240713
    ],
    [
      1.5031116718537388e-06,
      5.3273948333252654e-08,
      0.0012457255890616166
    ],
    [
      -0.0008348224257884637,
      -0.003319932921165943,
      1.0
    ]
  ],
  "rms0": 34.870487213134766,
  "rms1": 48.359527587890625,
  "rms_stereo": 33.581134275641794,
  "num_keyframes": 30,
  "num_stereo_samples": 19,
  "model": "pinhole_rational",
  "board_source": "harvard"
}