{
  "image_size": [
    1280,
    720
  ],
  "K0": [
    [
      675.248350126088,
      0.0,
      662.8518037708363
    ],
    [
      0.0,
      676.4404673891122,
      350.8860012738279
    ],
    [
      0.0,
      0.0,
      1.0
    ]
  ],
  "D0": [
    [
      -0.7052691369685132
    ],
    [
      24.002748549447272
    ],
    [
      0.00014789954398102554
    ],
    [
      -0.0015410037660802416
    ],
    [
      6.3235930753137515
    ],
    [
      -0.3149641906113671
    ],
    [
      23.550919478662017
    ],
    [
      15.540590686279497
    ],
    [
      0.0
    ],
    [
      0.0
    ],
    [
      0.0
    ],
    [
      0.0
    ],
    [
      0.0
    ],
    [
      0.0
    ]
  ],
  "K1": [
    [
      675.9219261695645,
      0.0,
      603.7826804650797
    ],
    [
      0.0,
      675.8981327321325,
      365.7436217590629
    ],
    [
      0.0,
      0.0,
      1.0
    ]
  ],
  "D1": [
    [
      12.261396133897284
    ],
    [
      26.229408718497226
    ],
    [
      0.0010573470883880147
    ],
    [
      0.0015946973757770299
    ],
    [
      4.777291154828911
    ],
    [
      12.652884620955941
    ],
    [
      30.685075391619424
    ],
    [
      13.553133574140563
    ],
    [
      0.0
    ],
    [
      0.0
    ],
    [
      0.0
    ],
    [
      0.0
    ],
    [
      0.0
    ],
    [
      0.0
    ]
  ],
  "R": [
    [
      0.4264932879602964,
      -0.04978103683526933,
      -0.9031197726195686
    ],
    [
      0.015393073259340029,
      0.9987391530156542,
      -0.0477823976921013
    ],
    [
      0.9043597340773462,
      0.006477083076439238,
      0.42672182833125916
    ]
  ],
  "T": [
    [
      26.416244183032795
    ],
    [
      1.4865542644283567
    ],
    [
      26.33894800625052
    ]
  ],
  "E": [
    [
      0.9389424630358114,
      -26.29611008761766,
      1.8928832420567394
    ],
    [
      -12.656403028088702,
      -1.4822803490424088,
      -35.05961274987235
    ],
    [
      -0.22737823402141105,
      26.456939553812013,
      0.08030506419185701
    ]
  ],
  "F": [
    [
      -1.405203767794271e-07,
      3.9284912071878835e-06,
      -0.001476596366612205
    ],
    [
      1.894200336632886e-06,
      2.2145215730067253e-07,
      0.0022098446796850993
    ],
    [
      -0.0005849469730102635,
      -0.005124543398164626,
      1.0
    ]
  ],
  "rms0": 0.5064165005654562,
  "rms1": 0.48608570601963785,
  "rms_stereo": 37.972430101003056,
  "num_keyframes": 30,
  "num_stereo_samples": 30,
  "model": "pinhole_rational",
  "board_source": "harvard"
}