{
  "image_size": [
    1280,
    720
  ],
  "K0": [
    [
      613.9560101768324,
      0.0,
      630.144008968225
    ],
    [
      0.0,
      616.0399352622401,
      347.6692959459094
    ],
    [
      0.0,
      0.0,
      1.0
    ]
  ],
  "D0": [
    [
      -2.0177560695665666
    ],
    [
      0.9060740345482841
    ],
    [
      -0.002478017744876763
    ],
    [
      0.017398803544082662
    ],
    [
      0.20028559229101908
    ],
    [
      -1.6272724376688767
    ],
    [
      0.053317580007745724
    ],
    [
      0.6931615314601789
    ],
    [
      0.0
    ],
    [
      0.0
    ],
    [
      0.0
    ],
    [
      0.0
    ],
    [
      0.0
    ],
    [
      0.0
    ]
  ],
  "K1": [
    [
      665.9159726648954,
      0.0,
      625.4991539618277
    ],
    [
      0.0,
      686.2931973683436,
      381.89601580666033
    ],
    [
      0.0,
      0.0,
      1.0
    ]
  ],
  "D1": [
    [
      97.81193266553244
    ],
    [
      -45.3357384770577
    ],
    [
      -0.009564267973408242
    ],
    [
      -0.033119855491939514
    ],
    [
      -6.7304100436383845
    ],
    [
      101.50464124488705
    ],
    [
      3.7480531531747583
    ],
    [
      -34.96733846585276
    ],
    [
      0.0
    ],
    [
      0.0
    ],
    [
      0.0
    ],
    [
      0.0
    ],
    [
      0.0
    ],
    [
      0.0
    ]
  ],
  "R": [
    [
      0.8482248274216689,
      -0.15781690148971422,
      0.5055773607962147
    ],
    [
      0.24117636175573937,
      0.9649553333501882,
      -0.10341744132056174
    ],
    [
      -0.47153855057221444,
      0.20965454977942388,
      0.8565607772254356
    ]
  ],
  "T": [
    [
      -1.1517371999323767
    ],
    [
      -0.06536052139783441
    ],
    [
      0.2601625224533841
    ]
  ],
  "E": [
    [
      -0.03192504510592399,
      -0.2647483442662425,
      -0.02907991660875657
    ],
    [
      -0.3224121791866058,
      0.20040890093869546,
      1.1180651926135914
    ],
    [
      -0.2223313705955648,
      -1.1216899486593175,
      0.1521545141992963
    ]
  ],
  "F": [
    [
      -6.186785171826993e-07,
      -5.113227991598078e-06,
      0.001821578632916766
    ],
    [
      -6.062541064630106e-06,
      3.755680586401785e-06,
      0.015422202660705635
    ],
    [
      -0.00016690973834416583,
      -0.01266223329490392,
      1.0
    ]
  ],
  "rms0": 4.033595561981201,
  "rms1": 4.155228614807129,
  "rms_stereo": 4.091929907679262,
  "num_keyframes": 50,
  "num_stereo_samples": 39,
  "model": "pinhole_rational",
  "board_source": "grid8x5"
}