{
  "image_size": [
    1280,
    720
  ],
  "K0": [
    [
      779.8802406594428,
      0.0,
      488.1806264609463
    ],
    [
      0.0,
      760.5695949478155,
      416.9888592354437
    ],
    [
      0.0,
      0.0,
      1.0
    ]
  ],
  "D0": [
    [
      -12.194482444697812
    ],
    [
      32.64237437082916
    ],
    [
      -0.10332575633109126
    ],
    [
      0.01703037950780925
    ],
    [
      98.34366858712018
    ]
  ],
  "K1": [
    [
      679.8358037184025,
      0.0,
      645.266008377605
    ],
    [
      0.0,
      744.7565596612636,
      382.84568806898255
    ],
    [
      0.0,
      0.0,
      1.0
    ]
  ],
  "D1": [
    [
      -0.36074170473858286
    ],
    [
      -0.49278644499272517
    ],
    [
      -0.023973034738100026
    ],
    [
      0.02495453595190109
    ],
    [
      -5.513117364458768
    ]
  ],
  "R": [
    [
      0.9236015278108395,
      0.21741200422283108,
      -0.31574077697582026
    ],
    [
      -0.3010748209521356,
      0.9212264951975244,
      -0.24636496653283518
    ],
    [
      0.2373060682201837,
      0.32260465738407623,
      0.9163034786684924
    ]
  ],
  "T": [
    [
      -0.09392776614157372
    ],
    [
      -0.25461332024872463
    ],
    [
      0.47909775810324223
    ]
  ],
  "E": [
    [
      0.08382298579479192,
      -0.5234969914987031,
      -0.11527016791817964
    ],
    [
      0.4647850502346643,
      0.13446313862284504,
      -0.06520435953180666
    ],
    [
      0.263440536956221,
      -0.031172754547229897,
      -0.05725129660175288
    ]
  ],
  "F": [
    [
      -1.6249096603916528e-06,
      1.0405650660429294e-05,
      -0.0018031379072043201
    ],
    [
      -8.2244703783018e-06,
      -2.439764971714094e-06,
      0.005932211649483535
    ],
    [
      0.0007254177290355332,
      -0.005359114646582679,
      1.0
    ]
  ],
  "rms0": 21.50589492423601,
  "rms1": 25.925172051692044,
  "rms_stereo": 55304217919880.75,
  "board": "harvard"
}