{
  "image_size": [
    1280,
    720
  ],
  "K0": [
    [
      716.4846488868087,
      0.0,
      621.5018075281362
    ],
    [
      0.0,
      713.5532610965965,
      368.1871858310455
    ],
    [
      0.0,
      0.0,
      1.0
    ]
  ],
  "D0": [
    [
      0.48294888921005724
    ],
    [
      74.05899640987289
    ],
    [
      -0.013224305331673427
    ],
    [
      0.005505022017563441
    ],
    [
      10.775433493622012
    ]
  ],
  "K1": [
    [
      707.654134031072,
      0.0,
      629.786170861759
    ],
    [
      0.0,
      717.1009108184817,
      332.84924736242556
    ],
    [
      0.0,
      0.0,
      1.0
    ]
  ],
  "D1": [
    [
      -0.18013403233638392
    ],
    [
      -0.9317533095073136
    ],
    [
      0.003917137931135427
    ],
    [
      -0.015186174603122795
    ],
    [
      -0.962741183721031
    ]
  ],
  "R": [
    [
      0.9079364319521084,
      -0.28092045636695584,
      -0.3110227205987622
    ],
    [
      0.16087845391697247,
      0.9188614950055395,
      -0.36029387458222156
    ],
    [
      0.38700072170392524,
      0.2770870805194033,
      0.8794618759274758
    ]
  ],
  "T": [
    [
      0.019251574591169607
    ],
    [
      -0.20960197191027144
    ],
    [
      0.24621382924063354
    ]
  ],
  "E": [
    [
      -0.12072661458105151,
      -0.28431440569481425,
      -0.0956276089014721
    ],
    [
      0.21609613235728692,
      -0.07450086387300323,
      -0.09350912092396865
    ],
    [
      0.19340243006203253,
      -0.041191950994394544,
      -0.07212719994765909
    ]
  ],
  "F": [
    [
      9.72965635371202e-07,
      2.300773353091641e-06,
      -0.000899630089907908
    ],
    [
      -1.7186294410479682e-06,
      5.949453250956604e-07,
      0.001381919197317549
    ],
    [
      -0.0011437207167582675,
      -0.001411132966438742,
      1.0
    ]
  ],
  "rms0": 10.360998606111519,
  "rms1": 12.38614161797701,
  "rms_stereo": 13151291.601838918,
  "board": "harvard"
}