{
  "image_size": [
    1280,
    720
  ],
  "K0": [
    [
      617.723766206403,
      0.0,
      629.3126237191289
    ],
    [
      0.0,
      623.3365939826022,
      371.6066460431852
    ],
    [
      0.0,
      0.0,
      1.0
    ]
  ],
  "D0": [
    [
      3.5084134339011928
    ],
    [
      11.678574587226974
    ],
    [
      -0.00458731839440347
    ],
    [
      0.014366245532006513
    ],
    [
      0.557071019288767
    ],
    [
      3.7471464497133544
    ],
    [
      13.239786957257088
    ],
    [
      3.9893998675416
    ],
    [
      0.0
    ],
    [
      0.0
    ],
    [
      0.0
    ],
    [
      0.0
    ],
    [
      0.0
    ],
    [
      0.0
    ]
  ],
  "K1": [
    [
      627.627426838605,
      0.0,
      623.4336004997652
    ],
    [
      0.0,
      646.3965879986878,
      380.08490691306463
    ],
    [
      0.0,
      0.0,
      1.0
    ]
  ],
  "D1": [
    [
      -2.630388320653543
    ],
    [
      3.5679026972215158
    ],
    [
      0.0014767662156822815
    ],
    [
      -0.02069727638324918
    ],
    [
      -0.19897925981339432
    ],
    [
      -2.2779112298675095
    ],
    [
      2.7016629903791594
    ],
    [
      0.9535962859509972
    ],
    [
      0.0
    ],
    [
      0.0
    ],
    [
      0.0
    ],
    [
      0.0
    ],
    [
      0.0
    ],
    [
      0.0
    ]
  ],
  "R": [
    [
      0.8544644466590843,
      -0.18436184065316719,
      0.48569663485200426
    ],
    [
      0.21413133901535403,
      0.9767868125451491,
      -0.005940748217122413
    ],
    [
      -0.4733268205448287,
      0.10907902891419559,
      0.8741072510876795
    ]
  ],
  "T": [
    [
      -1.1629292699760758
    ],
    [
      -0.03311280095395539
    ],
    [
      0.20681151591509359
    ]
  ],
  "E": [
    [
      -0.028611650031824715,
      -0.20562267360102113,
      -0.027715524273222464
    ],
    [
      -0.3737325263671779,
      0.0887230437225063,
      1.116972564716792
    ],
    [
      -0.22072589061567136,
      -1.1420387117684414,
      0.022991445981110213
    ]
  ],
  "F": [
    [
      1.6749779271483283e-06,
      1.1929132784877344e-05,
      -0.004484762405490104
    ],
    [
      2.124368920031817e-05,
      -4.9977803090870134e-06,
      -0.05073155714823172
    ],
    [
      -0.0010086334169083955,
      0.03604601748471243,
      1.0
    ]
  ],
  "rms0": 3.971381664276123,
  "rms1": 4.132534027099609,
  "rms_stereo": 4.067385790054743,
  "num_keyframes": 50,
  "num_stereo_samples": 38,
  "model": "pinhole_rational",
  "board_source": "grid8x5"
}