{
  "image_size": [
    1280,
    720
  ],
  "K0": [
    [
      674.3412997142107,
      0.0,
      664.621012294052
    ],
    [
      0.0,
      671.8347503275204,
      332.88028490416093
    ],
    [
      0.0,
      0.0,
      1.0
    ]
  ],
  "D0": [
    [
      -0.6737223204512356
    ],
    [
      -3.4498673326744385
    ],
    [
      0.007676803487369415
    ],
    [
      0.0036178556110522974
    ],
    [
      0.6634400422854309
    ],
    [
      -0.30557474078875724
    ],
    [
      -4.099070422747737
    ],
    [
      0.366129857330076
    ],
    [
      0.0
    ],
    [
      0.0
    ],
    [
      0.0
    ],
    [
      0.0
    ],
    [
      0.0
    ],
    [
      0.0
    ]
  ],
  "K1": [
    [
      674.871816107252,
      0.0,
      611.7168937962117
    ],
    [
      0.0,
      675.6604603202826,
      325.5018585660759
    ],
    [
      0.0,
      0.0,
      1.0
    ]
  ],
  "D1": [
    [
      -0.7055747930864354
    ],
    [
      -3.4063200662740263
    ],
    [
      0.00939165626738405
    ],
    [
      -0.008240870931484286
    ],
    [
      0.4459218645472985
    ],
    [
      -0.36032349172701367
    ],
    [
      -3.897386787836796
    ],
    [
      -0.12077152698085922
    ],
    [
      0.0
    ],
    [
      0.0
    ],
    [
      0.0
    ],
    [
      0.0
    ],
    [
      0.0
    ],
    [
      0.0
    ]
  ],
  "R": [
    [
      0.9943833584844416,
      0.06200765110165872,
      -0.08577171779821947
    ],
    [
      -0.06043152420121925,
      0.9979544720482042,
      0.020854318538552043
    ],
    [
      0.08688939665989108,
      -0.015553871667366454,
      0.9960965363980718
    ]
  ],
  "T": [
    [
      11.283219493434611
    ],
    [
      0.3151372715820903
    ],
    [
      17.051656843826247
    ]
  ],
  "E": [
    [
      1.0578397006213838,
      -17.02167880780756,
      -0.041693538718374834
    ],
    [
      15.975491665922501,
      1.2328309362727985,
      -12.701725755630166
    ],
    [
      -0.9952294103845851,
      11.240598430589154,
      0.2623337185823251
    ]
  ],
  "F": [
    [
      7.720868106521454e-07,
      -1.2469985766146205e-05,
      0.0036173464732966055
    ],
    [
      1.1646442621960612e-05,
      9.021107896311747e-07,
      -0.014285033586334931
    ],
    [
      -0.00475345697012932,
      0.012891895929022942,
      1.0
    ]
  ],
  "rms0": 34.33209801797754,
  "rms1": 32.507834542623065,
  "rms_stereo": 476977.1638190388,
  "num_keyframes": 30,
  "num_stereo_samples": 30,
  "model": "pinhole_rational",
  "board_source": "harvard"
}