{
  "image_size": [
    1280,
    720
  ],
  "K0": [
    [
      711.017272867399,
      0.0,
      602.7373095931687
    ],
    [
      0.0,
      711.3224818314898,
      285.5464241121531
    ],
    [
      0.0,
      0.0,
      1.0
    ]
  ],
  "D0": [
    [
      -1.1560019694475954
    ],
    [
      -5.569599377831492
    ],
    [
      0.002841222531551365
    ],
    [
      0.00447594519391235
    ],
    [
      8.005161905392567
    ]
  ],
  "K1": [
    [
      719.0948289830919,
      0.0,
      672.0037631419616
    ],
    [
      0.0,
      729.762927431738,
      290.25970791392393
    ],
    [
      0.0,
      0.0,
      1.0
    ]
  ],
  "D1": [
    [
      -6.124213612152646
    ],
    [
      9.635111503991132
    ],
    [
      0.014469125685606337
    ],
    [
      -0.026229647428953607
    ],
    [
      -0.7143533253756685
    ]
  ],
  "R": [
    [
      0.8837355788753439,
      -0.37439535623959613,
      0.2807838026953953
    ],
    [
      0.36334594142121707,
      0.9270480286173574,
      0.09252934393694229
    ],
    [
      -0.29494262744233884,
      0.020250181799118132,
      0.9553003593920146
    ]
  ],
  "T": [
    [
      -0.03218074182501182
    ],
    [
      0.03653650529120919
    ],
    [
      0.1328768353914434
    ]
  ],
  "E": [
    [
      -0.059056431716526255,
      -0.12244333742409928,
      0.02260833023243305
    ],
    [
      0.10793651449686846,
      -0.04909680424998266,
      0.068051937362275
    ],
    [
      -0.043981351587650874,
      -0.016153995354069195,
      -0.013236521821338613
    ]
  ],
  "F": [
    [
      1.4115706857741259e-06,
      2.9253928989025854e-06,
      -0.0020703654259713617
    ],
    [
      -2.5421910558722777e-06,
      1.1558637333008746e-06,
      6.259964653954059e-05
    ],
    [
      0.0005452597622184314,
      -0.0020238423654679867,
      1.0
    ]
  ],
  "rms0": 11.987172186733524,
  "rms1": 15.153614696420405,
  "rms_stereo": 4922718867035.948,
  "board": "harvard"
}