{
  "image_size": [
    1280,
    720
  ],
  "K0": [
    [
      835.4880041864278,
      0.0,
      587.0651902001529
    ],
    [
      0.0,
      836.1177375585569,
      382.06001361664863
    ],
    [
      0.0,
      0.0,
      1.0
    ]
  ],
  "D0": [
    [
      452.19525392171124
    ],
    [
      -463.2722731415514
    ],
    [
      -0.00506958465921946
    ],
    [
      0.005681740166359339
    ],
    [
      -68.7078263185954
    ]
  ],
  "K1": [
    [
      667.83971054087,
      0.0,
      617.1731691040098
    ],
    [
      0.0,
      673.8244423934823,
      337.08599912025204
    ],
    [
      0.0,
      0.0,
      1.0
    ]
  ],
  "D1": [
    [
      14.378631181357928
    ],
    [
      -18.534643237374194
    ],
    [
      0.0009903976876718995
    ],
    [
      -0.006585836007642238
    ],
    [
      -9.862908788922343
    ]
  ],
  "R": [
    [
      0.9877878181244564,
      -0.11137586671541205,
      -0.10895247899114825
    ],
    [
      0.07178249843308754,
      0.9459685962757424,
      -0.31621304175951587
    ],
    [
      0.1382841252047017,
      0.3045305094296667,
      0.9424110937074531
    ]
  ],
  "T": [
    [
      0.18831066789050424
    ],
    [
      0.0651730190773984
    ],
    [
      0.6528154686434214
    ]
  ],
  "E": [
    [
      -0.03784833142492433,
      -0.5976957597989987,
      0.2678485412363479
    ],
    [
      0.6188027914332281,
      -0.130054232249125,
      -0.24859192611594005
    ],
    [
      -0.05085970409226316,
      0.18539467965433315,
      -0.05244552709760238
    ]
  ],
  "F": [
    [
      2.161802439868278e-07,
      3.411318122978665e-06,
      -0.0027084400139288037
    ],
    [
      -3.503055413795915e-06,
      7.356851924834033e-07,
      0.0029512149324522705
    ],
    [
      0.0012414163643978016,
      -0.003060024892989036,
      1.0
    ]
  ],
  "rms0": 16.864931091402482,
  "rms1": 20.67385686743199,
  "rms_stereo": 893617273865.9268,
  "board": "harvard"
}