{
  "image_size": [
    1280,
    720
  ],
  "K0": [
    [
      659.7918892766132,
      0.0,
      658.6179463022978
    ],
    [
      0.0,
      650.1455946443082,
      361.9555746306892
    ],
    [
      0.0,
      0.0,
      1.0
    ]
  ],
  "D0": [
    [
      815.4708877271989
    ],
    [
      -1346.959131307696
    ],
    [
      -0.00804335039559217
    ],
    [
      -0.004707340143663934
    ],
    [
      -774.4669827128599
    ],
    [
      752.0134701270891
    ],
    [
      -854.8056436837869
    ],
    [
      -1530.2357454050111
    ],
    [
      0.0
    ],
    [
      0.0
    ],
    [
      0.0
    ],
    [
      0.0
    ],
    [
      0.0
    ],
    [
      0.0
    ]
  ],
  "K1": [
    [
      680.0735942063749,
      0.0,
      659.5930453035231
    ],
    [
      0.0,
      660.9189462660901,
      382.75633070299904
    ],
    [
      0.0,
      0.0,
      1.0
    ]
  ],
  "D1": [
    [
      -16.207051461436063
    ],
    [
      66.09246531428359
    ],
    [
      -0.021777280471067834
    ],
    [
      -0.001664817968566609
    ],
    [
      -3.0541083154166317
    ],
    [
      -15.78779165015234
    ],
    [
      59.278095505175635
    ],
    [
      24.652406640030662
    ],
    [
      0.0
    ],
    [
      0.0
    ],
    [
      0.0
    ],
    [
      0.0
    ],
    [
      0.0
    ],
    [
      0.0
    ]
  ],
  "R": [
    [
      0.9870123604945802,
      0.045318260923139786,
      -0.15411961412428715
    ],
    [
      -0.05761613420785261,
      0.995419941453621,
      -0.07628578658840957
    ],
    [
      0.1499565980871121,
      0.08417479066425929,
      0.9851028491009294
    ]
  ],
  "T": [
    [
      0.24085953921558975
    ],
    [
      -0.00030187840821282834
    ],
    [
      -0.006644342774553882
    ]
  ],
  "E": [
    [
      -0.0004280900041532205,
      0.00658850074382684,
      -0.0008042501949323691
    ],
    [
      -0.04267652556344674,
      -0.02057541135248223,
      -0.23624739476989076
    ],
    [
      -0.013579437816414467,
      0.23977006902899894,
      -0.01842068479016936
    ]
  ],
  "F": [
    [
      3.2992589085048045e-08,
      -5.153048837863093e-07,
      0.00020568383467172712
    ],
    [
      3.384371867459344e-06,
      1.6558992004380625e-06,
      0.009532897996117954
    ],
    [
      -0.0006054153077672172,
      -0.013047389524610918,
      0.9999999999999999
    ]
  ],
  "rms0": 4.517606735229492,
  "rms1": 4.369093418121338,
  "rms_stereo": 4.678057145936186,
  "num_keyframes": 40,
  "num_stereo_samples": 39,
  "model": "pinhole_rational",
  "board_source": "grid8x5"
}