{
  "image_size": [
    1280,
    720
  ],
  "K0": [
    [
      681.3407417915431,
      0.0,
      658.3303705348338
    ],
    [
      0.0,
      681.024896353396,
      365.51105589644067
    ],
    [
      0.0,
      0.0,
      1.0
    ]
  ],
  "D0": [
    [
      -1.999230603011188
    ],
    [
      0.7730979193037775
    ],
    [
      -0.0019080795243304458
    ],
    [
      -0.0006580126693616446
    ],
    [
      0.2379511440864478
    ]
  ],
  "K1": [
    [
      668.9136765583942,
      0.0,
      598.874387676823
    ],
    [
      0.0,
      669.0034545119807,
      367.87463780439066
    ],
    [
      0.0,
      0.0,
      1.0
    ]
  ],
  "D1": [
    [
      -0.43894107806865795
    ],
    [
      -1.7963742824335738
    ],
    [
      0.00021671210990415008
    ],
    [
      0.004210651448887189
    ],
    [
      0.20842354990220643
    ]
  ],
  "R": [
    [
      0.9380572097629228,
      -0.13924319257554674,
      0.3172696085873478
    ],
    [
      -0.04030512224259314,
      0.8656223983767473,
      0.49907250029379235
    ],
    [
      -0.34412812778500007,
      -0.48094614745297315,
      0.8063911178313745
    ]
  ],
  "T": [
    [
      3.5350062666927955
    ],
    [
      0.7935138354984771
    ],
    [
      15.307954596066944
    ]
  ],
  "E": [
    [
      0.34391855069695815,
      -13.632545793823445,
      -6.999896665820701
    ],
    [
      15.5762322638293,
      -0.4313808245698578,
      2.0061511080277334
    ],
    [
      -0.8868402341433623,
      3.170472002659124,
      1.512466592075351
    ]
  ],
  "F": [
    [
      9.765814750066366e-08,
      -3.872854803910663e-06,
      -3.001332074718835e-06
    ],
    [
      4.42238969751477e-06,
      -1.2253405381192667e-07,
      -0.002478524704331881
    ],
    [
      -0.0018538189351285051,
      0.0029669185073547505,
      0.9999999999999999
    ]
  ],
  "rms0": 29.894377312550365,
  "rms1": 31.037368486928937,
  "rms_stereo": 121959717.97692262,
  "board": "harvard"
}