{
  "image_size": [
    1280,
    720
  ],
  "K0": [
    [
      712.4997714318152,
      0.0,
      634.9545507323352
    ],
    [
      0.0,
      709.4036338421603,
      361.9387857673369
    ],
    [
      0.0,
      0.0,
      1.0
    ]
  ],
  "D0": [
    [
      -11.607918357435915
    ],
    [
      33.086220675007745
    ],
    [
      -0.0072392031442405705
    ],
    [
      0.0004371105530576941
    ],
    [
      10.418312499558718
    ]
  ],
  "K1": [
    [
      658.3732594284944,
      0.0,
      612.5130482219467
    ],
    [
      0.0,
      660.5606754695231,
      329.5960557291345
    ],
    [
      0.0,
      0.0,
      1.0
    ]
  ],
  "D1": [
    [
      -5.750677610499114
    ],
    [
      7.744310138275521
    ],
    [
      0.0037747816694090677
    ],
    [
      -0.007863035570823114
    ],
    [
      1.5782736019897834
    ]
  ],
  "R": [
    [
      0.913345251464305,
      -0.4065054071375443,
      -0.02353307450259745
    ],
    [
      0.40709294100515764,
      0.9128458279212024,
      0.03142979208689733
    ],
    [
      0.008705688449322334,
      -0.03828639986723394,
      0.9992288839769543
    ]
  ],
  "T": [
    [
      -0.09468823761219423
    ],
    [
      0.19968283938725356
    ],
    [
      0.03687456681221443
    ]
  ],
  "E": [
    [
      -0.013272999263494054,
      -0.04130593150633662,
      0.19836990078207248
    ],
    [
      0.03450353679420648,
      -0.018614982522963935,
      0.09374745006693466
    ],
    [
      -0.22092628628140087,
      -0.0052636087340066084,
      0.0017231195149644426
    ]
  ],
  "F": [
    [
      5.653852565214023e-07,
      1.7671733362148603e-06,
      -0.0070191490046467965
    ],
    [
      -1.4648679978160671e-06,
      7.93759305825691e-07,
      -0.0021929903451392983
    ],
    [
      0.006332274543749604,
      -0.0011957771699567961,
      0.9999999999999999
    ]
  ],
  "rms0": 12.09687134041378,
  "rms1": 16.039789485082682,
  "rms_stereo": 1.7357321224794541e+31,
  "board": "harvard"
}