{
  "image_size": [
    1280,
    720
  ],
  "K0": [
    [
      617.6329227982865,
      0.0,
      633.0430149007154
    ],
    [
      0.0,
      616.032640339103,
      336.8511324760892
    ],
    [
      0.0,
      0.0,
      1.0
    ]
  ],
  "D0": [
    [
      -2.1183837039102515
    ],
    [
      1.003777633482776
    ],
    [
      -0.000156947888365005
    ],
    [
      0.006668559298409524
    ],
    [
      0.17281411799284674
    ],
    [
      -1.7612870150460438
    ],
    [
      0.19965954375775155
    ],
    [
      0.6379216692688925
    ],
    [
      0.0
    ],
    [
      0.0
    ],
    [
      0.0
    ],
    [
      0.0
    ],
    [
      0.0
    ],
    [
      0.0
    ]
  ],
  "K1": [
    [
      636.1077701328966,
      0.0,
      630.9618575231375
    ],
    [
      0.0,
      634.0846034212874,
      377.63944305784975
    ],
    [
      0.0,
      0.0,
      1.0
    ]
  ],
  "D1": [
    [
      -16.11968700983273
    ],
    [
      64.12660828915678
    ],
    [
      -0.002341446607831053
    ],
    [
      -0.0071025524793770336
    ],
    [
      6.944148797413007
    ],
    [
      -15.764170371001546
    ],
    [
      58.33697330888107
    ],
    [
      30.523125591841318
    ],
    [
      0.0
    ],
    [
      0.0
    ],
    [
      0.0
    ],
    [
      0.0
    ],
    [
      0.0
    ],
    [
      0.0
    ]
  ],
  "R": [
    [
      0.9171194868668309,
      -0.13122921518269956,
      0.37639173727866787
    ],
    [
      0.15119285428122634,
      0.9882163887661601,
      -0.023855602869457638
    ],
    [
      -0.36882593133267744,
      0.07878617934956714,
      0.926153426987171
    ]
  ],
  "T": [
    [
      -0.6943189597287361
    ],
    [
      -0.014098779661022793
    ],
    [
      0.10976679787748145
    ]
  ],
  "E": [
    [
      -0.011395959937275936,
      -0.10958413758789311,
      -0.010439079960976061
    ],
    [
      -0.15541356761947592,
      0.04029812734841318,
      0.6843611997235582
    ],
    [
      -0.09204579973479372,
      -0.6879875468249584,
      0.021870061538145198
    ]
  ],
  "F": [
    [
      5.036987167001711e-07,
      4.856175112358059e-06,
      -0.0016696922145257068
    ],
    [
      6.891160312896828e-06,
      -1.7914925329111408e-06,
      -0.022501077307130773
    ],
    [
      -0.0003322462170026145,
      0.01700605413749569,
      1.0
    ]
  ],
  "rms0": 4.468769073486328,
  "rms1": 4.335620880126953,
  "rms_stereo": 4.458461145418595,
  "num_keyframes": 50,
  "num_stereo_samples": 48,
  "model": "pinhole_rational",
  "board_source": "grid8x5"
}