{
  "image_size": [
    1280,
    720
  ],
  "K0": [
    [
      680.2409875768778,
      0.0,
      659.2153708406044
    ],
    [
      0.0,
      680.2864031852368,
      353.1825349503715
    ],
    [
      0.0,
      0.0,
      1.0
    ]
  ],
  "D0": [
    [
      175.3787383522269
    ],
    [
      52.229289940617015
    ],
    [
      -0.0008930160224952494
    ],
    [
      -0.0011401275301723684
    ],
    [
      -3.6823771835853925
    ]
  ],
  "K1": [
    [
      675.5983347935997,
      0.0,
      605.550046808611
    ],
    [
      0.0,
      675.7549631177603,
      367.9731949874392
    ],
    [
      0.0,
      0.0,
      1.0
    ]
  ],
  "D1": [
    [
      9.951260392013939
    ],
    [
      41.5182093702291
    ],
    [
      0.0008137888653061975
    ],
    [
      0.000935140753397053
    ],
    [
      7.646744170025656
    ]
  ],
  "R": [
    [
      0.09789285211952786,
      -0.10145319198226119,
      -0.9900122420154787
    ],
    [
      0.11372599060202324,
      0.9894139621859641,
      -0.09014660555483948
    ],
    [
      0.9886775958650489,
      -0.10376541460468296,
      0.10839441944318662
    ]
  ],
  "T": [
    [
      80.38173579532514
    ],
    [
      7.797585862532204
    ],
    [
      32.2688773401128
    ]
  ],
  "E": [
    [
      4.039488403000124,
      -32.73639751431515,
      3.7541445499042245
    ],
    [
      -76.31272886006276,
      5.067063533607497,
      -40.65951518817743
    ],
    [
      8.378164609903276,
      80.32190167614763,
      0.4735648315192096
    ]
  ],
  "F": [
    [
      -1.0833667429700884e-07,
      8.77912080727223e-07,
      -0.00030713534376020194
    ],
    [
      2.046187578861101e-06,
      -1.3585505910824784e-07,
      -0.0005592902972571112
    ],
    [
      -0.0008391440834992285,
      -0.0019368957180939755,
      1.0
    ]
  ],
  "rms0": 30.26679116816139,
  "rms1": 30.211168600780336,
  "rms_stereo": 45.11957545673277,
  "board": "harvard"
}