{
  "image_size": [
    1280,
    720
  ],
  "K0": [
    [
      709.4382732167853,
      0.0,
      675.2601715485259
    ],
    [
      0.0,
      689.4794922163195,
      382.03327043416493
    ],
    [
      0.0,
      0.0,
      1.0
    ]
  ],
  "D0": [
    [
      123.7541729880325
    ],
    [
      71.47199492338139
    ],
    [
      -0.01810892652454795
    ],
    [
      0.01626647860696057
    ],
    [
      56.17593767931295
    ],
    [
      128.208704113096
    ],
    [
      130.93700617791035
    ],
    [
      117.73088387174855
    ],
    [
      0.0
    ],
    [
      0.0
    ],
    [
      0.0
    ],
    [
      0.0
    ],
    [
      0.0
    ],
    [
      0.0
    ]
  ],
  "K1": [
    [
      608.4112126006297,
      0.0,
      675.0204347667374
    ],
    [
      0.0,
      597.3604550874327,
      347.4804436628746
    ],
    [
      0.0,
      0.0,
      1.0
    ]
  ],
  "D1": [
    [
      -11.624724923352932
    ],
    [
      33.07415347873948
    ],
    [
      0.013883961416655828
    ],
    [
      -0.006546083652523277
    ],
    [
      4.156620833746385
    ],
    [
      -11.264540169672092
    ],
    [
      28.83276596543395
    ],
    [
      16.643327622193116
    ],
    [
      0.0
    ],
    [
      0.0
    ],
    [
      0.0
    ],
    [
      0.0
    ],
    [
      0.0
    ],
    [
      0.0
    ]
  ],
  "R": [
    [
      0.9802850675909407,
      0.013150562098157608,
      0.19715032075735375
    ],
    [
      -0.04151638764235498,
      0.9892174121527464,
      0.1404467908175666
    ],
    [
      -0.19317757586054,
      -0.14586286096990592,
      0.9702610215680724
    ]
  ],
  "T": [
    [
      -0.32666012482890405
    ],
    [
      0.013993400541738836
    ],
    [
      -0.06095971576565642
    ]
  ],
  "E": [
    [
      -0.005234038384993445,
      0.05826129483755376,
      0.022138847553276206
    ],
    [
      -0.12286131013441011,
      -0.048449234899992845,
      0.3049273589055702
    ],
    [
      -0.000155773226188715,
      -0.32332190441953007,
      -0.048637169625575224
    ]
  ],
  "F": [
    [
      9.729946674342793e-08,
      -1.1144150036643197e-06,
      6.806782533776253e-05
    ],
    [
      2.3262127883150946e-06,
      9.438749955087073e-07,
      -0.006027252381155102
    ],
    [
      -0.0008722307517863599,
      0.004186971003495512,
      1.0
    ]
  ],
  "rms0": 4.273348331451416,
  "rms1": 4.604884624481201,
  "rms_stereo": 4.558847461306155,
  "num_keyframes": 50,
  "num_stereo_samples": 50,
  "model": "pinhole_rational",
  "board_source": "grid8x5"
}