{
  "image_size": [
    1280,
    720
  ],
  "K0": [
    [
      763.316210443625,
      0.0,
      608.6692279208269
    ],
    [
      0.0,
      748.0651546004021,
      415.45866921091823
    ],
    [
      0.0,
      0.0,
      1.0
    ]
  ],
  "D0": [
    [
      12.093871630081336
    ],
    [
      1.8104608644702995
    ],
    [
      -0.025302953090037446
    ],
    [
      0.006951617259951672
    ],
    [
      11.53977991421576
    ]
  ],
  "K1": [
    [
      646.2071112377745,
      0.0,
      626.4756619167167
    ],
    [
      0.0,
      646.5598626910436,
      315.0505505820253
    ],
    [
      0.0,
      0.0,
      1.0
    ]
  ],
  "D1": [
    [
      2.309806142807674
    ],
    [
      -0.8925318438673557
    ],
    [
      0.007480147581365253
    ],
    [
      -0.005901524670340465
    ],
    [
      -0.9874449617806109
    ]
  ],
  "R": [
    [
      0.7552105479931377,
      -0.10323799240644005,
      -0.6473012784815061
    ],
    [
      -0.04831158859563023,
      0.9760664999312387,
      -0.21203815250880592
    ],
    [
      0.6536994864670395,
      0.19140560241505183,
      0.732148124874236
    ]
  ],
  "T": [
    [
      0.7093615340056191
    ],
    [
      0.2788291558704422
    ],
    [
      -0.060527207029006595
    ]
  ],
  "E": [
    [
      0.17934631047971827,
      0.11244804166567832,
      0.19131016647586174
    ],
    [
      -0.5094200556878147,
      -0.12952706440676717,
      -0.4801783784873348
    ],
    [
      -0.2448451021978253,
      0.7211697919591658,
      0.03007475994149242
    ]
  ],
  "F": [
    [
      -2.2654061726036472e-06,
      -1.44934103729328e-06,
      0.00013644996316780834
    ],
    [
      6.43120959774039e-06,
      1.6685614581951178e-06,
      1.9560255085754527e-05
    ],
    [
      0.0013916238458589196,
      -0.00562429382102979,
      1.0
    ]
  ],
  "rms0": 17.410194126751584,
  "rms1": 20.588759896107643,
  "rms_stereo": 40.72175334621849,
  "board": "harvard"
}