{
  "image_size": [
    1280,
    720
  ],
  "K0": [
    [
      614.174985758929,
      0.0,
      634.9023517671293
    ],
    [
      0.0,
      615.5782319977097,
      348.1421298639462
    ],
    [
      0.0,
      0.0,
      1.0
    ]
  ],
  "D0": [
    [
      483.75724768969144
    ],
    [
      -417.4489820994037
    ],
    [
      -0.0004985800509814826
    ],
    [
      0.008570807349247752
    ],
    [
      -68.31358708184139
    ],
    [
      472.15159166050665
    ],
    [
      -239.86968428689482
    ],
    [
      -234.6290124194129
    ],
    [
      0.0
    ],
    [
      0.0
    ],
    [
      0.0
    ],
    [
      0.0
    ],
    [
      0.0
    ],
    [
      0.0
    ]
  ],
  "K1": [
    [
      607.8889311884863,
      0.0,
      644.0838643764557
    ],
    [
      0.0,
      613.2310425012352,
      359.3912315790873
    ],
    [
      0.0,
      0.0,
      1.0
    ]
  ],
  "D1": [
    [
      55.99159527444779
    ],
    [
      55.69282094585752
    ],
    [
      0.005179787625886748
    ],
    [
      -0.021088468183646
    ],
    [
      -12.55801041062017
    ],
    [
      54.84159479133115
    ],
    [
      77.74724420953116
    ],
    [
      -1.449202496802877
    ],
    [
      0.0
    ],
    [
      0.0
    ],
    [
      0.0
    ],
    [
      0.0
    ],
    [
      0.0
    ],
    [
      0.0
    ]
  ],
  "R": [
    [
      0.8519011500903655,
      -0.1584991944679247,
      0.499141699147378
    ],
    [
      0.18989467948052285,
      0.9817266829058646,
      -0.01235842933537419
    ],
    [
      -0.48806192350940686,
      0.10531251313907068,
      0.8664322439733132
    ]
  ],
  "T": [
    [
      -1.1807380416530564
    ],
    [
      -0.02291133527131574
    ],
    [
      0.17218016771025824
    ]
  ],
  "E": [
    [
      -0.021513947397554883,
      -0.17144671520516136,
      -0.01772324319595091
    ],
    [
      -0.4295927968747998,
      0.09705607263995997,
      1.1089718124444918
    ],
    [
      -0.20469767910242756,
      -1.1627934691975097,
      0.026028070468417194
    ]
  ],
  "F": [
    [
      6.382295915423252e-07,
      5.074518886519477e-06,
      -0.0018489493552400153
    ],
    [
      1.2633216215365677e-05,
      -2.8476625409300853e-06,
      -0.02705894257892223
    ],
    [
      -0.0012599160346641138,
      0.018676495010611714,
      1.0
    ]
  ],
  "rms0": 3.797825813293457,
  "rms1": 4.3125433921813965,
  "rms_stereo": 4.0034139455415145,
  "num_keyframes": 50,
  "num_stereo_samples": 33,
  "model": "pinhole_rational",
  "board_source": "grid8x5"
}