{
  "image_size": [
    1280,
    720
  ],
  "K0": [
    [
      672.7585725817726,
      0.0,
      667.1255746546292
    ],
    [
      0.0,
      670.2638211296984,
      365.9779969385772
    ],
    [
      0.0,
      0.0,
      1.0
    ]
  ],
  "D0": [
    [
      -0.07430530573754851
    ],
    [
      -0.5090112429793474
    ],
    [
      -0.0010034645012021836
    ],
    [
      -0.0015617640308583803
    ],
    [
      -0.032633651946570315
    ]
  ],
  "K1": [
    [
      661.5628726989029,
      0.0,
      610.3718859901627
    ],
    [
      0.0,
      660.6842260738025,
      365.3285064686803
    ],
    [
      0.0,
      0.0,
      1.0
    ]
  ],
  "D1": [
    [
      -3.2015941219342805
    ],
    [
      2.261363302850885
    ],
    [
      -3.6075598665735674e-05
    ],
    [
      0.002621793355857338
    ],
    [
      0.4979027958528742
    ]
  ],
  "R": [
    [
      -0.7932788302468824,
      0.5961199062873033,
      0.12389412742400192
    ],
    [
      -0.5929915604638714,
      -0.710289350255497,
      -0.37927568882311297
    ],
    [
      -0.13809310880982045,
      -0.3743395467241482,
      0.9169515783603837
    ]
  ],
  "T": [
    [
      5.592254501349845
    ],
    [
      -1.1317322292971144
    ],
    [
      9.367719461037069
    ]
  ],
  "E": [
    [
      5.711263003072054,
      7.077443499083985,
      2.51520459735121
    ],
    [
      -6.658961726785329,
      7.677686062440543,
      -3.967221163027671
    ],
    [
      -4.213938942276065,
      -3.297470705756243,
      -1.9807912010472302
    ]
  ],
  "F": [
    [
      1.1326985243863727e-06,
      1.4088736551207272e-06,
      -0.0009356744903776794
    ],
    [
      -1.322409254644577e-06,
      1.5303937152356767e-06,
      -0.00020791296018987977
    ],
    [
      -0.0007611471049170961,
      -0.0018532912000795848,
      1.0
    ]
  ],
  "rms0": 29.098035029086173,
  "rms1": 31.678968310069994,
  "rms_stereo": 620419.7783320431,
  "board": "harvard"
}