{
  "image_size": [
    1280,
    720
  ],
  "K0": [
    [
      778.6261350973514,
      0.0,
      520.789649846502
    ],
    [
      0.0,
      780.2745906299731,
      364.691046990393
    ],
    [
      0.0,
      0.0,
      1.0
    ]
  ],
  "D0": [
    [
      -2.5677975119109133
    ],
    [
      1.3316617445933823
    ],
    [
      -0.02547579743908947
    ],
    [
      0.025311961174277406
    ],
    [
      0.4267808417347449
    ]
  ],
  "K1": [
    [
      563.1374039699443,
      0.0,
      384.0454883433195
    ],
    [
      0.0,
      551.4620543785642,
      448.5892882269587
    ],
    [
      0.0,
      0.0,
      1.0
    ]
  ],
  "D1": [
    [
      -20.311591394648648
    ],
    [
      104.2066223794285
    ],
    [
      -0.020649985887711608
    ],
    [
      0.03710395542570747
    ],
    [
      -8.12900324001328
    ]
  ],
  "R": [
    [
      0.8114101661248196,
      0.23734491467806626,
      -0.5341169663900912
    ],
    [
      -0.019555403530484433,
      0.9243498959119235,
      0.3810444280138156
    ],
    [
      0.5841499195429648,
      -0.2987384498253906,
      0.7546682781817917
    ]
  ],
  "T": [
    [
      0.42421682973424135
    ],
    [
      -0.1497438057210545
    ],
    [
      0.7204755113583823
    ]
  ],
  "E": [
    [
      -0.07338364270556605,
      -0.6212372315391482,
      -0.38754007915541305
    ],
    [
      0.3367949274021407,
      0.2977310768756403,
      -0.704961178956367
    ],
    [
      0.11320791498640764,
      0.42766571320136476,
      0.08166475199248137
    ]
  ],
  "F": [
    [
      -2.3613417990112942e-07,
      -1.994796405504279e-06,
      -0.00012050798217900985
    ],
    [
      1.106684610376723e-06,
      9.762566599337095e-07,
      -0.0027360329572061453
    ],
    [
      -0.00020062040444906556,
      0.0011014754669862088,
      1.0
    ]
  ],
  "rms0": 22.416508124196305,
  "rms1": 30.821749879854302,
  "rms_stereo": 419531964869.1269,
  "board": "harvard"
}