{
  "image_size": [
    1280,
    720
  ],
  "K0": [
    [
      651.4481460197127,
      0.0,
      623.6609438293766
    ],
    [
      0.0,
      648.8440269008471,
      338.2508168841521
    ],
    [
      0.0,
      0.0,
      1.0
    ]
  ],
  "D0": [
    [
      -3.154478567074165
    ],
    [
      2.1732558042154806
    ],
    [
      0.0021825361162300765
    ],
    [
      0.004431725837828078
    ],
    [
      0.5198425938566165
    ],
    [
      -2.792639569058712
    ],
    [
      0.9657602330432293
    ],
    [
      1.5288829864196416
    ],
    [
      0.0
    ],
    [
      0.0
    ],
    [
      0.0
    ],
    [
      0.0
    ],
    [
      0.0
    ],
    [
      0.0
    ]
  ],
  "K1": [
    [
      643.9531232794751,
      0.0,
      631.1326397104276
    ],
    [
      0.0,
      641.9076298971246,
      371.1303733750238
    ],
    [
      0.0,
      0.0,
      1.0
    ]
  ],
  "D1": [
    [
      -5.310284388683939
    ],
    [
      21.887812589854377
    ],
    [
      0.00015703960468769264
    ],
    [
      -0.00559667406185547
    ],
    [
      2.3039321600502825
    ],
    [
      -4.9996736698503454
    ],
    [
      20.21219463991214
    ],
    [
      9.772952206729911
    ],
    [
      0.0
    ],
    [
      0.0
    ],
    [
      0.0
    ],
    [
      0.0
    ],
    [
      0.0
    ],
    [
      0.0
    ]
  ],
  "R": [
    [
      0.9207521228305706,
      -0.13140081260555606,
      0.36735453549615715
    ],
    [
      0.1472280465578166,
      0.9889847959702782,
      -0.01526353977282453
    ],
    [
      -0.3613024088070369,
      0.06813882730299035,
      0.9299557352928182
    ]
  ],
  "T": [
    [
      -0.72003515117146
    ],
    [
      -0.010139862700504196
    ],
    [
      0.07768951253801416
    ]
  ],
  "E": [
    [
      -0.007774518350336034,
      -0.077524665059864,
      -0.008243806508860271
    ],
    [
      -0.1886176509529387,
      0.038853885739330074,
      0.6981404132356557
    ],
    [
      -0.09667306865323647,
      -0.7134362032712899,
      0.01471520972007583
    ]
  ],
  "F": [
    [
      3.311226786101197e-07,
      3.315086567397198e-06,
      -0.001099109050177908
    ],
    [
      8.05896893271704e-06,
      -1.6667526330483324e-06,
      -0.023894385707421573
    ],
    [
      -0.0005485108449906624,
      0.01817188137704795,
      1.0
    ]
  ],
  "rms0": 3.985727310180664,
  "rms1": 4.132124423980713,
  "rms_stereo": 4.473841250003012,
  "num_keyframes": 50,
  "num_stereo_samples": 45,
  "model": "pinhole_rational",
  "board_source": "grid8x5"
}