{
  "image_size": [
    1280,
    720
  ],
  "K0": [
    [
      648.715809147633,
      0.0,
      654.5295933026267
    ],
    [
      0.0,
      652.1977930546036,
      262.07228601650525
    ],
    [
      0.0,
      0.0,
      1.0
    ]
  ],
  "D0": [
    [
      -0.26946007098556995
    ],
    [
      -0.17711587434807669
    ],
    [
      0.01165266031530373
    ],
    [
      -0.030529179866385512
    ],
    [
      -0.18801401126251896
    ]
  ],
  "K1": [
    [
      630.4050721031937,
      0.0,
      633.0815961901527
    ],
    [
      0.0,
      627.3818027405542,
      354.8990100641019
    ],
    [
      0.0,
      0.0,
      1.0
    ]
  ],
  "D1": [
    [
      -1.0976248854983524
    ],
    [
      0.2840292374639742
    ],
    [
      0.0075438711961299575
    ],
    [
      -0.002505628405957002
    ],
    [
      -0.8008103407839086
    ]
  ],
  "R": [
    [
      0.9127195363231261,
      -0.2830281634009997,
      -0.29468306150159795
    ],
    [
      0.3009612366342612,
      0.9534956800007405,
      0.016380545274858042
    ],
    [
      0.2763428704665162,
      -0.10363902229267943,
      0.9554546409958684
    ]
  ],
  "T": [
    [
      -0.034342050311956654
    ],
    [
      -0.012181108705474425
    ],
    [
      0.07316802657494687
    ]
  ],
  "E": [
    [
      -0.025386902305219967,
      -0.068502959056715,
      -0.012837029017103648
    ],
    [
      0.07627206805007528,
      -0.024267788699039942,
      0.011250893276736978
    ],
    [
      0.0007823099591197195,
      -0.036192593439917105,
      -0.004152107915779429
    ]
  ],
  "F": [
    [
      -7.973328453506794e-05,
      -0.0002140003243783157,
      0.0821166964083951
    ],
    [
      0.00024070396599261854,
      -7.617686326470437e-05,
      -0.11455056268416629
    ],
    [
      -0.03339900594216825,
      0.0912385660158647,
      1.0
    ]
  ],
  "rms0": 35.29839914770353,
  "rms1": 36.775308376859456,
  "rms_stereo": 1231003767.710999,
  "board": "harvard"
}