{
  "image_size": [
    1280,
    720
  ],
  "K0": [
    [
      675.248350126088,
      0.0,
      662.8518037708363
    ],
    [
      0.0,
      676.4404673891122,
      350.8860012738279
    ],
    [
      0.0,
      0.0,
      1.0
    ]
  ],
  "D0": [
    [
      -0.7052691369685132
    ],
    [
      24.002748549447272
    ],
    [
      0.00014789954398102554
    ],
    [
      -0.0015410037660802416
    ],
    [
      6.3235930753137515
    ],
    [
      -0.3149641906113671
    ],
    [
      23.550919478662017
    ],
    [
      15.540590686279497
    ],
    [
      0.0
    ],
    [
      0.0
    ],
    [
      0.0
    ],
    [
      0.0
    ],
    [
      0.0
    ],
    [
      0.0
    ]
  ],
  "K1": [
    [
      675.9219261695645,
      0.0,
      603.7826804650797
    ],
    [
      0.0,
      675.8981327321325,
      365.7436217590629
    ],
    [
      0.0,
      0.0,
      1.0
    ]
  ],
  "D1": [
    [
      12.261396133897284
    ],
    [
      26.229408718497226
    ],
    [
      0.0010573470883880147
    ],
    [
      0.0015946973757770299
    ],
    [
      4.777291154828911
    ],
    [
      12.652884620955941
    ],
    [
      30.685075391619424
    ],
    [
      13.553133574140563
    ],
    [
      0.0
    ],
    [
      0.0
    ],
    [
      0.0
    ],
    [
      0.0
    ],
    [
      0.0
    ],
    [
      0.0
    ]
  ],
  "R": [
    [
      0.864191834601716,
      0.024984647511856736,
      -0.5025417797521203
    ],
    [
      -0.029738322809374815,
      0.9995566741657163,
      -0.0014447447032474537
    ],
    [
      0.502282893561194,
      0.01619328624709682,
      0.864551717548646
    ]
  ],
  "T": [
    [
      14.815621316661291
    ],
    [
      0.36772150884272253
    ],
    [
      3.2920908582983968
    ]
  ],
  "E": [
    [
      0.2826014841480804,
      -3.2846767697201993,
      0.32267049287969135
    ],
    [
      -4.596635106331112,
      -0.15766186723769443,
      -14.463284054904815
    ],
    [
      -0.7583736546856317,
      14.799865776699686,
      0.16339063108439036
    ]
  ],
  "F": [
    [
      -2.0700251008899303e-07,
      2.4017497998677392e-06,
      -0.0008651251146654216
    ],
    [
      3.3671036928097103e-06,
      1.1528613456963478e-07,
      0.00488162356398166
    ],
    [
      -0.0007310372385006747,
      -0.008806880797432878,
      1.0
    ]
  ],
  "rms0": 34.870487213134766,
  "rms1": 48.359527587890625,
  "rms_stereo": 0.6398949515529334,
  "num_keyframes": 30,
  "num_stereo_samples": 19,
  "model": "pinhole_rational",
  "board_source": "harvard"
}