{
  "image_size": [
    1280,
    720
  ],
  "K0": [
    [
      677.8458342814854,
      0.0,
      662.8742757096918
    ],
    [
      0.0,
      678.807319787513,
      357.28025014530454
    ],
    [
      0.0,
      0.0,
      1.0
    ]
  ],
  "D0": [
    [
      -0.3257321256909514
    ],
    [
      -0.8178979064095312
    ],
    [
      -0.0012708264416460184
    ],
    [
      -0.0006451338537357492
    ],
    [
      -0.10965226834408033
    ]
  ],
  "K1": [
    [
      679.7416540355683,
      0.0,
      609.8089128575127
    ],
    [
      0.0,
      679.5379833124459,
      368.5552193098539
    ],
    [
      0.0,
      0.0,
      1.0
    ]
  ],
  "D1": [
    [
      -0.30096593567971514
    ],
    [
      -1.210621644931746
    ],
    [
      -2.846059940402266e-05
    ],
    [
      0.0007227261234814634
    ],
    [
      -0.04596576684717574
    ]
  ],
  "R": [
    [
      0.8378459444715441,
      0.18665934711780385,
      -0.5130033737375821
    ],
    [
      -0.23313040716137373,
      0.9720689258908735,
      -0.027059500626135158
    ],
    [
      0.4936237297672775,
      0.14226837825363345,
      0.8579599768985281
    ]
  ],
  "T": [
    [
      -2.709834415733877
    ],
    [
      3.206148630540882
    ],
    [
      5.857881524822363
    ]
  ],
  "E": [
    [
      2.9482813501807654,
      -5.238131035722907,
      2.909258553780859
    ],
    [
      6.24564085011349,
      1.4789520885791285,
      -0.6801835124670506
    ],
    [
      -2.054513826791731,
      -3.2326034399839543,
      1.7180918302408745
    ]
  ],
  "F": [
    [
      9.094857557226587e-07,
      -1.6135697719905676e-06,
      0.0005819532914946647
    ],
    [
      1.9272325861173325e-06,
      4.5571743360187627e-07,
      -0.001582602013161839
    ],
    [
      -0.0016957083483969961,
      0.0001391383872453118,
      1.0
    ]
  ],
  "rms0": 30.706055710533068,
  "rms1": 32.084836873852126,
  "rms_stereo": 514573184633.36005,
  "board": "harvard"
}