{
  "image_size": [
    1280,
    720
  ],
  "K0": [
    [
      653.5107291474694,
      0.0,
      617.3557382436126
    ],
    [
      0.0,
      656.9335321505831,
      352.2526379799036
    ],
    [
      0.0,
      0.0,
      1.0
    ]
  ],
  "D0": [
    [
      -21.615001210894444
    ],
    [
      115.68418393241748
    ],
    [
      -0.0024116109470100054
    ],
    [
      0.015342346653899082
    ],
    [
      13.053035410384167
    ],
    [
      -21.21075723858737
    ],
    [
      106.88015580792133
    ],
    [
      61.010629163665534
    ],
    [
      0.0
    ],
    [
      0.0
    ],
    [
      0.0
    ],
    [
      0.0
    ],
    [
      0.0
    ],
    [
      0.0
    ]
  ],
  "K1": [
    [
      625.1284884027972,
      0.0,
      654.1647462408666
    ],
    [
      0.0,
      626.9167123206315,
      381.07507439249866
    ],
    [
      0.0,
      0.0,
      1.0
    ]
  ],
  "D1": [
    [
      -1.5941246199372119
    ],
    [
      0.5699119709898341
    ],
    [
      -0.001112867363256289
    ],
    [
      -0.014908956309278593
    ],
    [
      0.058590100118669546
    ],
    [
      -1.2260272476102096
    ],
    [
      -0.04724245990119225
    ],
    [
      0.319299646101709
    ],
    [
      0.0
    ],
    [
      0.0
    ],
    [
      0.0
    ],
    [
      0.0
    ],
    [
      0.0
    ],
    [
      0.0
    ]
  ],
  "R": [
    [
      0.8521640978709548,
      -0.25520463052967285,
      0.4568226645603249
    ],
    [
      0.22836431726667464,
      0.9668613443096673,
      0.11414411714595091
    ],
    [
      -0.47081428281128807,
      0.007052477289305865,
      0.8822041564541488
    ]
  ],
  "T": [
    [
      -1.1019776990935555
    ],
    [
      -0.12983946914203756
    ],
    [
      0.2147979610994296
    ]
  ],
  "E": [
    [
      0.012078086807961803,
      -0.20859553533094988,
      -0.13906284298335042
    ],
    [
      -0.3357837293279498,
      -0.04704576160472815,
      1.0702938833916804
    ],
    [
      -0.14100785080713268,
      -1.0985952732954316,
      -0.06647065931899654
    ]
  ],
  "F": [
    [
      -1.819295111058368e-07,
      3.125656915010154e-06,
      0.00038018521894628017
    ],
    [
      5.043407938159343e-06,
      7.029367429621392e-07,
      -0.013866772525829857
    ],
    [
      -0.000475151269371166,
      0.007978095786167948,
      1.0
    ]
  ],
  "rms0": 4.529759883880615,
  "rms1": 3.7989320755004883,
  "rms_stereo": 4.207745730548466,
  "num_keyframes": 50,
  "num_stereo_samples": 43,
  "model": "pinhole_rational",
  "board_source": "grid8x5"
}