{
  "image_size": [
    1280,
    720
  ],
  "K0": [
    [
      650.6219133091083,
      0.0,
      641.0298599708015
    ],
    [
      0.0,
      651.2858818683097,
      354.28131593265334
    ],
    [
      0.0,
      0.0,
      1.0
    ]
  ],
  "D0": [
    [
      -32.2204888160402
    ],
    [
      257.9532883021604
    ],
    [
      0.004835424713363493
    ],
    [
      0.014884301863418454
    ],
    [
      30.485558307771697
    ],
    [
      -31.808031947174495
    ],
    [
      244.55002955469232
    ],
    [
      139.4206764960866
    ],
    [
      0.0
    ],
    [
      0.0
    ],
    [
      0.0
    ],
    [
      0.0
    ],
    [
      0.0
    ],
    [
      0.0
    ]
  ],
  "K1": [
    [
      591.363809843884,
      0.0,
      643.8964042640415
    ],
    [
      0.0,
      601.8320467794665,
      372.26196674153556
    ],
    [
      0.0,
      0.0,
      1.0
    ]
  ],
  "D1": [
    [
      35.08682525379076
    ],
    [
      -28.458689521091046
    ],
    [
      0.0006689099608393256
    ],
    [
      -0.02686186855218064
    ],
    [
      -1.4776421521649836
    ],
    [
      34.427543252146805
    ],
    [
      -15.323884165952553
    ],
    [
      -12.057348038696693
    ],
    [
      0.0
    ],
    [
      0.0
    ],
    [
      0.0
    ],
    [
      0.0
    ],
    [
      0.0
    ],
    [
      0.0
    ]
  ],
  "R": [
    [
      0.8410428794602578,
      -0.16723448242838215,
      0.5144701184676419
    ],
    [
      0.20122874819778172,
      0.9794872461769848,
      -0.010570027217582906
    ],
    [
      -0.5021492465472313,
      0.11241602405145726,
      0.857443159473857
    ]
  ],
  "T": [
    [
      -1.2058121665785022
    ],
    [
      -0.02915693524811542
    ],
    [
      0.14511381433533832
    ]
  ],
  "E": [
    [
      -0.014559938138437875,
      -0.1454148371196777,
      -0.023466557712546954
    ],
    [
      -0.4834507306668252,
      0.11128457588605005,
      1.1085721150954806
    ],
    [
      -0.21812184006493576,
      -1.1859536834240971,
      0.027745839351278685
    ]
  ],
  "F": [
    [
      2.881921641078538e-07,
      2.875334545591736e-06,
      -0.0009012127380577013
    ],
    [
      9.40273708907507e-06,
      -2.162191070895026e-06,
      -0.019289377472572165
    ],
    [
      -0.0011326961029849206,
      0.012821110306408277,
      1.0
    ]
  ],
  "rms0": 3.708096742630005,
  "rms1": 3.8661136627197266,
  "rms_stereo": 3.978247745579192,
  "num_keyframes": 50,
  "num_stereo_samples": 33,
  "model": "pinhole_rational",
  "board_source": "grid8x5"
}