{
  "image_size": [
    1280,
    720
  ],
  "K0": [
    [
      695.3553420321516,
      0.0,
      717.2572997615587
    ],
    [
      0.0,
      689.3987505546534,
      291.7829267746252
    ],
    [
      0.0,
      0.0,
      1.0
    ]
  ],
  "D0": [
    [
      -20.531456966339068
    ],
    [
      226.2014272177973
    ],
    [
      0.0018493209355093026
    ],
    [
      -0.026269052085498474
    ],
    [
      -23.861779676415807
    ]
  ],
  "K1": [
    [
      541.9478637851864,
      0.0,
      558.4833202885299
    ],
    [
      0.0,
      534.7823819303055,
      396.8249723764832
    ],
    [
      0.0,
      0.0,
      1.0
    ]
  ],
  "D1": [
    [
      22.015442127921542
    ],
    [
      -2.449128452931675
    ],
    [
      -0.0024801747712727223
    ],
    [
      0.00437981949921881
    ],
    [
      -1.650576456781126
    ]
  ],
  "R": [
    [
      0.4462072612907812,
      -0.09397858513735652,
      -0.8899815197558663
    ],
    [
      0.28705582958406595,
      0.956954096658764,
      0.04286965814901125
    ],
    [
      0.8476426314628025,
      -0.27460313622315025,
      0.45397696737084114
    ]
  ],
  "T": [
    [
      1.2250316333273412
    ],
    [
      -0.04440065647612272
    ],
    [
      1.448804541753985
    ]
  ],
  "E": [
    [
      -0.45352367893244927,
      -1.374246881970589,
      -0.08226663080603293
    ],
    [
      -0.3919219305770716,
      0.20024092750964045,
      -1.8455454137307075
    ],
    [
      0.37146436709722674,
      1.1681263291743802,
      0.013000923613690173
    ]
  ],
  "F": [
    [
      1.6510890791405508e-06,
      5.046282990229522e-06,
      -0.002448417225848433
    ],
    [
      1.445940829256751e-06,
      -7.451438255041766e-07,
      0.003914899839211522
    ],
    [
      -0.0022287919593417032,
      -0.004847204940200634,
      1.0
    ]
  ],
  "rms0": 34.21324734157039,
  "rms1": 36.62056780987648,
  "rms_stereo": 160946392403.6547,
  "board": "harvard"
}