{
  "image_size": [
    1280,
    720
  ],
  "K0": [
    [
      675.4367155252065,
      0.0,
      659.2023614673733
    ],
    [
      0.0,
      675.4058814937953,
      343.53795495121847
    ],
    [
      0.0,
      0.0,
      1.0
    ]
  ],
  "D0": [
    [
      -5.1599369831643624
    ],
    [
      6.992394808762131
    ],
    [
      0.0013430966805736753
    ],
    [
      0.0008348907364538415
    ],
    [
      2.2517148620104397
    ],
    [
      -4.801764357944912
    ],
    [
      5.045972214226467
    ],
    [
      5.284734094330192
    ],
    [
      0.0
    ],
    [
      0.0
    ],
    [
      0.0
    ],
    [
      0.0
    ],
    [
      0.0
    ],
    [
      0.0
    ]
  ],
  "K1": [
    [
      640.9264719068436,
      0.0,
      717.0569714462194
    ],
    [
      0.0,
      653.9076713503634,
      370.9019972260746
    ],
    [
      0.0,
      0.0,
      1.0
    ]
  ],
  "D1": [
    [
      -45.853852188769885
    ],
    [
      506.71292164525363
    ],
    [
      -0.0139741008009781
    ],
    [
      0.009078832718861049
    ],
    [
      503.18016613268696
    ],
    [
      -45.37459263982046
    ],
    [
      477.10230536579763
    ],
    [
      937.5211786131543
    ],
    [
      0.0
    ],
    [
      0.0
    ],
    [
      0.0
    ],
    [
      0.0
    ],
    [
      0.0
    ],
    [
      0.0
    ]
  ],
  "R": [
    [
      0.946266632420583,
      -0.06138188507868461,
      0.31750862122404905
    ],
    [
      0.05666874068675355,
      0.9981029005659834,
      0.02406769018306773
    ],
    [
      -0.31838359599135596,
      -0.004781638417719154,
      0.9479499046561771
    ]
  ],
  "T": [
    [
      0.3584775598912041
    ],
    [
      0.3729406439750404
    ],
    [
      3.167616435977044
    ]
  ],
  "E": [
    [
      -0.298243017725587,
      -3.16339041993993,
      0.2772918368986641
    ],
    [
      3.111543112272455,
      -0.19272015797422945,
      0.6659267584334615
    ],
    [
      -0.3325868153835302,
      0.3806892920648734,
      -0.10978414281788043
    ]
  ],
  "F": [
    [
      6.120065367135456e-07,
      6.491699333256952e-06,
      -0.003017914133672435
    ],
    [
      -6.258256737696443e-06,
      3.876363736100284e-07,
      0.003087622948947352
    ],
    [
      0.00231977674973331,
      -0.005299401302097579,
      1.0
    ]
  ],
  "rms0": 0.5165794763251078,
  "rms1": 26.685187772327613,
  "rms_stereo": 4.813891942401797e+22,
  "num_keyframes": 30,
  "num_stereo_samples": 30,
  "model": "pinhole_rational",
  "board_source": "harvard"
}