{
  "image_size": [
    1280,
    720
  ],
  "K0": [
    [
      741.0018014784604,
      0.0,
      552.2483929724922
    ],
    [
      0.0,
      730.2890373361378,
      447.46156693891453
    ],
    [
      0.0,
      0.0,
      1.0
    ]
  ],
  "D0": [
    [
      -64.1834061790784
    ],
    [
      1112.5959170187148
    ],
    [
      -0.0510010577501045
    ],
    [
      0.005735620385906186
    ],
    [
      339.34098702182297
    ]
  ],
  "K1": [
    [
      711.8854692233053,
      0.0,
      647.3449944145126
    ],
    [
      0.0,
      722.4161154655234,
      315.0823800799602
    ],
    [
      0.0,
      0.0,
      1.0
    ]
  ],
  "D1": [
    [
      9.036190218978943
    ],
    [
      -17.229124335644347
    ],
    [
      0.0069548678417148116
    ],
    [
      -0.025053422497836247
    ],
    [
      4.680894927367925
    ]
  ],
  "R": [
    [
      0.9694537826586264,
      -0.032845050413534034,
      0.2430649418410917
    ],
    [
      0.11667102163352916,
      0.9334508053239127,
      -0.33920121867577
    ],
    [
      -0.2157480845798392,
      0.3571985396155356,
      0.90876947973436
    ]
  ],
  "T": [
    [
      -0.07400150802005816
    ],
    [
      0.16596702019512433
    ],
    [
      0.6783462664234734
    ]
  ],
  "E": [
    [
      -0.11495041863543837,
      -0.5739196914434201,
      0.3809216428507859
    ],
    [
      0.6416596703252454,
      0.004152913275600547,
      0.23213250773928956
    ],
    [
      -0.1695311870678659,
      -0.06362557211121439,
      -0.015239362407018689
    ]
  ],
  "F": [
    [
      4.488128230540778e-07,
      2.2736850580768193e-06,
      -0.002367313934139377
    ],
    [
      -2.468778610720759e-06,
      -1.621267760358385e-08,
      0.0007088246309996204
    ],
    [
      0.0009585418326640907,
      -0.0012873095890514263,
      1.0
    ]
  ],
  "rms0": 19.90301524760514,
  "rms1": 19.319633056358395,
  "rms_stereo": 40571098517.87924,
  "board": "harvard"
}