{
  "size": [
    1280,
    720
  ],
  "ids0": [
    33,
    32,
    35,
    25,
    26,
    24,
    27,
    17,
    18,
    16,
    28,
    19,
    38,
    12,
    34,
    13,
    4,
    31,
    14,
    5,
    36,
    6,
    15
  ],
  "ids1": [
    37,
    38,
    29,
    22,
    35,
    28,
    26,
    39,
    30,
    23,
    27,
    18,
    12,
    14,
    10,
    24,
    4,
    6,
    16,
    7,
    2,
    36,
    8,
    1,
    0
  ],
  "corners0": [
    [
      [
        532.0,
        228.0
      ],
      [
        477.0,
        232.0
      ],
      [
        474.0,
        176.0
      ],
      [
        531.0,
        174.0
      ]
    ],
    [
      [
        450.0,
        232.0
      ],
      [
        397.0,
        235.0
      ],
      [
        393.0,
        180.0
      ],
      [
        447.0,
        176.0
      ]
    ],
    [
      [
        691.0,
        228.0
      ],
      [
        638.0,
        227.0
      ],
      [
        641.0,
        173.0
      ],
      [
        695.0,
        175.0
      ]
    ],
    [
      [
        533.0,
        306.0
      ],
      [
        480.0,
        310.0
      ],
      [
        476.0,
        257.0
      ],
      [
        531.0,
        255.0
      ]
    ],
    [
      [
        609.0,
        306.0
      ],
      [
        557.0,
        306.0
      ],
      [
        558.0,
        254.0
      ],
      [
        613.0,
        255.0
      ]
    ],
    [
      [
        454.0,
        309.0
      ],
      [
        402.0,
        312.0
      ],
      [
        397.0,
        261.0
      ],
      [
        450.0,
        257.0
      ]
    ],
    [
      [
        687.5,
        303.4881896972656
      ],
      [
        637.790283203125,
        304.3473205566406
      ],
      [
        637.0,
        254.0
      ],
      [
        690.3819580078125,
        254.0368194580078
      ]
    ],
    [
      [
        534.0,
        379.0
      ],
      [
        484.0,
        382.0
      ],
      [
        480.0,
        334.0
      ],
      [
        532.0,
        332.0
      ]
    ],
    [
      [
        609.0,
        377.0
      ],
      [
        559.0,
        378.0
      ],
      [
        559.0,
        331.0
      ],
      [
        611.0,
        330.0
      ]
    ],
    [
      [
        459.0,
        382.0
      ],
      [
        410.0,
        384.0
      ],
      [
        404.0,
        337.0
      ],
      [
        454.0,
        334.0
      ]
    ],
    [
      [
        760.0,
        302.0
      ],
      [
        712.0,
        302.0
      ],
      [
        716.0,
        253.0
      ],
      [
        765.0,
        254.0
      ]
    ],
    [
      [
        681.404052734375,
        373.5292053222656
      ],
      [
        634.0,
        375.0
      ],
      [
        637.0,
        328.0
      ],
      [
        686.0,
        328.0
      ]
    ],
    [
      [
        898.0,
        235.0
      ],
      [
        856.0,
        232.0
      ],
      [
        862.0,
        181.0
      ],
      [
        904.0,
        185.0
      ]
    ],
    [
      [
        747.0,
        435.0
      ],
      [
        700.0,
        437.0
      ],
      [
        705.0,
        393.0
      ],
      [
        753.0,
        392.0
      ]
    ],
    [
      [
        613.0,
        227.0
      ],
      [
        558.0,
        229.0
      ],
      [
        557.0,
        174.0
      ],
      [
        614.0,
        173.0
      ]
    ],
    [
      [
        809.0,
        430.0
      ],
      [
        766.0,
        432.0
      ],
      [
        773.0,
        389.0
      ],
      [
        817.0,
        388.0
      ]
    ],
    [
      [
        739.0,
        491.0
      ],
      [
        695.0,
        494.0
      ],
      [
        700.0,
        455.0
      ],
      [
        745.0,
        453.0
      ]
    ],
    [
      [
        942.0,
        302.0
      ],
      [
        906.0,
        301.0
      ],
      [
        914.0,
        255.0
      ],
      [
        950.0,
        257.0
      ]
    ],
    [
      [
        866.0,
        424.0
      ],
      [
        828.0,
        427.0
      ],
      [
        836.0,
        386.0
      ],
      [
        875.0,
        384.0
      ]
    ],
    [
      [
        799.0,
        485.0
      ],
      [
        758.0,
        488.0
      ],
      [
        765.0,
        450.0
      ],
      [
        807.0,
        448.0
      ]
    ],
    [
      [
        766.0,
        229.0
      ],
      [
        717.0,
        227.0
      ],
      [
        721.0,
        175.0
      ],
      [
        771.0,
        178.0
      ]
    ],
    [
      [
        854.0,
        478.0
      ],
      [
        818.0,
        481.0
      ],
      [
        825.0,
        445.0
      ],
      [
        863.0,
        442.0
      ]
    ],
    [
      [
        919.0,
        417.0
      ],
      [
        885.0,
        422.0
      ],
      [
        892.0,
        383.0
      ],
      [
        926.0,
        379.0
      ]
    ]
  ],