{
  "size": [
    1280,
    720
  ],
  "ids0": [
    32,
    33,
    24,
    25,
    16,
    26,
    34,
    17,
    8,
    18,
    35,
    9,
    27,
    10,
    19,
    0
  ],
  "ids1": [
    34,
    35,
    33,
    26,
    27,
    32,
    28,
    37,
    24,
    19,
    18,
    29,
    17,
    10,
    20,
    16,
    21,
    31,
    3,
    25,
    36,
    4,
    14,
    23,
    5,
    15,
    6,
    7
  ],
  "corners0": [
    [
      [
        351.0,
        122.0
      ],
      [
        269.0,
        122.0
      ],
      [
        279.0,
        34.0
      ],
      [
        363.0,
        37.0
      ]
    ],
    [
      [
        470.0,
        127.0
      ],
      [
        391.0,
        123.0
      ],
      [
        404.0,
        37.0
      ],
      [
        485.0,
        45.0
      ]
    ],
    [
      [
        342.0,
        244.0
      ],
      [
        265.0,
        249.0
      ],
      [
        266.0,
        167.0
      ],
      [
        347.0,
        164.0
      ]
    ],
    [
      [
        455.0,
        241.0
      ],
      [
        380.0,
        243.0
      ],
      [
        388.0,
        162.0
      ],
      [
        466.0,
        164.0
      ]
    ],
    [
      [
        341.0,
        354.0
      ],
      [
        267.0,
        363.0
      ],
      [
        263.0,
        289.0
      ],
      [
        341.0,
        282.0
      ]
    ],
    [
      [
        557.0,
        239.0
      ],
      [
        488.0,
        240.0
      ],
      [
        500.0,
        162.0
      ],
      [
        571.0,
        166.0
      ]
    ],
    [
      [
        575.0,
        132.0
      ],
      [
        507.0,
        127.0
      ],
      [
        522.0,
        48.0
      ],
      [
        590.0,
        59.0
      ]
    ],
    [
      [
        445.0,
        343.0
      ],
      [
        374.081787109375,
        352.918212890625
      ],
      [
        378.0,
        280.0
      ],
      [
        451.0,
        275.0
      ]
    ],
    [
      [
        344.0,
        449.0
      ],
      [
        274.0,
        459.0
      ],
      [
        267.0,
        395.0
      ],
      [
        342.0,
        386.0
      ]
    ],
    [
      [
        541.0,
        335.0
      ],
      [
        476.0,
        341.0
      ],
      [
        485.0,
        272.0
      ],
      [
        552.0,
        269.0
      ]
    ],
    [
      [
        664.0,
        142.0
      ],
      [
        606.0,
        136.0
      ],
      [
        622.0,
        61.0
      ],
      [
        680.0,
        73.0
      ]
    ],
    [
      [
        440.0,
        434.0
      ],
      [
        374.0,
        445.0
      ],
      [
        373.0,
        383.0
      ],
      [
        444.28082275390625,
        373.42926025390625
      ]
    ],
    [
      [
        642.0,
        238.0
      ],
      [
        586.0,
        238.0
      ],
      [
        600.0,
        167.0
      ],
      [
        658.0,
        172.0
      ]
    ],
    [
      [
        526.0,
        420.0
      ],
      [
        467.98529052734375,
        428.639404296875
      ],
      [
        474.0,
        370.0
      ],
      [
        535.4691772460938,
        362.9025573730469
      ]
    ],
    [
      [
        624.0,
        325.0
      ],
      [
        571.2898559570312,
        331.2804260253906
      ],
      [
        580.0,
        268.0
      ],
      [
        636.0,
        265.0
      ]
    ],
    [
      [
        348.0,
        525.0
      ],
      [
        286.0,
        536.0
      ],
      [
        277.0,
        486.0
      ],
      [
        344.0,
        475.0
      ]
    ]
  ],
  "corners1": [
    [
      [
        357.0,
        234.0
      ],
      [
        296.0,
        239.0
      ],
      [
        293.0,
        175.0
      ],
      [
        356.0,
        170.0
      ]
    ],
    [
      [
        448.0,
        229.0
      ],
      [
        386.0,
        233.0
      ],
      [
        385.0,
        170.0
      ],
      [
        448.0,
        167.0
      ]
    ],
    [
      [
        268.0,
        241.0
      ],
      [
        210.0,
        248.0
      ],
      [
        205.0,
        184.0
      ],
      [
        264.0,
        177.0
      ]
    ],
    [
      [
        361.0,
        321.0
      ],
      [
        302.0,
        328.0
      ],
      [
        296.0,
        268.0
      ],
      [
        357.0,
        262.0
      ]
    ],
    [
      [
        447.0,
        315.0
      ],
      [
        389.0,
        321.0
      ],
      [
        385.0,
        262.0
      ],
      [
        446.0,
        257.0
      ]
    ],
    [
      [
        183.0,
        249.0
      ],
      [
        130.0,
        257.0
      ],
      [
        124.0,
        195.0
      ],
      [
        178.0,
        186.0
      ]
    ],
    [
      [
        532.0,
        309.0
      ],
      [
        475.0,
        314.0
      ],
      [
        474.0,
        257.0
      ],
      [
        533.0,
        253.0
      ]
    ],
    [
      [
        616.0,
        226.0
      ],
      [
        562.0,
        225.0
      ],
      [
        566.0,
        167.0
      ],
      [
        622.0,
        169.0
      ]
    ],
    [
      [
        192.0,
        337.0
      ],
      [
        142.0,
        343.0
      ],
      [
        132.0,
        285.0
      ],
      [
        185.0,
        278.0
      ]
    ],
    [
      [
        449.0,
        394.0
      ],
      [
        393.0,
        401.0
      ],
      [
        389.0,
        347.0
      ],
      [
        447.0,
        342.0
      ]
    ],
    [
      [
        366.0,
        402.0
      ],
      [
        311.0,
        408.0
      ],
      [
        304.0,
        355.0
      ],
      [
        361.5600891113281,
        349.40203857421875
      ]
    ],
    [
      [
        611.0,
        305.0
      ],
      [
        558.0,
        309.0
      ],
      [
        560.0,
        254.0
      ],
      [
        614.0,
        251.0
      ]
    ],
    [
      [
        284.0,
        410.0
      ],
      [
        231.0,
        415.0
      ],
      [
        222.0,
        362.0
      ],
      [
        276.0,
        356.0
      ]
    ],
    [
      [
        375.0,
        476.0
      ],
      [
        320.0,
        482.0
      ],
      [
        311.0,
        432.0
      ],
      [
        369.0,
        426.0
      ]
    ],
    [
      [
        529.0,
        387.0
      ],
      [
        475.0,
        393.0
      ],
      [
        474.0,
        341.0
      ],
      [
        530.0,
        336.0
      ]
    ],
    [
      [
        206.0,
        416.0
      ],
      [
        157.0,
        421.0
      ],
      [
        146.0,
        369.0
      ],
      [
        196.0,
        364.0
      ]
    ],
    [
      [
        605.0,
        378.0
      ],
      [
        555.0,
        385.0
      ],
      [
        556.0,
        335.0
      ],
      [
        607.0,
        331.0
      ]
    ],
    [
      [
        747.0,
        301.0
      ],
      [
        704.0,
        302.0
      ],
      [
        711.0,
        249.0
      ],
      [
        755.0,
        250.0
      ]
    ],
    [
      [
        456.0,
        529.0
      ],
      [
        405.0,
        537.0
      ],
      [
        399.0,
        494.0
      ],
      [
        453.0,
        487.0
      ]
    ],
    [
      [
        268.0,
        325.0
      ],
      [
        223.0,
        329.0
      ],
      [
        217.0,
        281.0
      ],
      [
        263.0,
        276.0
      ]
    ],
    [
      [
        534.0,
        227.0
      ],
      [
        475.0,
        228.0
      ],
      [
        478.0,
        166.0
      ],
      [
        539.0,
        168.0
      ]
    ],
    [
      [
        526.0,
        520.0
      ],
      [
        476.0,
        526.0
      ],
      [
        475.0,
        484.0
      ],
      [
