{
  "size": [
    1280,
    720
  ],
  "ids0": [
    32,
    24,
    33,
    25,
    16,
    26,
    17,
    8,
    18,
    35,
    9,
    27,
    10,
    19,
    2,
    12,
    21,
    4,
    7
  ],
  "ids1": [
    34,
    35,
    33,
    26,
    27,
    32,
    25,
    28,
    37,
    24,
    18,
    19,
    29,
    17,
    30,
    20,
    21,
    13,
    36,
    14,
    23,
    15,
    6,
    7
  ],
  "corners0": [
    [
      [
        368.0,
        133.0
      ],
      [
        290.0,
        133.0
      ],
      [
        300.0,
        48.0
      ],
      [
        380.0,
        52.0
      ]
    ],
    [
      [
        362.0,
        250.0
      ],
      [
        284.0,
        256.0
      ],
      [
        285.0,
        174.0
      ],
      [
        366.0,
        171.0
      ]
    ],
    [
      [
        484.0,
        137.0
      ],
      [
        408.0,
        134.0
      ],
      [
        420.0,
        51.0
      ],
      [
        498.0,
        59.0
      ]
    ],
    [
      [
        468.0,
        247.0
      ],
      [
        397.0,
        248.0
      ],
      [
        405.0,
        171.0
      ],
      [
        479.0,
        173.0
      ]
    ],
    [
      [
        358.0,
        354.0
      ],
      [
        287.0,
        362.0
      ],
      [
        283.0,
        293.0
      ],
      [
        358.0,
        286.0
      ]
    ],
    [
      [
        567.0,
        245.0
      ],
      [
        501.0,
        246.0
      ],
      [
        513.0,
        171.0
      ],
      [
        581.0,
        175.0
      ]
    ],
    [
      [
        458.0,
        345.0
      ],
      [
        391.0,
        350.0
      ],
      [
        395.0,
        284.0
      ],
      [
        464.0,
        280.0
      ]
    ],
    [
      [
        360.0,
        445.0
      ],
      [
        293.0,
        455.0
      ],
      [
        286.0,
        394.0
      ],
      [
        358.0,
        385.0
      ]
    ],
    [
      [
        550.0,
        338.0
      ],
      [
        489.0,
        343.0
      ],
      [
        498.0,
        277.0
      ],
      [
        561.3344116210938,
        273.7317199707031
      ]
    ],
    [
      [
        672.0,
        151.0
      ],
      [
        615.0,
        145.0
      ],
      [
        630.0,
        74.0
      ],
      [
        688.0,
        85.0
      ]
    ],
    [
      [
        451.0,
        433.0
      ],
      [
        388.0,
        441.0
      ],
      [
        390.0,
        382.0
      ],
      [
        458.0,
        376.0
      ]
    ],
    [
      [
        651.0,
        244.0
      ],
      [
        596.0,
        244.0
      ],
      [
        610.0,
        176.0
      ],
      [
        666.0,
        180.0
      ]
    ],
    [
      [
        537.0,
        419.0
      ],
      [
        480.0,
        426.0
      ],
      [
        487.0,
        371.0
      ],
      [
        547.0,
        365.0
      ]
    ],
    [
      [
        632.0,
        329.0
      ],
      [
        579.0,
        333.0
      ],
      [
        591.0,
        272.0
      ],
      [
        645.0,
        272.0
      ]
    ],
    [
      [
        528.0,
        490.0
      ],
      [
        472.0,
        500.0
      ],
      [
        477.0,
        451.0
      ],
      [
        537.0,
        442.0
      ]
    ],
    [
      [
        682.0,
        396.0
      ],
      [
        637.0,
        402.0
      ],
      [
        650.0,
        350.0
      ],
      [
        697.0,
        346.0
      ]
    ],
    [
      [
        762.0,
        317.0
      ],
      [
        723.0,
        322.0
      ],
      [
        736.0,
        269.0
      ],
      [
        776.0,
        266.0
      ]
    ],
    [
      [
        664.0,
        459.0
      ],
      [
        621.0,
        468.0
      ],
      [
        633.0,
        423.0
      ],
      [
        677.0,
        416.0
      ]
    ],
    [
      [
        812.0,
        419.0
      ],
      [
        783.0,
        429.0
      ],
      [
        796.0,
        390.0
      ],
      [
        825.0,
        382.0
      ]
    ]
  ],