{
  "size": [
    1280,
    720
  ],
  "ids0": [
    24,
    16,
    33,
    17,
    8,
    9,
    0,
    34,
    26,
    1,
    28
  ],
  "ids1": [
    33,
    32,
    34,
    25,
    24,
    26,
    35,
    17,
    16,
    27,
    28,
    18,
    19,
    9,
    8,
    0,
    10,
    1,
    12,
    11,
    38,
    13,
    4,
    22,
    5,
    14
  ],
  "corners0": [
    [
      [
        426.0,
        211.0
      ],
      [
        356.0,
        202.0
      ],
      [
        376.0,
        119.0
      ],
      [
        446.0,
        134.0
      ]
    ],
    [
      [
        404.0,
        319.0
      ],
      [
        335.0,
        316.0
      ],
      [
        349.0,
        239.0
      ],
      [
        419.0,
        247.0
      ]
    ],
    [
      [
        550.0,
        122.0
      ],
      [
        487.0,
        106.0
      ],
      [
        510.0,
        30.0
      ],
      [
        571.0,
        51.0
      ]
    ],
    [
      [
        497.0,
        324.0
      ],
      [
        435.0,
        321.0
      ],
      [
        452.0,
        247.0
      ],
      [
        515.0,
        256.0
      ]
    ],
    [
      [
        386.0,
        418.0
      ],
      [
        322.0,
        419.0
      ],
      [
        332.0,
        351.0
      ],
      [
        398.0,
        354.0
      ]
    ],
    [
      [
        475.0,
        416.0
      ],
      [
        417.0,
        417.0
      ],
      [
        430.0,
        351.0
      ],
      [
        491.0,
        354.0
      ]
    ],
    [
      [
        376.0,
        505.0
      ],
      [
        313.0,
        510.0
      ],
      [
        318.0,
        450.0
      ],
      [
        384.0,
        448.0
      ]
    ],
    [
      [
        627.0,
        144.0
      ],
      [
        577.0,
        129.0
      ],
      [
        597.0,
        61.0
      ],
      [
        647.0,
        80.0
      ]
    ],
    [
      [
        600.433837890625,
        235.7754669189453
      ],
      [
        549.0,
        228.0
      ],
      [
        569.0,
        159.0
      ],
      [
        620.0,
        173.0
      ]
    ],
    [
      [
        458.0,
        496.0
      ],
      [
        403.0,
        501.0
      ],
      [
        413.0,
        445.0
      ],
      [
        471.0,
        443.0
      ]
    ],
    [
      [
        722.0,
        258.0
      ],
      [
        686.0,
        252.0
      ],
      [
        705.0,
        193.0
      ],
      [
        740.0,
        203.0
      ]
    ]
  ],
  "corners1": [
    [
      [
        350.0,
        226.0
      ],
      [
        292.0,
        221.0
      ],
      [
        302.0,
        159.0
      ],
      [
        360.0,
        166.0
      ]
    ],
    [
      [
        264.0,
        220.0
      ],
      [
        208.0,
        216.0
      ],
      [
        217.0,
        153.0
      ],
      [
        274.0,
        158.0
      ]
    ],
    [
      [
        434.0,
        234.0
      ],
      [
        377.0,
        227.0
      ],
      [
        387.0,
        168.0
      ],
      [
        444.0,
        176.0
      ]
    ],
    [
      [
        340.0,
        313.0
      ],
      [
        283.0,
        308.0
      ],
      [
        290.0,
        249.0
      ],
      [
        347.0,
        254.0
      ]
    ],
    [
      [
        257.0,
        308.0
      ],
      [
        201.0,
        304.0
      ],
      [
        206.0,
        244.0
      ],
      [
        262.0,
        248.0
      ]
    ],
    [
      [
        422.0,
        317.0
      ],
      [
        367.0,
        313.0
      ],
      [
        375.0,
        255.0
      ],
      [
        431.0,
        262.0
      ]
    ],
    [
      [
        513.0,
        243.0
      ],
      [
        461.0,
        236.0
      ],
      [
        471.0,
        179.0
      ],
      [
        524.0,
        188.0
      ]
    ],
    [
      [
        333.0,
        394.0
      ],
      [
        279.0,
        392.0
      ],
      [
        283.0,
        336.0
      ],
      [
        338.0,
        340.0
      ]
    ],
    [
      [
        252.0,
        392.0
      ],
      [
        200.0,
        388.0
      ],
      [
        201.0,
        332.0
      ],
      [
        256.0,
        336.0
      ]
    ],
    [
      [
        500.0,
        322.0
      ],
      [
        448.0,
        318.0
      ],
      [
        457.0,
        263.0
      ],
      [
        510.0,
        269.0
      ]
    ],
    [
      [
        574.0,
        329.0
      ],
      [
        523.0,
        325.0
      ],
      [
        534.0,
        269.0
      ],
      [
        585.0,
        275.0
      ]
    ],
    [
      [
        412.0,
        397.0
      ],
      [
        360.0,
        394.0
      ],
      [
        365.0,
        340.0
      ],
      [
        419.0,
        344.0
      ]
    ],
    [
      [
        488.0,
        398.0
      ],
      [
        438.0,
        396.0
      ],
      [
        446.0,
        344.0
      ],
      [
        497.0,
        348.0
      ]
    ],
    [
      [
        331.0,
        468.0
      ],
      [
        280.0,
        469.0
      ],
      [
        278.0,
        419.0
      ],
      [
        332.0,
        419.0
      ]
    ],
    [
      [
        254.0,
        467.0
      ],
      [
        204.0,
        466.0
      ],
      [
        200.0,
        416.0
      ],
      [
        253.0,
        417.0
      ]
    ],
    [
      [
        258.0,
        537.0
      ],
      [
        208.0,
        537.0
      ],
      [
        202.0,
        489.0
      ],
      [
        255.0,
        490.0
      ]
    ],
    [
      [
        407.0,
        468.0
      ],
      [
        356.0,
        469.0
      ],
      [
        358.0,
        421.0
      ],
      [
        410.0,
        421.0
      ]
    ],
    [
      [
        331.0,
        537.0
      ],
      [
        280.0,
        538.0
      ],
      [
        277.0,
        491.0
      ],
      [
        331.0,
        491.0
      ]
    ],
    [
      [
        548.0,
        468.0
      ],
      [
        501.0,
        469.0
      ],
      [
        509.0,
        420.0
      ],
      [
        558.0,
        422.0
      ]
    ],
    [
      [
        479.0,
        468.0
      ],
      [
        431.0,
        468.0
      ],
      [
        437.0,
        421.0
      ],
      [
        486.0,
        423.0
      ]
    ],
    [
      [
        712.0,
        271.0
      ],
      [
        673.0,
        264.0
      ],
      [
        684.0,
        214.0
      ],
      [
        723.0,
        223.0
      ]
    ],
    [
      [
        611.0,
        466.0
      ],
      [
        568.0,
        467.0
      ],
      [
        577.0,
        421.0
      ],
      [
        621.0,
        422.0
      ]
    ],
    [
      [
        537.0,
        529.0
      ],
      [
        492.0,
        531.0
      ],
      [
        499.0,
        488.0
      ],
      [
        546.0,
        488.0
      ]
    ],
    [
      [
        682.0,
        403.0
      ],
      [
        644.0,
        402.0
      ],
      [
        655.0,
        355.0
      ],
      [
        693.0,
        358.0
      ]
    ],
    [
      [
        597.0,
        525.0
      ],
      [
        557.0,
        527.0
      ],
      [
        565.0,
        486.0
      ],
      [
        607.0,
        485.0
      ]
    ],
    [
      [
        667.0,
        463.0
      ],
      [
        630.0,
        464.0
      ],
      [
        640.0,
        421.0
      ],
      [
        678.0,
        422.0
      ]
    ]
  ]
}