{
  "size": [
    1280,
    720
  ],
  "ids0": [
    25,
    26,
    33,
    10,
    18,
    17,
    9,
    27,
    28,
    24,
    35,
    32,
    11,
    8,
    19,
    20,
    16,
    2,
    1,
    12,
    3,
    29,
    37,
    0,
    21,
    4,
    34,
    31,
    6,
    36,
    15,
    7
  ],
  "ids1": [
    37,
    30,
    38,
    28,
    21,
    22,
    20,
    39,
    31,
    29,
    35,
    27,
    23,
    13,
    19,
    14,
    12,
    15,
    26,
    11,
    34,
    5,
    18,
    6,
    4,
    7,
    10,
    3,
    33,
    32,
    36,
    8
  ],
  "corners0": [
    [
      [
        506.0,
        210.0
      ],
      [
        440.0,
        204.0
      ],
      [
        448.0,
        138.0
      ],
      [
        514.0,
        144.0
      ]
    ],
    [
      [
        604.0,
        219.0
      ],
      [
        539.0,
        211.0
      ],
      [
        547.0,
        146.0
      ],
      [
        614.0,
        154.0
      ]
    ],
    [
      [
        516.0,
        111.0
      ],
      [
        451.0,
        105.0
      ],
      [
        461.0,
        41.0
      ],
      [
        526.0,
        47.0
      ]
    ],
    [
      [
        587.0,
        408.0
      ],
      [
        522.0,
        403.0
      ],
      [
        527.0,
        340.0
      ],
      [
        594.0,
        346.0
      ]
    ],
    [
      [
        594.0,
        315.0
      ],
      [
        530.0,
        309.0
      ],
      [
        537.0,
        245.0
      ],
      [
        602.0,
        252.0
      ]
    ],
    [
      [
        497.0,
        308.0
      ],
      [
        434.0,
        302.0
      ],
      [
        439.0,
        238.0
      ],
      [
        504.0,
        244.0
      ]
    ],
    [
      [
        493.0,
        402.0
      ],
      [
        429.0,
        396.0
      ],
      [
        432.0,
        333.0
      ],
      [
        498.0,
        339.0
      ]
    ],
    [
      [
        701.0,
        229.0
      ],
      [
        639.6541748046875,
        220.6338348388672
      ],
      [
        648.0,
        156.0
      ],
      [
        710.0,
        166.0
      ]
    ],
    [
      [
        792.0,
        242.0
      ],
      [
        731.0,
        233.0
      ],
      [
        741.0,
        168.0
      ],
      [
        802.0,
        179.0
      ]
    ],
    [
      [
        408.0,
        203.0
      ],
      [
        347.0,
        199.0
      ],
      [
        354.0,
        134.0
      ],
      [
        415.0,
        138.0
      ]
    ],
    [
      [
        714.0,
        133.0
      ],
      [
        650.0,
        123.0
      ],
      [
        659.0,
        61.0
      ],
      [
        722.0,
        73.0
      ]
    ],
    [
      [
        418.0,
        105.0
      ],
      [
        356.0,
        101.0
      ],
      [
        366.0,
        39.0
      ],
      [
        428.0,
        42.0
      ]
    ],
    [
      [
        677.0,
        413.0
      ],
      [
        615.0,
        409.0
      ],
      [
        623.0,
        347.0
      ],
      [
        687.0,
        353.0
      ]
    ],
    [
      [
        401.0,
        395.0
      ],
      [
        341.0,
        389.0
      ],
      [
        341.0,
        326.0
      ],
      [
        403.0,
        332.0
      ]
    ],
    [
      [
        688.0,
        323.0
      ],
      [
        627.0,
        316.0
      ],
      [
        636.0,
        254.0
      ],
      [
        698.0,
        262.0
      ]
    ],
    [
      [
        777.0,
        332.0
      ],
      [
        718.0,
        326.0
      ],
      [
        728.0,
        262.0
      ],
      [
        788.0,
        270.0
      ]
    ],
    [
      [
        401.0,
        301.0
      ],
      [
        342.0,
        295.0
      ],
      [
        346.0,
        232.0
      ],
      [
        406.0,
        237.0
      ]
    ],
    [
      [
        579.0,
        490.0
      ],
      [
        518.0,
        487.0
      ],
      [
        520.0,
        432.0
      ],
      [
        583.0,
        434.0
      ]
    ],
    [
      [
        490.0,
        485.0
      ],
      [
        430.0,
        481.0
      ],
      [
        429.0,
        425.0
      ],
      [
        491.0,
        428.0
      ]
    ],
    [
      [
        762.0,
        417.0
      ],
      [
        705.0,
        413.0
      ],
      [
        715.0,
        354.0
      ],
      [
        774.0,
        360.0
      ]
    ],
    [
      [
        665.0,
        493.0
      ],
      [
        606.0,
        491.0
      ],
      [
        613.0,
        436.0
      ],
      [
        674.0,
        440.0
      ]
    ],
    [
      [
        871.0,
        253.0
      ],
      [
        819.0,
        245.0
      ],
      [
        828.0,
        183.0
      ],
      [
        881.0,
        194.0
      ]
    ],
    [
      [
        884.0,
        166.0
      ],
      [
        831.0,
        154.0
      ],
      [
        839.0,
        94.0
      ],
      [
        892.0,
        108.0
      ]
    ],
    [
      [
        401.0,
        479.0
      ],
      [
        344.0,
        471.0
      ],
      [
        343.0,
        416.0
      ],
      [
        402.0,
        423.0
      ]
    ],
    [
      [
        856.0,
        339.0
      ],
      [
        804.0,
        333.0
      ],
      [
        815.0,
        273.0
      ],
      [
        868.0,
        281.0
      ]
    ],
    [
      [
        746.0,
        495.0
      ],
      [
        692.0,
        493.0
      ],
      [
        702.0,
        440.0
      ],
      [
        758.0,
        443.0
      ]
    ],
    [
      [
        617.0,
        120.0
      ],
      [
        550.0,
        112.0
      ],
      [
        560.0,
        49.0
      ],
      [
        626.0,
        58.0
      ]
    ],
    [
      [
        1001.0,
        276.0
      ],
      [
        961.0,
        269.0
      ],
      [
        971.0,
        211.0
      ],
      [
        1011.0,
        221.0
      ]
    ],
    [
      [
        889.0,
        494.0
      ],
      [
        844.0,
        494.0
      ],
      [
        857.0,
        443.0
      ],
      [
        904.0,
        445.0
      ]
    ],
    [
      [
        805.0,
        150.0
      ],
      [
        744.0,
        139.0
      ],
      [
        752.0,
        75.0
      ],
      [
        813.0,
        89.0
      ]
    ],
    [
      [
        967.0,
        424.0
      ],
      [
        928.0,
        423.0
      ],
      [
        941.0,
        370.0
      ],
      [
        981.0,
        373.0
      ]
    ],
    [
      [
        947.0,
        491.0
      ],
      [
        909.0,
        492.0
      ],
      [
        923.0,
        444.0
      ],
      [
        962.0,
        445.0
      ]
    ]
  ],