{
  "size": [
    1280,
    720
  ],
  "ids0": [
    32,
    33,
    24,
    34,
    16,
    26,
    17,
    35,
    18,
    27,
    8,
    25,
    19,
    29,
    3,
    21,
    4,
    7
  ],
  "ids1": [
    34,
    35,
    33,
    27,
    26,
    37,
    32,
    28,
    29,
    16,
    21,
    39,
    11,
    12,
    22,
    8,
    25,
    3,
    23,
    14,
    1,
    36,
    0,
    5,
    15,
    6
  ],
  "corners0": [
    [
      [
        373.0,
        189.0
      ],
      [
        298.0,
        194.0
      ],
      [
        299.0,
        115.0
      ],
      [
        377.0,
        112.0
      ]
    ],
    [
      [
        479.0,
        186.0
      ],
      [
        408.0,
        187.0
      ],
      [
        415.0,
        112.0
      ],
      [
        488.0,
        114.0
      ]
    ],
    [
      [
        370.0,
        293.0
      ],
      [
        300.0,
        301.0
      ],
      [
        297.0,
        230.0
      ],
      [
        370.0,
        224.0
      ]
    ],
    [
      [
        577.0,
        187.0
      ],
      [
        511.0,
        186.0
      ],
      [
        521.0,
        112.0
      ],
      [
        589.0,
        117.0
      ]
    ],
    [
      [
        373.0,
        386.0
      ],
      [
        306.0,
        396.0
      ],
      [
        299.0,
        333.0
      ],
      [
        371.0,
        325.0
      ]
    ],
    [
      [
        561.0385131835938,
        278.4988708496094
      ],
      [
        500.0,
        283.0
      ],
      [
        509.0,
        216.0
      ],
      [
        571.201171875,
        214.98818969726562
      ]
    ],
    [
      [
        466.0,
        374.0
      ],
      [
        402.0,
        384.0
      ],
      [
        401.0,
        322.0
      ],
      [
        469.0,
        315.0
      ]
    ],
    [
      [
        661.0,
        188.0
      ],
      [
        605.0,
        185.0
      ],
      [
        618.0,
        118.0
      ],
      [
        674.8058471679688,
        124.42232513427734
      ]
    ],
    [
      [
        551.0,
        363.0
      ],
      [
        493.0,
        370.0
      ],
      [
        499.0,
        312.0
      ],
      [
        560.0,
        308.0
      ]
    ],
    [
      [
        644.0,
        274.0
      ],
      [
        590.0,
        276.0
      ],
      [
        602.267333984375,
        214.36280822753906
      ],
      [
        657.0,
        216.0
      ]
    ],
    [
      [
        376.0,
        464.0
      ],
      [
        315.0,
        474.0
      ],
      [
        308.0,
        423.0
      ],
      [
        372.0,
        413.0
      ]
    ],
    [
      [
        467.0,
        281.0
      ],
      [
        410.0,
        286.0
      ],
      [
        410.0,
        230.0
      ],
      [
        469.0,
        225.0
      ]
    ],
    [
      [
        628.0,
        353.0
      ],
      [
        578.0,
        358.0
      ],
      [
        587.0,
        304.0
      ],
      [
        639.0,
        301.0
      ]
    ],
    [
      [
        776.0,
        268.0
      ],
      [
        736.0,
        269.0
      ],
      [
        750.0,
        214.0
      ],
      [
        791.0,
        216.0
      ]
    ],
    [
      [
        603.0,
        484.0
      ],
      [
        556.0,
        494.0
      ],
      [
        563.0,
        452.0
      ],
      [
        612.0,
        444.0
      ]
    ],
    [
      [
        758.0,
        335.0
      ],
      [
        719.0,
        342.0
      ],
      [
        730.0,
        292.0
      ],
      [
        770.0,
        288.0
      ]
    ],
    [
      [
        665.0,
        469.0
      ],
      [
        623.0,
        478.0
      ],
      [
        633.0,
        438.0
      ],
      [
        676.0,
        430.0
      ]
    ],
    [
      [
        813.0,
        427.0
      ],
      [
        783.0,
        438.0
      ],
      [
        795.0,
        401.0
      ],
      [
        825.0,
        392.0
      ]
    ]
  ],