{
  "size": [
    1280,
    720
  ],
  "ids0": [
    33,
    32,
    34,
    35,
    25,
    26,
    24,
    27,
    17,
    18,
    16,
    8,
    28,
    10,
    19,
    38,
    21,
    12,
    1,
    2,
    22,
    4,
    31,
    14,
    36,
    5,
    6,
    15
  ],
  "ids1": [
    37,
    38,
    35,
    31,
    29,
    26,
    28,
    39,
    30,
    27,
    23,
    12,
    32,
    11,
    17,
    15,
    24,
    5,
    6,
    3,
    16,
    7,
    2,
    36,
    8,
    1
  ],
  "corners0": [
    [
      [
        530.0,
        234.0
      ],
      [
        473.0,
        237.0
      ],
      [
        471.0,
        181.0
      ],
      [
        529.0,
        178.0
      ]
    ],
    [
      [
        447.0,
        238.0
      ],
      [
        392.0,
        242.0
      ],
      [
        387.0,
        186.0
      ],
      [
        444.0,
        181.0
      ]
    ],
    [
      [
        613.0,
        232.0
      ],
      [
        557.0,
        234.0
      ],
      [
        556.0,
        178.0
      ],
      [
        613.0,
        176.0
      ]
    ],
    [
      [
        692.0,
        232.0
      ],
      [
        639.0,
        231.0
      ],
      [
        641.0,
        177.0
      ],
      [
        696.0,
        178.0
      ]
    ],
    [
      [
        531.0,
        313.0
      ],
      [
        477.0,
        316.0
      ],
      [
        473.0,
        264.0
      ],
      [
        529.0,
        260.0
      ]
    ],
    [
      [
        611.0,
        310.0
      ],
      [
        558.0,
        313.0
      ],
      [
        556.0,
        260.0
      ],
      [
        612.0,
        258.0
      ]
    ],
    [
      [
        451.0,
        317.0
      ],
      [
        398.0,
        320.0
      ],
      [
        393.0,
        268.0
      ],
      [
        447.0,
        264.0
      ]
    ],
    [
      [
        687.0,
        308.0
      ],
      [
        636.0,
        308.0
      ],
      [
        639.0,
        257.0
      ],
      [
        691.14306640625,
        257.6443786621094
      ]
    ],
    [
      [
        534.0,
        385.0
      ],
      [
        482.0,
        389.0
      ],
      [
        478.0,
        341.0
      ],
      [
        531.0,
        338.0
      ]
    ],
    [
      [
        609.0,
        382.0
      ],
      [
        558.0,
        384.0
      ],
      [
        558.0,
        337.0
      ],
      [
        611.0,
        335.0
      ]
    ],
    [
      [
        457.0,
        389.0
      ],
      [
        407.0,
        392.0
      ],
      [
        400.0,
        345.0
      ],
      [
        452.0,
        342.0
      ]
    ],
    [
      [
        465.0,
        456.0
      ],
      [
        414.0,
        459.0
      ],
      [
        407.0,
        414.0
      ],
      [
        460.0,
        411.0
      ]
    ],
    [
      [
        760.0,
        305.0
      ],
      [
        713.0,
        306.0
      ],
      [
        717.0,
        256.0
      ],
      [
        766.0,
        257.0
      ]
    ],
    [
      [
        609.0,
        449.0
      ],
      [
        558.0,
        451.0
      ],
      [
        558.0,
        406.0
      ],
      [
        611.0,
        404.0
      ]
    ],
    [
      [
        682.0,
        378.0
      ],
      [
        634.0,
        380.0
      ],
      [
        636.0,
        333.0
      ],
      [
        687.0,
        332.0
      ]
    ],
    [
      [
        898.0,
        236.0
      ],
      [
        856.0,
        234.0
      ],
      [
        863.0,
        183.0
      ],
      [
        905.0,
        187.0
      ]
    ],
    [
      [
        817.0,
        371.0
      ],
      [
        774.0,
        372.0
      ],
      [
        781.0,
        325.0
      ],
      [
        826.0,
        325.0
      ]
    ],
    [
      [
        746.0,
        437.0
      ],
      [
        700.0,
        440.0
      ],
      [
        705.0,
        396.0
      ],
      [
        753.0,
        394.0
      ]
    ],
    [
      [
        540.0,
        511.0
      ],
      [
        491.0,
        513.0
      ],
      [
        488.0,
        474.0
      ],
      [
        539.0,
        472.0
      ]
    ],
    [
      [
        608.0,
        506.0
      ],
      [
        560.0,
        509.0
      ],
      [
        561.0,
        469.0
      ],
      [
        610.0,
        467.0
      ]
    ],
    [
      [
        878.0,
        364.0
      ],
      [
        838.0,
        369.0
      ],
      [
        844.0,
        324.0
      ],
      [
        884.0,
        322.0
      ]
    ],
    [
      [
        739.0,
        492.0
      ],
      [
        695.0,
        496.0
      ],
      [
        699.0,
        458.0
      ],
      [
        745.0,
        455.0
      ]
    ],
    [
      [
        940.0,
        302.0
      ],
      [
        906.0,
        302.0
      ],
      [
        913.0,
        256.0
      ],
      [
        949.0,
        257.0
      ]
    ],
    [
      [
        865.0,
        424.0
      ],
      [
        827.0,
        427.0
      ],
      [
        835.0,
        387.0
      ],
      [
        874.0,
        385.0
      ]
    ],
    [
      [
        767.0,
        232.0
      ],
      [
        718.0,
        231.0
      ],
      [
        722.0,
        178.0
      ],
      [
        772.0,
        181.0
      ]
    ],
    [
      [
        798.0,
        485.0
      ],
      [
        758.0,
        489.0
      ],
      [
        764.0,
        452.0
      ],
      [
        805.0,
        449.0
      ]
    ],
    [
      [
        852.0,
        477.0
      ],
      [
        816.0,
        481.0
      ],
      [
        824.0,
        445.0
      ],
      [
        861.0,
        442.0
      ]
    ],
    [
      [
        916.0,
        416.0
      ],
      [
        883.0,
        421.0
      ],
      [
        890.0,
        383.0
      ],
      [
        924.0,
        379.0
      ]
    ]
  ],