{
  "size": [
    1280,
    720
  ],
  "ids0": [
    33,
    32,
    25,
    35,
    27,
    26,
    24,
    17,
    36,
    18,
    16,
    28,
    19,
    9,
    34,
    37,
    10,
    8,
    11,
    5,
    20
  ],
  "ids1": [
    37,
    38,
    35,
    29,
    28,
    39,
    30,
    27,
    34,
    31,
    21,
    26,
    22,
    19,
    12,
    33,
    23,
    18,
    15,
    36,
    24,
    5,
    4,
    3,
    16,
    7,
    2,
    20,
    8,
    1,
    0
  ],
  "corners0": [
    [
      [
        545.0,
        131.0
      ],
      [
        474.0,
        125.0
      ],
      [
        482.0,
        56.0
      ],
      [
        555.0,
        63.0
      ]
    ],
    [
      [
        440.0,
        124.0
      ],
      [
        372.0,
        121.0
      ],
      [
        377.0,
        52.0
      ],
      [
        447.0,
        55.0
      ]
    ],
    [
      [
        534.0,
        229.0
      ],
      [
        467.0,
        224.0
      ],
      [
        473.0,
        159.0
      ],
      [
        542.0,
        165.0
      ]
    ],
    [
      [
        746.4136962890625,
        155.43414306640625
      ],
      [
        685.338134765625,
        145.4287872314453
      ],
      [
        696.0,
        80.0
      ],
      [
        762.0,
        93.0
      ]
    ],
    [
      [
        729.0,
        247.0
      ],
      [
        664.0,
        240.0
      ],
      [
        677.0,
        176.0
      ],
      [
        743.0,
        185.0
      ]
    ],
    [
      [
        633.0,
        237.0
      ],
      [
        568.0,
        231.0
      ],
      [
        577.0,
        167.0
      ],
      [
        644.7415161132812,
        175.18612670898438
      ]
    ],
    [
      [
        433.0,
        223.0
      ],
      [
        370.0,
        218.0
      ],
      [
        372.0,
        154.0
      ],
      [
        438.0,
        158.0
      ]
    ],
    [
      [
        528.0,
        318.0
      ],
      [
        462.0,
        315.0
      ],
      [
        464.0,
        255.0
      ],
      [
        532.0,
        258.0
      ]
    ],
    [
      [
        837.0,
        171.0
      ],
      [
        778.0,
        161.0
      ],
      [
        793.0,
        95.0
      ],
      [
        853.0,
        109.0
      ]
    ],
    [
      [
        620.0,
        325.0
      ],
      [
        556.0,
        320.0
      ],
      [
        563.0,
        261.0
      ],
      [
        631.0,
        267.0
      ]
    ],
    [
      [
        434.0,
        312.0
      ],
      [
        371.0,
        310.0
      ],
      [
        368.0,
        250.0
      ],
      [
        434.0,
        252.0
      ]
    ],
    [
      [
        814.0,
        257.0
      ],
      [
        757.0,
        250.0
      ],
      [
        772.0,
        189.0
      ],
      [
        830.0,
        199.0
      ]
    ],
    [
      [
        709.0,
        330.0
      ],
      [
        649.0,
        325.0
      ],
      [
        660.0,
        268.0
      ],
      [
        723.0,
        275.0
      ]
    ],
    [
      [
        522.0,
        395.0
      ],
      [
        461.0,
        393.0
      ],
      [
        461.0,
        342.0
      ],
      [
        524.0,
        344.0
      ]
    ],
    [
      [
        649.0,
        142.0
      ],
      [
        580.0,
        133.0
      ],
      [
        591.0,
        65.0
      ],
      [
        662.0,
        75.0
      ]
    ],
    [
      [
        913.0,
        186.0
      ],
      [
        864.0,
        175.0
      ],
      [
        880.0,
        115.0
      ],
      [
        930.0,
        128.0
      ]
    ],
    [
      [
        609.0,
        399.0
      ],
      [
        549.0,
        397.0
      ],
      [
        553.0,
        347.0
      ],
      [
        615.0,
        349.0
      ]
    ],
    [
      [
        434.0,
        390.0
      ],
      [
        376.0,
        387.0
      ],
      [
        371.0,
        336.0
      ],
      [
        433.0,
        339.0
      ]
    ],
    [
      [
        691.0,
        403.0
      ],
      [
        635.0,
        400.0
      ],
      [
        645.0,
        351.0
      ],
      [
        704.0,
        355.0
      ]
    ],
    [
      [
        817.0,
        466.0
      ],
      [
        771.0,
        466.0
      ],
      [
        787.0,
        425.0
      ],
      [
        834.0,
        427.0
      ]
    ],
    [
      [
        791.0,
        335.0
      ],
      [
        737.0,
        331.0
      ],
      [
        751.0,
        276.0
      ],
      [
        806.1669921875,
        283.28985595703125
      ]
    ]
  ],