{
  "size": [
    1280,
    720
  ],
  "ids0": [
    33,
    32,
    24,
    16,
    26,
    35,
    17,
    18,
    27,
    8,
    9,
    25,
    19,
    10,
    34,
    0,
    11,
    21,
    36,
    5
  ],
  "ids1": [
    35,
    34,
    37,
    27,
    28,
    33,
    26,
    29,
    38,
    25,
    24,
    19,
    20,
    32,
    18,
    30,
    12,
    21,
    17,
    22,
    36,
    6,
    7
  ],
  "corners0": [
    [
      [
        493.0,
        133.0
      ],
      [
        416.0,
        130.0
      ],
      [
        426.0,
        51.0
      ],
      [
        505.0,
        58.0
      ]
    ],
    [
      [
        377.0,
        128.0
      ],
      [
        302.0,
        127.0
      ],
      [
        310.0,
        49.0
      ],
      [
        387.0,
        52.0
      ]
    ],
    [
      [
        371.0,
        242.0
      ],
      [
        297.0,
        242.0
      ],
      [
        300.0,
        166.0
      ],
      [
        377.0,
        167.0
      ]
    ],
    [
      [
        370.0,
        341.0
      ],
      [
        302.0,
        345.0
      ],
      [
        298.0,
        279.0
      ],
      [
        369.0,
        275.0
      ]
    ],
    [
      [
        578.5701293945312,
        238.33773803710938
      ],
      [
        514.0,
        239.0
      ],
      [
        525.0,
        169.0
      ],
      [
        592.0,
        174.0
      ]
    ],
    [
      [
        691.0,
        151.0
      ],
      [
        629.0,
        143.0
      ],
      [
        644.0,
        71.0
      ],
      [
        707.0,
        83.0
      ]
    ],
    [
      [
        470.0,
        337.0
      ],
      [
        403.0,
        339.0
      ],
      [
        407.0,
        274.0
      ],
      [
        477.0,
        275.0
      ]
    ],
    [
      [
        566.0,
        334.0
      ],
      [
        502.0,
        336.0
      ],
      [
        509.0,
        271.0
      ],
      [
        577.0,
        271.0
      ]
    ],
    [
      [
        671.0,
        244.0
      ],
      [
        611.0,
        242.0
      ],
      [
        625.0,
        173.0
      ],
      [
        686.0,
        180.0
      ]
    ],
    [
      [
        372.0,
        430.0
      ],
      [
        306.0,
        432.0
      ],
      [
        302.0,
        374.0
      ],
      [
        372.0,
        372.0
      ]
    ],
    [
      [
        466.0,
        422.0
      ],
      [
        401.0,
        426.0
      ],
      [
        402.0,
        369.0
      ],
      [
        470.0,
        366.0
      ]
    ],
    [
      [
        474.0,
        235.0
      ],
      [
        414.0,
        234.0
      ],
      [
        419.0,
        173.0
      ],
      [
        481.0,
        175.0
      ]
    ],
    [
      [
        651.0,
        330.0
      ],
      [
        595.9619750976562,
        330.1073303222656
      ],
      [
        607.0,
        270.0
      ],
      [
        666.0,
        272.0
      ]
    ],
    [
      [
        554.0,
        414.0
      ],
      [
        494.0,
        419.0
      ],
      [
        500.0,
        364.0
      ],
      [
        563.0,
        361.0
      ]
    ],
    [
      [
        597.0,
        140.0
      ],
      [
        528.0,
        134.0
      ],
      [
        541.0,
        60.0
      ],
      [
        611.0,
        69.0
      ]
    ],
    [
      [
        375.0,
        502.0
      ],
      [
        316.0,
        505.0
      ],
      [
        311.0,
        458.0
      ],
      [
        374.0,
        455.0
      ]
    ],
    [
      [
        635.0,
        406.0
      ],
      [
        581.0,
        410.0
      ],
      [
        591.0,
        358.0
      ],
      [
        647.0,
        356.0
      ]
    ],
    [
      [
        794.0,
        325.0
      ],
      [
        750.0,
        326.0
      ],
      [
        766.0,
        270.0
      ],
      [
        811.0,
        273.0
      ]
    ],
    [
      [
        771.0,
        160.0
      ],
      [
        719.0,
        153.0
      ],
      [
        734.0,
        87.0
      ],
      [
        786.0,
        99.0
      ]
    ],
    [
      [
        750.0,
        453.0
      ],
      [
        710.0,
        458.0
      ],
      [
        724.0,
        416.0
      ],
      [
        766.0,
        412.0
      ]
    ]
  ],