{
  "size": [
    1280,
    720
  ],
  "ids0": [
    33,
    34,
    32,
    35,
    26,
    24,
    27,
    17,
    18,
    28,
    10,
    16,
    19,
    11,
    12,
    0,
    3,
    25,
    4,
    31,
    14,
    5,
    23,
    36,
    15,
    6
  ],
  "ids1": [
    37,
    38,
    29,
    39,
    30,
    28,
    35,
    26,
    31,
    12,
    18,
    14,
    15,
    17,
    32,
    5,
    4,
    24,
    3,
    7,
    9,
    16,
    2,
    36,
    1,
    8,
    0
  ],
  "corners0": [
    [
      [
        517.0,
        214.0
      ],
      [
        462.0,
        216.0
      ],
      [
        460.0,
        161.0
      ],
      [
        516.0,
        158.0
      ]
    ],
    [
      [
        599.0,
        212.0
      ],
      [
        544.0,
        214.0
      ],
      [
        543.0,
        159.0
      ],
      [
        599.0,
        157.0
      ]
    ],
    [
      [
        436.0,
        216.0
      ],
      [
        383.0,
        219.0
      ],
      [
        380.0,
        165.0
      ],
      [
        434.0,
        161.0
      ]
    ],
    [
      [
        678.2864379882812,
        213.4771728515625
      ],
      [
        624.0,
        212.0
      ],
      [
        627.0,
        158.0
      ],
      [
        682.0,
        160.0
      ]
    ],
    [
      [
        598.0,
        289.0
      ],
      [
        544.0,
        292.0
      ],
      [
        543.0,
        240.0
      ],
      [
        598.0,
        238.0
      ]
    ],
    [
      [
        439.0,
        294.0
      ],
      [
        389.0,
        297.0
      ],
      [
        384.0,
        245.0
      ],
      [
        436.0,
        242.0
      ]
    ],
    [
      [
        675.0,
        288.0
      ],
      [
        623.0,
        290.0
      ],
      [
        623.114501953125,
        238.11447143554688
      ],
      [
        677.0,
        238.0
      ]
    ],
    [
      [
        520.0,
        365.0
      ],
      [
        469.0,
        367.0
      ],
      [
        465.0,
        320.0
      ],
      [
        518.0,
        317.0
      ]
    ],
    [
      [
        596.0,
        362.0
      ],
      [
        546.0,
        365.0
      ],
      [
        543.0,
        317.0
      ],
      [
        596.0,
        315.0
      ]
    ],
    [
      [
        747.0,
        289.0
      ],
      [
        699.0,
        288.0
      ],
      [
        703.0,
        238.0
      ],
      [
        752.3465576171875,
        238.3483123779297
      ]
    ],
    [
      [
        596.0,
        431.0
      ],
      [
        545.0,
        432.0
      ],
      [
        544.0,
        386.0
      ],
      [
        598.0,
        385.0
      ]
    ],
    [
      [
        445.0,
        367.0
      ],
      [
        396.0,
        369.0
      ],
      [
        390.0,
        322.0
      ],
      [
        440.0,
        319.0
      ]
    ],
    [
      [
        669.5397338867188,
        360.9244689941406
      ],
      [
        620.0,
        361.0
      ],
      [
        623.0,
        314.0
      ],
      [
        674.0,
        315.0
      ]
    ],
    [
      [
        667.0,
        427.0
      ],
      [
        617.0,
        429.0
      ],
      [
        619.0,
        383.0
      ],
      [
        671.0,
        382.0
      ]
    ],
    [
      [
        735.0,
        423.0
      ],
      [
        688.0,
        425.0
      ],
      [
        692.0,
        380.0
      ],
      [
        741.0,
        379.0
      ]
    ],
    [
      [
        460.0,
        494.0
      ],
      [
        413.0,
        495.0
      ],
      [
        405.0,
        455.0
      ],
      [
        454.0,
        453.0
      ]
    ],
    [
      [
        663.0,
        485.0
      ],
      [
        616.0,
        487.0
      ],
      [
        618.0,
        447.0
      ],
      [
        667.0,
        446.0
      ]
    ],
    [
      [
        518.0,
        292.0
      ],
      [
        465.0,
        294.0
      ],
      [
        462.0,
        242.0
      ],
      [
        516.0,
        239.0
      ]
    ],
    [
      [
        728.0,
        480.0
      ],
      [
        683.0,
        483.0
      ],
      [
        687.0,
        443.0
      ],
      [
        734.0,
        441.0
      ]
    ],
    [
      [
        935.0,
        290.0
      ],
      [
        898.0,
        289.0
      ],
      [
        905.0,
        242.0
      ],
      [
        943.0,
        245.0
      ]
    ],
    [
      [
        857.0,
        414.0
      ],
      [
        818.0,
        416.0
      ],
      [
        825.0,
        374.0
      ],
      [
        866.0,
        373.0
      ]
    ],
    [
      [
        789.0,
        474.0
      ],
      [
        747.0,
        477.0
      ],
      [
        753.0,
        439.0
      ],
      [
        797.0,
        437.0
      ]
    ],
    [
      [
        924.0,
        351.0
      ],
      [
        888.0,
        354.0
      ],
      [
        894.0,
        310.0
      ],
      [
        931.0,
        308.0
      ]
    ],
    [
      [
        754.0,
        215.0
      ],
      [
        704.0,
        213.0
      ],
      [
        708.0,
        160.0
      ],
      [
        759.0,
        163.0
      ]
    ],
    [
      [
        910.0,
        409.0
      ],
      [
        875.0,
        411.0
      ],
      [
        884.0,
        371.0
      ],
      [
        920.0,
        370.0
      ]
    ],
    [
      [
        845.0,
        468.0
      ],
      [
        808.0,
        472.0
      ],
      [
        815.0,
        434.0
      ],
      [
        854.0,
        432.0
      ]
    ]
  ],