{
  "size": [
    1280,
    720
  ],
  "ids0": [
    3,
    4,
    2,
    11,
    12,
    10,
    5,
    13,
    19,
    20,
    1,
    18,
    6,
    9,
    21,
    14,
    17,
    27,
    28,
    8,
    0,
    7,
    26,
    29,
    22,
    15,
    25,
    16,
    30,
    36,
    35,
    23,
    34,
    37,
    24,
    33,
    31,
    38,
    32,
    39
  ],
  "ids1": [
    15,
    31,
    38,
    23,
    39,
    14,
    29,
    37,
    21,
    13,
    5,
    28,
    20,
    12,
    4,
    27,
    19,
    35,
    11,
    3,
    2,
    33,
    9,
    1,
    36,
    32,
    0
  ],
  "corners0": [
    [
      [
        863.0,
        519.0
      ],
      [
        823.0,
        508.0
      ],
      [
        836.5098266601562,
        465.3676452636719
      ],
      [
        875.0,
        478.0
      ]
    ],
    [
      [
        919.8338012695312,
        533.6969604492188
      ],
      [
        881.0,
        522.0
      ],
      [
        893.0,
        480.0
      ],
      [
        932.0,
        490.0
      ]
    ],
    [
      [
        805.0,
        505.0
      ],
      [
        765.0,
        494.0
      ],
      [
        776.0,
        454.0
      ],
      [
        816.0,
        464.0
      ]
    ],
    [
      [
        878.0,
        459.0
      ],
      [
        838.0,
        449.0
      ],
      [
        849.0,
        408.0
      ],
      [
        888.0,
        418.0
      ]
    ],
    [
      [
        933.812744140625,
        473.6960144042969
      ],
      [
        896.0,
        462.0
      ],
      [
        906.0,
        421.0
      ],
      [
        945.0,
        430.0
      ]
    ],
    [
      [
        820.0,
        446.0
      ],
      [
        780.0,
        436.0
      ],
      [
        791.0,
        396.0
      ],
      [
        830.0,
        405.0
      ]
    ],
    [
      [
        977.0,
        544.0
      ],
      [
        939.0,
        535.0
      ],
      [
        950.0,
        493.0
      ],
      [
        988.0,
        502.0
      ]
    ],
    [
      [
        989.3859252929688,
        485.61578369140625
      ],
      [
        951.1743774414062,
        472.7832946777344
      ],
      [
        963.0,
        433.0
      ],
      [
        1001.0,
        442.0
      ]
    ],
    [
      [
        891.0,
        400.0
      ],
      [
        852.0,
        391.0
      ],
      [
        861.0,
        351.0
      ],
      [
        900.0,
        360.0
      ]
    ],
    [
      [
        948.0,
        412.0
      ],
      [
        909.0,
        403.0
      ],
      [
        918.0,
        363.0
      ],
      [
        956.0,
        371.0
      ]
    ],
    [
      [
        748.0,
        490.0
      ],
      [
        709.0,
        480.0
      ],
      [
        720.0,
        441.0
      ],
      [
        758.0,
        450.0
      ]
    ],
    [
      [
        834.0,
        387.0
      ],
      [
        794.0,
        378.0
      ],
      [
        805.0,
        339.0
      ],
      [
        843.0,
        348.0
      ]
    ],
    [
      [
        1031.0,
        554.0
      ],
      [
        994.0,
        546.0
      ],
      [
        1005.0,
        505.0
      ],
      [
        1041.0,
        512.0
      ]
    ],
    [
      [
        762.0,
        432.0
      ],
      [
        724.0,
        423.0
      ],
      [
        734.0,
        384.0
      ],
      [
        773.0,
        393.0
      ]
    ],
    [
      [
        1003.0,
        424.0
      ],
      [
        966.0,
        415.0
      ],
      [
        974.0,
        375.0
      ],
      [
        1011.0,
        383.0
      ]
    ],
    [
      [
        1044.0,
        495.0
      ],
      [
        1008.0,
        486.0
      ],
      [
        1018.0,
        445.0
      ],
      [
        1053.0,
        453.0
      ]
    ],
    [
      [
        777.0,
        375.0
      ],
      [
        738.0,
        366.0
      ],
      [
        749.0,
        328.0
      ],
      [
        786.0,
        336.0
      ]
    ],
    [
      [
        903.0,
        342.0
      ],
      [
        864.0,
        333.0
      ],
      [
        873.0,
        295.0
      ],
      [
        910.0,
        304.0
      ]
    ],
    [
      [
        959.0,
        354.0
      ],
      [
        921.0,
        345.0
      ],
      [
        928.0,
        307.0
      ],
      [
        965.0,
        315.0
      ]
    ],
    [
      [
        706.0,
        419.0
      ],
      [
        670.0,
        410.0
      ],
      [
        680.0,
        372.0
      ],
      [
        717.0,
        381.0
      ]
    ],
    [
      [
        691.0,
        475.0
      ],
      [
        655.0,
        465.0
      ],
      [
        666.0,
        427.0
      ],
      [
        702.0,
        437.0
      ]
    ],
    [
      [
        1081.0,
        563.0
      ],
      [
        1047.0,
        556.0
      ],
      [
        1058.0,
        515.0
      ],
      [
        1092.0,
        523.0
      ]
    ],
    [
      [
        846.0,
        330.0
      ],
      [
        808.0,
        322.0
      ],
      [
        816.0,
        285.0
      ],
      [
        854.0,
        293.0
      ]
    ],
    [
      [
        1013.0,
        365.0
      ],
      [
        976.0,
        357.0
      ],
      [
        983.0,
        318.0
      ],
      [
        1019.0,
        327.0
      ]
    ],
    [
      [
        1056.0,
        435.0
      ],
      [
        1021.0,
        427.0
      ],
      [
        1028.0,
        387.0
      ],
      [
        1063.0,
        395.0
      ]
    ],
    [
      [
        1094.0,
        505.0
      ],
      [
        1061.0,
        497.0
      ],
      [
        1070.0,
        456.0
      ],
      [
        1103.0,
        464.0
      ]
    ],
    [
      [
        790.0,
        319.0
      ],
      [
        752.0,
        311.0
      ],
      [
        762.0,
        275.0
      ],
      [
        799.0,
        283.0
      ]
    ],
    [
      [
        721.0,
        363.0
      ],
      [
        684.0,
        354.0
      ],
      [
        695.0,
        318.0
      ],
      [
        731.0,
        326.0
      ]
    ],
    [
      [
        1065.0,
        377.0
      ],
      [
        1030.0,
        369.0
      ],
      [
        1036.0,
        330.0
      ],
      [
        1070.0,
        339.0
      ]
    ],
    [
      [
        967.0,
        298.0
      ],
      [
        930.0,
        289.0
      ],
      [
        937.0,
        253.0
      ],
      [
        973.0,
        262.0
      ]
    ],
    [
      [
        913.0,
        286.0
      ],
      [
        875.0,
        278.0
      ],
      [
        882.0,
        243.0
      ],
      [
        919.0,
        251.0
      ]
    ],
    [
      [
        1105.0,
        446.0
      ],
      [
        1073.0,
        438.0
      ],
      [
        1080.0,
        398.0
      ],
      [
        1112.0,
        407.0
      ]
    ],
    [
      [
        857.0,
        275.0
      ],
      [
        819.0,
        267.0
      ],
      [
        828.0,
        233.0
      ],
      [
        864.0,
        240.0
      ]
    ],
    [
      [
        1020.0,
        310.0
      ],
      [
        984.0,
        300.0
      ],
      [
        990.0,
        265.0
      ],
      [
        1025.0,
        273.0
      ]
    ],
    [
      [
        735.0,
        308.0
      ],
      [
        699.0,
        301.0
      ],
      [
        709.0,
        266.0
      ],
      [
        744.0,
        273.0
      ]
    ],
    [
      [
        802.0,
        265.0
      ],
      [
        765.0,
        258.0
      ],
      [
        773.0,
        225.0
      ],
      [
        810.0,
        231.0
      ]
    ],
    [
      [
        1113.0,
        389.0
      ],
      [
        1081.0,
        380.0
      ],
      [
        1086.0,
        342.0
      ],
      [
        1118.0,
        351.0
