{
  "size": [
    1280,
    720
  ],
  "ids0": [
    9,
    10,
    18,
    17,
    16,
    26,
    25,
    19,
    11,
    8,
    2,
    27,
    24,
    1,
    3,
    0,
    33,
    12,
    34,
    20,
    32,
    35,
    28,
    4,
    13,
    21,
    5,
    22,
    14,
    30,
    6,
    39,
    38,
    23,
    15,
    31,
    7,
    36
  ],
  "ids1": [
    23,
    15,
    22,
    31,
    39,
    14,
    29,
    37,
    7,
    21,
    6,
    13,
    28,
    20,
    5,
    12,
    27,
    35,
    4,
    19,
    11,
    3,
    10,
    17,
    24,
    32,
    8
  ],
  "corners0": [
    [
      [
        572.0,
        336.0
      ],
      [
        526.0,
        330.0
      ],
      [
        532.0,
        284.0
      ],
      [
        578.0,
        290.0
      ]
    ],
    [
      [
        637.0,
        344.0
      ],
      [
        591.0,
        337.0
      ],
      [
        598.0,
        292.0
      ],
      [
        644.0,
        298.0
      ]
    ],
    [
      [
        645.0,
        279.0
      ],
      [
        600.0,
        272.0
      ],
      [
        606.0,
        226.0
      ],
      [
        652.0,
        233.0
      ]
    ],
    [
      [
        580.0,
        270.0
      ],
      [
        534.0,
        264.0
      ],
      [
        541.0,
        218.0
      ],
      [
        587.0,
        225.0
      ]
    ],
    [
      [
        514.0,
        263.0
      ],
      [
        469.0,
        257.0
      ],
      [
        476.0,
        211.0
      ],
      [
        521.0,
        217.0
      ]
    ],
    [
      [
        652.4221801757812,
        215.54122924804688
      ],
      [
        608.0,
        206.0
      ],
      [
        615.0,
        161.0
      ],
      [
        661.0,
        169.0
      ]
    ],
    [
      [
        588.0,
        205.0
      ],
      [
        542.0,
        198.0
      ],
      [
        549.0,
        154.0
      ],
      [
        595.0,
        160.0
      ]
    ],
    [
      [
        710.0,
        287.0
      ],
      [
        665.0,
        280.0
      ],
      [
        672.0,
        234.0
      ],
      [
        716.0,
        242.0
      ]
    ],
    [
      [
        701.0,
        351.0
      ],
      [
        656.0,
        345.0
      ],
      [
        663.0,
        300.0
      ],
      [
        708.0,
        306.0
      ]
    ],
    [
      [
        506.0,
        328.0
      ],
      [
        462.0,
        322.0
      ],
      [
        467.0,
        277.0
      ],
      [
        513.0,
        283.0
      ]
    ],
    [
      [
        629.0,
        407.0
      ],
      [
        584.0,
        402.0
      ],
      [
        590.0,
        357.0
      ],
      [
        635.0,
        363.0
      ]
    ],
    [
      [
        718.0,
        223.0
      ],
      [
        673.0,
        215.0
      ],
      [
        680.0,
        171.0
      ],
      [
        724.0,
        178.0
      ]
    ],
    [
      [
        522.0,
        197.0
      ],
      [
        478.0,
        192.0
      ],
      [
        485.0,
        147.0
      ],
      [
        530.0,
        153.0
      ]
    ],
    [
      [
        564.0,
        400.0
      ],
      [
        519.0,
        394.0
      ],
      [
        525.0,
        350.0
      ],
      [
        570.0,
        356.0
      ]
    ],
    [
      [
        692.0,
        414.0
      ],
      [
        648.0,
        409.0
      ],
      [
        655.0,
        364.0
      ],
      [
        699.0,
        370.0
      ]
    ],
    [
      [
        500.0,
        393.0
      ],
      [
        456.0,
        386.0
      ],
      [
        461.0,
        342.0
      ],
      [
        505.0,
        348.0
      ]
    ],
    [
      [
        597.0,
        140.0
      ],
      [
        551.0,
        134.0
      ],
      [
        559.0,
        91.0
      ],
      [
        604.0,
        98.0
      ]
    ],
    [
      [
        762.0,
        358.0
      ],
      [
        719.0,
        352.0
      ],
      [
        727.0,
        307.0
      ],
      [
        771.485595703125,
        315.6771545410156
      ]
    ],
    [
      [
        662.0,
        149.0
      ],
      [
        617.0,
        142.0
      ],
      [
        624.0,
        99.0
      ],
      [
        668.0,
        107.0
      ]
    ],
    [
      [
        771.0,
        295.0
      ],
      [
        728.0,
        288.0
      ],
      [
        735.0,
        244.0
      ],
      [
        778.0,
        251.0
      ]
    ],
    [
      [
        532.0,
        133.0
      ],
      [
        487.0,
        128.0
      ],
      [
        496.0,
        85.0
      ],
      [
        539.0,
        90.0
      ]
    ],
    [
      [
        726.0,
        159.0
      ],
      [
        681.0,
        151.0
      ],
      [
        688.0,
        109.0
      ],
      [
        731.0,
        117.0
      ]
    ],
    [
      [
        779.0,
        232.0
      ],
      [
        737.0,
        225.0
      ],
      [
        743.0,
        181.0
      ],
      [
        785.0,
        189.0
      ]
    ],
    [
      [
        752.0,
        420.0
      ],
      [
        710.0,
        414.0
      ],
      [
        718.0,
        371.0
      ],
      [
        760.0,
        377.0
      ]
    ],
    [
      [
        820.0,
        365.0
      ],
      [
        780.0,
        359.0
      ],
      [
        787.0,
        316.0
      ],
      [
        827.0,
        322.0
      ]
    ],
    [
      [
        829.0,
        303.0
      ],
      [
        789.0,
        297.0
      ],
      [
        796.0,
        253.0
      ],
      [
        835.0,
        261.0
      ]
    ],
    [
      [
        809.0,
        425.0
      ],
      [
        771.0,
        420.0
      ],
      [
        778.0,
        378.0
      ],
      [
        819.5621948242188,
        385.88153076171875
      ]
    ],
    [
      [
        883.0,
        311.0
      ],
      [
        846.0,
        305.0
      ],
      [
        853.0,
        263.0
      ],
      [
        889.0,
        271.0
      ]
    ],
    [
      [
        873.0,
        371.0
      ],
      [
        837.0,
        366.0
      ],
      [
        844.0,
        324.0
      ],
      [
        880.0,
        330.0
      ]
    ],
    [
      [
        890.0,
        252.0
      ],
      [
        854.0,
        244.0
      ],
      [
        860.0,
        203.0
      ],
      [
        895.0,
        211.0
      ]
    ],
    [
      [
        863.0,
        429.0
      ],
      [
        827.0,
        425.0
      ],
      [
        835.0,
        384.0
      ],
      [
        871.0,
        389.0
      ]
    ],
    [
      [
        945.0,
        206.0
      ],
      [
        911.0,
        197.0
      ],
      [
        915.0,
        156.0
      ],
      [
        949.0,
        166.0
      ]
    ],
    [
      [
        896.0,
        193.0
      ],
      [
        861.0,
        185.0
      ],
      [
        865.0,
        145.0
      ],
      [
        900.0,
        154.0
      ]
    ],
    [
      [
        931.0,
        319.0
      ],
      [
        899.0,
        313.0
      ],
      [
        905.0,
        273.0
      ],
      [
        937.0,
        279.0
      ]
    ],
    [
      [
        922.0,
        376.0
      ],
      [
        890.0,
        372.0
      ],
      [
        898.0,
        331.0
      ],
      [
        929.0,
        337.0
      ]
    ],
    [
      [
        938.0,
        262.0
      ],
      [
        907.0,
        254.0
      ],
      [
        912.0,
        214.0
      ],
      [
        943.0,
        222.0
      ]
    ],
    [
      [
        911.0,
        432.0
      ],
      [
        879.0,
        429.0
      ],
      [
        887.0,
        390.0
      ],
      [
        919.0,
        394.0
      ]
    ],
    [
      [
        786.0,
        170.0
      ],
      [
        744.0,
        162.0
