{
  "size": [
    1280,
    720
  ],
  "ids0": [
    12,
    11,
    19,
    20,
    4,
    3,
    10,
    27,
    18,
    28,
    13,
    21,
    5,
    2,
    26,
    9,
    29,
    17,
    35,
    14,
    1,
    22,
    25,
    37,
    34,
    6,
    30,
    8,
    16,
    33,
    38,
    15,
    0,
    23,
    24,
    7,
    31,
    39,
    32,
    36
  ],
  "ids1": [
    23,
    31,
    39,
    30,
    15,
    38,
    22,
    14,
    7,
    6,
    29,
    37,
    21,
    28,
    5,
    13,
    20,
    36,
    12,
    4,
    27,
    35,
    19,
    11,
    3,
    1,
    0
  ],
  "corners0": [
    [
      [
        986.0,
        332.0
      ],
      [
        945.0,
        322.0
      ],
      [
        954.0,
        277.0
      ],
      [
        996.0,
        287.0
      ]
    ],
    [
      [
        924.2588500976562,
        319.6485290527344
      ],
      [
        884.0,
        307.0
      ],
      [
        894.266357421875,
        261.2752380371094
      ],
      [
        936.0,
        274.0
      ]
    ],
    [
      [
        938.0,
        255.0
      ],
      [
        896.0,
        245.0
      ],
      [
        904.0,
        201.0
      ],
      [
        947.0,
        211.0
      ]
    ],
    [
      [
        998.0,
        269.0
      ],
      [
        957.0,
        258.0
      ],
      [
        965.0,
        214.0
      ],
      [
        1007.0,
        224.0
      ]
    ],
    [
      [
        972.0,
        394.0
      ],
      [
        931.0,
        384.0
      ],
      [
        941.0,
        340.0
      ],
      [
        983.0,
        351.0
      ]
    ],
    [
      [
        911.5497436523438,
        381.84130859375
      ],
      [
        869.3832397460938,
        366.103271484375
      ],
      [
        881.0,
        326.0
      ],
      [
        923.0,
        336.0
      ]
    ],
    [
      [
        866.0,
        304.0
      ],
      [
        824.0,
        294.0
      ],
      [
        833.0,
        251.0
      ],
      [
        875.0,
        261.0
      ]
    ],
    [
      [
        949.0,
        191.0
      ],
      [
        906.0,
        182.0
      ],
      [
        915.6858520507812,
        137.42063903808594
      ],
      [
        956.0,
        149.0
      ]
    ],
    [
      [
        877.0,
        241.0
      ],
      [
        835.0,
        232.0
      ],
      [
        843.0,
        189.0
      ],
      [
        885.0,
        198.0
      ]
    ],
    [
      [
        1009.0,
        205.0
      ],
      [
        967.0,
        194.0
      ],
      [
        974.0,
        152.0
      ],
      [
        1016.0,
        162.0
      ]
    ],
    [
      [
        1044.0,
        346.0
      ],
      [
        1004.0,
        335.0
      ],
      [
        1015.3864135742188,
        289.2479248046875
      ],
      [
        1054.0,
        302.0
      ]
    ],
    [
      [
        1057.0,
        283.0
      ],
      [
        1017.0,
        272.0
      ],
      [
        1025.0,
        228.0
      ],
      [
        1065.0,
        239.0
      ]
    ],
    [
      [
        1029.0,
        408.0
      ],
      [
        989.0,
        397.0
      ],
      [
        1001.0,
        354.0
      ],
      [
        1041.0,
        365.0
      ]
    ],
    [
      [
        853.0,
        365.0
      ],
      [
        812.0,
        355.0
      ],
      [
        821.0,
        313.0
      ],
      [
        863.0,
        323.0
      ]
    ],
    [
      [
        887.0,
        179.0
      ],
      [
        845.0,
        170.0
      ],
      [
        852.0,
        129.0
      ],
      [
        894.0,
        137.0
      ]
    ],
    [
      [
        806.0,
        290.0
      ],
      [
        765.0,
        281.0
      ],
      [
        773.0,
        239.0
      ],
      [
        814.0,
        248.0
      ]
    ],
    [
      [
        1065.8802490234375,
        221.69451904296875
      ],
      [
        1027.0,
        208.0
      ],
      [
        1034.0,
        166.0
      ],
      [
        1074.0,
        177.0
      ]
    ],
    [
      [
        816.0,
        229.0
      ],
      [
        775.0,
        220.0
      ],
      [
        783.0,
        179.0
      ],
      [
        824.0,
        187.0
      ]
    ],
    [
      [
        957.0,
        130.0
      ],
      [
        915.0,
        121.0
      ],
      [
        921.0,
        80.0
      ],
      [
        962.0,
        89.0
      ]
    ],
    [
      [
        1099.0,
        360.0
      ],
      [
        1062.0,
        350.0
      ],
      [
        1071.0,
        306.0
      ],
      [
        1109.0,
        316.0
      ]
    ],
    [
      [
        794.0,
        351.0
      ],
      [
        754.0,
        341.0
      ],
      [
        762.0,
        300.0
      ],
      [
        803.0,
        310.0
      ]
    ],
    [
      [
        1112.0,
        298.0
      ],
      [
        1075.0,
        287.0
      ],
      [
        1083.0,
        243.0
      ],
      [
        1120.0,
        254.0
      ]
    ],
    [
      [
        826.0,
        168.0
      ],
      [
        785.0,
        160.0
      ],
      [
        792.0,
        120.0
      ],
      [
        833.0,
        127.0
      ]
    ],
    [
      [
        1075.0,
        158.0
      ],
      [
        1035.0,
        146.0
      ],
      [
        1041.0,
        105.0
      ],
      [
        1080.0,
        117.0
      ]
    ],
    [
      [
        896.0,
        118.0
      ],
      [
        854.0,
        110.0
      ],
      [
        860.0,
        71.0
      ],
      [
        902.0,
        78.0
      ]
    ],
    [
      [
        1083.0,
        421.0
      ],
      [
        1046.0,
        412.0
      ],
      [
        1058.0,
        369.0
      ],
      [
        1095.0,
        379.0
      ]
    ],
    [
      [
        1123.0,
        235.0
      ],
      [
        1085.0,
        223.0
      ],
      [
        1092.0,
        181.0
      ],
      [
        1129.0,
        192.0
      ]
    ],
    [
      [
        747.0,
        278.0
      ],
      [
        708.0,
        269.0
      ],
      [
        716.0,
        229.0
      ],
      [
        755.0,
        237.0
      ]
    ],
    [
      [
        757.0,
        218.0
      ],
      [
        718.0,
        211.0
      ],
      [
        726.0,
        170.0
      ],
      [
        764.0,
        177.0
      ]
    ],
    [
      [
        835.0,
        108.0
      ],
      [
        794.0,
        102.0
      ],
      [
        801.0,
        63.0
      ],
      [
        841.0,
        69.0
      ]
    ],
    [
      [
        1130.0,
        173.0
      ],
      [
        1093.0,
        162.0
      ],
      [
        1098.0,
        120.0
      ],
      [
        1134.0,
        132.0
      ]
    ],
    [
      [
        1150.0,
        374.0
      ],
      [
        1116.0,
        364.0
      ],
      [
        1126.0,
        321.0
      ],
      [
        1160.0,
        331.0
      ]
    ],
    [
      [
        736.0,
        337.0
      ],
      [
        698.0,
        327.0
      ],
      [
        706.0,
        288.0
      ],
      [
        744.0,
        297.0
      ]
    ],
    [
      [
        1163.0,
        312.0
      ],
      [
        1129.0,
        301.0
      ],
      [
        1138.0,
        258.0
      ],
      [
        1172.0,
        270.0
      ]
    ],
    [
      [
        767.0,
        158.0
      ],
      [
        728.0,
        152.0
      ],
      [
        735.0,
        113.0
      ],
      [
        774.0,
        119.0
      ]
    ],
    [
      [
        1134.0,
        434.0
      ],
      [
        1100.0,
        425.0
      ],
      [
        1112.0,
        383.0
      ],
      [
        1146.0,
        392.0
      ]
    ],
    [
      [
        1174.0,
        250.0
      ],
      [
        1140.0,
        239.0
      ],
      [
        1146.0,
