{
  "size": [
    1280,
    720
  ],
  "ids0": [
    26,
    34,
    33,
    35,
    27,
    25,
    36,
    18,
    28,
    16,
    17,
    19,
    10,
    9,
    11,
    8,
    21,
    12,
    38,
    30,
    3,
    13,
    31,
    23,
    6,
    7
  ],
  "ids1": [
    39,
    31,
    38,
    30,
    15,
    21,
    7,
    36,
    28,
    6,
    20,
    12,
    35,
    4
  ],
  "corners0": [
    [
      [
        617.0,
        340.0
      ],
      [
        540.0,
        344.0
      ],
      [
        535.0,
        267.0
      ],
      [
        616.0,
        262.0
      ]
    ],
    [
      [
        616.0,
        228.0
      ],
      [
        539.0,
        232.0
      ],
      [
        535.0,
        155.0
      ],
      [
        613.0,
        151.0
      ]
    ],
    [
      [
        502.0,
        232.0
      ],
      [
        427.0,
        237.0
      ],
      [
        422.0,
        161.0
      ],
      [
        499.0,
        155.0
      ]
    ],
    [
      [
        723.0,
        230.0
      ],
      [
        650.0,
        229.0
      ],
      [
        652.0,
        151.0
      ],
      [
        727.0,
        155.0
      ]
    ],
    [
      [
        723.0,
        334.0
      ],
      [
        651.0,
        339.0
      ],
      [
        649.0,
        265.0
      ],
      [
        725.0,
        263.0
      ]
    ],
    [
      [
        507.0,
        341.0
      ],
      [
        434.0,
        345.0
      ],
      [
        428.0,
        273.0
      ],
      [
        501.0,
        268.0
      ]
    ],
    [
      [
        821.2039184570312,
        234.689697265625
      ],
      [
        757.0,
        229.0
      ],
      [
        762.0,
        153.0
      ],
      [
        830.0,
        159.0
      ]
    ],
    [
      [
        617.0,
        436.0
      ],
      [
        547.0,
        441.0
      ],
      [
        542.0,
        376.0
      ],
      [
        614.0,
        370.0
      ]
    ],
    [
      [
        818.0,
        332.0
      ],
      [
        754.0,
        332.0
      ],
      [
        758.0,
        260.0
      ],
      [
        825.0,
        263.0
      ]
    ],
    [
      [
        413.0,
        446.0
      ],
      [
        348.0,
        448.0
      ],
      [
        335.0,
        382.0
      ],
      [
        403.0,
        378.0
      ]
    ],
    [
      [
        512.0,
        441.0
      ],
      [
        445.0,
        444.0
      ],
      [
        436.0,
        380.0
      ],
      [
        506.0,
        376.0
      ]
    ],
    [
      [
        716.0,
        432.0
      ],
      [
        648.0,
        434.0
      ],
      [
        651.0,
        369.0
      ],
      [
        721.0,
        369.0
      ]
    ],
    [
      [
        617.0,
        527.0
      ],
      [
        550.0,
        529.0
      ],
      [
        548.0,
        470.0
      ],
      [
        619.0,
        468.0
      ]
    ],
    [
      [
        521.0,
        531.0
      ],
      [
        454.0,
        531.0
      ],
      [
        447.0,
        474.0
      ],
      [
        516.0,
        472.0
      ]
    ],
    [
      [
        713.0,
        519.0
      ],
      [
        647.0,
        522.0
      ],
      [
        649.0,
        464.0
      ],
      [
        718.0,
        461.0
      ]
    ],
    [
      [
        426.0,
        532.0
      ],
      [
        365.0,
        532.0
      ],
      [
        352.0,
        476.0
      ],
      [
        415.0,
        474.0
      ]
    ],
    [
      [
        896.0,
        417.0
      ],
      [
        840.0,
        424.0
      ],
      [
        844.0,
        361.0
      ],
      [
        902.0,
        355.0
      ]
    ],
    [
      [
        801.0,
        510.0
      ],
      [
        741.0,
        514.0
      ],
      [
        747.0,
        457.0
      ],
      [
        810.0,
        454.0
      ]
    ],
    [
      [
        988.0,
        237.0
      ],
      [
        940.0,
        232.0
      ],
      [
        945.0,
        165.0
      ],
      [
        995.0,
        173.0
      ]
    ],
    [
      [
        979.0,
        327.0
      ],
      [
        932.0,
        328.0
      ],
      [
        939.0,
        262.0
      ],
      [
        988.0,
        264.0
      ]
    ],
    [
      [
        708.0,
        592.0
      ],
      [
        647.0,
        596.0
      ],
      [
        648.0,
        549.0
      ],
      [
        712.0,
        544.0
      ]
    ],
    [
      [
        883.0,
        497.0
      ],
      [
        830.0,
        506.0
      ],
      [
        835.0,
        451.0
      ],
      [
        890.0,
        444.0
      ]
    ],
    [
      [
        1043.0,
        326.0
      ],
      [
        999.3695068359375,
        324.1319885253906
      ],
      [
        1009.0,
        262.0
      ],
      [
        1052.0,
        265.0
      ]
    ],
    [
      [
        1031.0,
        404.0
      ],
      [
        989.0,
        410.0
      ],
      [
        997.0,
        351.0
      ],
      [
        1040.0,
        347.0
      ]
    ],
    [
      [
        936.0,
        557.0
      ],
      [
        890.0,
        565.0
      ],
      [
        901.0,
        517.0
      ],
      [
        949.0,
        510.0
      ]
    ],
    [
      [
        997.0,
        541.0
      ],
      [
        958.1486206054688,
        553.7398681640625
      ],
      [
        967.0,
        507.0
      ],
      [
        1008.0,
        497.0
      ]
    ]
  ],