{
  "size": [
    1280,
    720
  ],
  "ids0": [
    12,
    4,
    20,
    19,
    13,
    11,
    3,
    21,
    5,
    10,
    2,
    27,
    18,
    28,
    14,
    6,
    29,
    22,
    26,
    9,
    17,
    35,
    1,
    30,
    25,
    37,
    34,
    23,
    15,
    7,
    8,
    38,
    16,
    0,
    33,
    31,
    24,
    39,
    32,
    36
  ],
  "ids1": [
    39,
    31,
    23,
    38,
    29,
    21,
    6,
    13,
    28,
    20,
    5,
    12,
    35,
    27,
    19,
    4,
    11,
    3,
    2,
    17,
    36,
    24,
    16
  ],
  "corners0": [
    [
      [
        950.0,
        443.0
      ],
      [
        910.0,
        433.0
      ],
      [
        921.0,
        392.0
      ],
      [
        960.0,
        402.0
      ]
    ],
    [
      [
        934.0,
        502.0
      ],
      [
        895.0,
        492.0
      ],
      [
        907.0,
        451.0
      ],
      [
        945.0,
        461.0
      ]
    ],
    [
      [
        963.0,
        384.0
      ],
      [
        924.0,
        375.0
      ],
      [
        933.0,
        334.0
      ],
      [
        972.0,
        343.0
      ]
    ],
    [
      [
        907.0,
        371.0
      ],
      [
        867.0,
        361.0
      ],
      [
        877.0,
        321.0
      ],
      [
        917.7162475585938,
        331.7178955078125
      ]
    ],
    [
      [
        1005.0,
        456.0
      ],
      [
        967.0,
        447.0
      ],
      [
        977.0,
        405.0
      ],
      [
        1015.0,
        415.0
      ]
    ],
    [
      [
        893.0,
        430.0
      ],
      [
        854.0,
        420.0
      ],
      [
        864.0,
        380.0
      ],
      [
        903.0,
        389.0
      ]
    ],
    [
      [
        878.0,
        488.0
      ],
      [
        839.0,
        478.0
      ],
      [
        850.0,
        438.0
      ],
      [
        889.0,
        448.0
      ]
    ],
    [
      [
        1018.0,
        397.0
      ],
      [
        980.0,
        387.0
      ],
      [
        989.0,
        346.0
      ],
      [
        1027.0,
        356.0
      ]
    ],
    [
      [
        989.0,
        515.0
      ],
      [
        951.0,
        505.0
      ],
      [
        963.0,
        465.0
      ],
      [
        1001.0,
        475.0
      ]
    ],
    [
      [
        836.0,
        416.0
      ],
      [
        795.398681640625,
        404.4075927734375
      ],
      [
        807.0,
        367.0
      ],
      [
        846.0,
        376.0
      ]
    ],
    [
      [
        822.0,
        474.0
      ],
      [
        784.0,
        464.0
      ],
      [
        794.0,
        424.0
      ],
      [
        832.0,
        434.0
      ]
    ],
    [
      [
        918.0,
        313.0
      ],
      [
        879.0,
        303.0
      ],
      [
        888.0,
        264.0
      ],
      [
        926.0,
        273.0
      ]
    ],
    [
      [
        850.0,
        358.0
      ],
      [
        811.0,
        349.0
      ],
      [
        820.0,
        310.0
      ],
      [
        859.0,
        319.0
      ]
    ],
    [
      [
        974.0,
        325.0
      ],
      [
        936.0,
        316.0
      ],
      [
        944.0,
        276.0
      ],
      [
        982.0,
        285.0
      ]
    ],
    [
      [
        1058.0,
        468.0
      ],
      [
        1022.0,
        460.0
      ],
      [
        1032.0,
        418.0
      ],
      [
        1068.0,
        428.0
      ]
    ],
    [
      [
        1041.0,
        527.0
      ],
      [
        1006.0,
        518.0
      ],
      [
        1017.0,
        478.0
      ],
      [
        1054.0,
        487.0
      ]
    ],
    [
      [
        1029.0,
        337.0
      ],
      [
        992.0,
        328.0
      ],
      [
        999.0,
        288.0
      ],
      [
        1036.0,
        297.0
      ]
    ],
    [
      [
        1071.0,
        409.0
      ],
      [
        1035.0,
        400.0
      ],
      [
        1044.0,
        359.0
      ],
      [
        1079.0,
        368.0
      ]
    ],
    [
      [
        861.0,
        301.0
      ],
      [
        823.0,
        292.0
      ],
      [
        832.0,
        254.0
      ],
      [
        870.0,
        262.0
      ]
    ],
    [
      [
        780.0,
        403.0
      ],
      [
        743.0,
        393.0
      ],
      [
        752.0,
        355.0
      ],
      [
        790.0,
        364.0
      ]
    ],
    [
      [
        793.0,
        346.0
      ],
      [
        756.0,
        337.0
      ],
      [
        765.0,
        299.0
      ],
      [
        802.0,
        307.0
      ]
    ],
    [
      [
        928.0,
        255.0
      ],
      [
        890.0,
        246.0
      ],
      [
        897.0,
        209.0
      ],
      [
        935.0,
        217.0
      ]
    ],
    [
      [
        766.0,
        459.0
      ],
      [
        730.0,
        449.0
      ],
      [
        739.0,
        411.0
      ],
      [
        776.0,
        421.0
      ]
    ],
    [
      [
        1082.0,
        350.0
      ],
      [
        1046.0,
        340.0
      ],
      [
        1053.0,
        301.0
      ],
      [
        1088.0,
        310.0
      ]
    ],
    [
      [
        806.0,
        289.0
      ],
      [
        768.0,
        281.0
      ],
      [
        777.0,
        244.0
      ],
      [
        814.0,
        251.0
      ]
    ],
    [
      [
        1038.0,
        279.0
      ],
      [
        1001.0,
        269.0
      ],
      [
        1007.0,
        232.0
      ],
      [
        1044.0,
        241.0
      ]
    ],
    [
      [
        872.0,
        244.0
      ],
      [
        834.0,
        236.0
      ],
      [
        842.0,
        200.0
      ],
      [
        880.0,
        207.0
      ]
    ],
    [
      [
        1121.0,
        421.0
      ],
      [
        1087.0,
        412.0
      ],
      [
        1096.0,
        372.0
      ],
      [
        1129.0,
        380.0
      ]
    ],
    [
      [
        1107.0,
        480.0
      ],
      [
        1074.0,
        471.0
      ],
      [
        1084.0,
        431.0
      ],
      [
        1117.0,
        439.0
      ]
    ],
    [
      [
        1092.0,
        537.0
      ],
      [
        1058.0,
        529.0
      ],
      [
        1070.0,
        490.0
      ],
      [
        1103.0,
        497.0
      ]
    ],
    [
      [
        726.0,
        389.0
      ],
      [
        690.0,
        380.0
      ],
      [
        700.0,
        343.0
      ],
      [
        735.0,
        351.0
      ]
    ],
    [
      [
        1090.0,
        292.0
      ],
      [
        1055.0,
        282.0
      ],
      [
        1061.0,
        244.0
      ],
      [
        1095.0,
        253.0
      ]
    ],
    [
      [
        738.0,
        334.0
      ],
      [
        703.0,
        325.0
      ],
      [
        712.0,
        289.0
      ],
      [
        748.0,
        296.0
      ]
    ],
    [
      [
        712.0,
        445.0
      ],
      [
        678.0,
        435.0
      ],
      [
        687.0,
        398.0
      ],
      [
        722.0,
        407.0
      ]
    ],
    [
      [
        816.0,
        234.0
      ],
      [
        780.0,
        227.0
      ],
      [
        788.0,
        191.0
      ],
      [
        825.0,
        198.0
      ]
    ],
    [
      [
        1131.0,
        362.0
      ],
      [
        1098.0,
        353.0
      ],
      [
        1105.0,
        313.0
      ],
      [
        1137.0,
        323.0
      ]
    ],
    [
      [
        751.0,
        278.0
      ],
      [
        716.0,
        271.0
      ],
      [
        724.0,
        236.0
      ],
      [
        760.0,
        242.0
      ]
    ],
    [
      [
        1139.0,
        304.0
      ],
      [
        1107.0,
