{
  "size": [
    1280,
    720
  ],
  "ids0": [
    17,
    25,
    26,
    18,
    24,
    33,
    9,
    34,
    16,
    27,
    32,
    19,
    10,
    8,
    35,
    11,
    1,
    28,
    20,
    0,
    36,
    3,
    12,
    29,
    4,
    21,
    13,
    37,
    5,
    22,
    30,
    31,
    14,
    38,
    7,
    6,
    15
  ],
  "ids1": [
    23,
    39,
    31,
    37,
    22,
    38,
    29,
    15,
    21,
    14,
    28,
    7,
    13,
    20,
    6,
    35,
    27,
    12,
    5,
    19,
    4,
    11,
    34,
    26,
    18,
    3,
    10,
    36,
    32,
    24,
    2,
    1,
    8,
    0
  ],
  "corners0": [
    [
      [
        590.0,
        263.0
      ],
      [
        542.0,
        255.0
      ],
      [
        550.0,
        207.0
      ],
      [
        599.0,
        216.0
      ]
    ],
    [
      [
        602.0,
        195.0
      ],
      [
        553.0,
        186.0
      ],
      [
        563.0,
        139.0
      ],
      [
        611.0,
        148.0
      ]
    ],
    [
      [
        670.0,
        207.0
      ],
      [
        622.0,
        198.0
      ],
      [
        632.0,
        150.0
      ],
      [
        679.0,
        160.0
      ]
    ],
    [
      [
        657.0,
        274.0
      ],
      [
        610.0,
        266.0
      ],
      [
        619.0,
        218.0
      ],
      [
        667.0,
        227.0
      ]
    ],
    [
      [
        533.0,
        184.0
      ],
      [
        485.0,
        176.0
      ],
      [
        495.0,
        129.0
      ],
      [
        542.0,
        137.0
      ]
    ],
    [
      [
        614.0,
        127.0
      ],
      [
        566.0,
        119.0
      ],
      [
        575.0,
        73.0
      ],
      [
        623.0,
        81.0
      ]
    ],
    [
      [
        578.0,
        330.0
      ],
      [
        531.0,
        321.0
      ],
      [
        539.0,
        275.0
      ],
      [
        587.0,
        283.0
      ]
    ],
    [
      [
        682.0,
        140.0
      ],
      [
        634.0,
        130.0
      ],
      [
        644.0,
        84.0
      ],
      [
        691.0,
        94.0
      ]
    ],
    [
      [
        522.0,
        252.0
      ],
      [
        475.0,
        244.0
      ],
      [
        483.0,
        197.0
      ],
      [
        530.0,
        205.0
      ]
    ],
    [
      [
        735.0,
        220.0
      ],
      [
        687.3626708984375,
        208.0966796875
      ],
      [
        699.0,
        163.0
      ],
      [
        745.0,
        174.0
      ]
    ],
    [
      [
        545.0,
        116.0
      ],
      [
        498.0,
        109.0
      ],
      [
        508.0,
        63.0
      ],
      [
        555.0,
        70.0
      ]
    ],
    [
      [
        722.0,
        286.0
      ],
      [
        677.0,
        277.0
      ],
      [
        686.0,
        230.0
      ],
      [
        733.0,
        240.0
      ]
    ],
    [
      [
        644.0,
        340.0
      ],
      [
        598.0,
        332.0
      ],
      [
        607.0,
        286.0
      ],
      [
        654.0,
        294.0
      ]
    ],
    [
      [
        511.0,
        319.0
      ],
      [
        466.0,
        311.0
      ],
      [
        473.0,
        264.0
      ],
      [
        519.0,
        272.0
      ]
    ],
    [
      [
        748.0,
        154.0
      ],
      [
        702.0,
        144.0
      ],
      [
        711.0,
        98.0
      ],
      [
        757.0,
        110.0
      ]
    ],
    [
      [
        709.0,
        350.0
      ],
      [
        664.0,
        342.0
      ],
      [
        674.0,
        296.0
      ],
      [
        719.0,
        305.0
      ]
    ],
    [
      [
        568.0,
        393.0
      ],
      [
        522.0,
        385.0
      ],
      [
        529.0,
        341.0
      ],
      [
        576.0,
        349.0
      ]
    ],
    [
      [
        798.0,
        233.0
      ],
      [
        754.0,
        223.0
      ],
      [
        764.0,
        177.0
      ],
      [
        807.0,
        188.0
      ]
    ],
    [
      [
        785.0,
        297.0
      ],
      [
        739.3577880859375,
        287.1943054199219
      ],
      [
        752.0,
        242.0
      ],
      [
        795.0,
        252.0
      ]
    ],
    [
      [
        503.0,
        383.0
      ],
      [
        458.0,
        375.0
      ],
      [
        464.0,
        331.0
      ],
      [
        509.0,
        339.0
      ]
    ],
    [
      [
        810.0,
        169.0
      ],
      [
        767.0,
        158.0
      ],
      [
        777.5630493164062,
        111.14921569824219
      ],
      [
        819.0,
        125.0
      ]
    ],
    [
      [
        696.0,
        412.0
      ],
      [
        652.0,
        405.0
      ],
      [
        661.0,
        361.0
      ],
      [
        706.0,
        369.0
      ]
    ],
    [
      [
        770.0,
        360.0
      ],
      [
        728.0,
        352.0
      ],
      [
        739.1454467773438,
        305.3722839355469
      ],
      [
        781.0,
        316.0
      ]
    ],
    [
      [
        856.0,
        246.0
      ],
      [
        816.0,
        236.0
      ],
      [
        826.0,
        191.0
      ],
      [
        865.0,
        202.0
      ]
    ],
    [
      [
        756.0,
        420.0
      ],
      [
        715.0,
        414.0
      ],
      [
        725.0,
        371.0
      ],
      [
        767.0,
        378.0
      ]
    ],
    [
      [
        842.0,
        308.0
      ],
      [
        803.0,
        300.0
      ],
      [
        813.0,
        255.0
      ],
      [
        853.0,
        265.0
      ]
    ],
    [
      [
        828.0,
        369.0
      ],
      [
        789.0,
        362.0
      ],
      [
        800.0,
        318.0
      ],
      [
        839.0,
        326.0
      ]
    ],
    [
      [
        868.0,
        183.0
      ],
      [
        828.0,
        172.0
      ],
      [
        837.0,
        129.0
      ],
      [
        876.0,
        141.0
      ]
    ],
    [
      [
        813.0,
        427.0
      ],
      [
        774.0,
        421.0
      ],
      [
        785.0,
        380.0
      ],
      [
        824.0,
        387.0
      ]
    ],
    [
      [
        896.0,
        318.0
      ],
      [
        860.0,
        310.0
      ],
      [
        870.0,
        268.0
      ],
      [
        906.0,
        277.0
      ]
    ],
    [
      [
        909.0,
        258.0
      ],
      [
        873.0,
        248.0
      ],
      [
        883.0,
        206.0
      ],
      [
        918.0,
        217.0
      ]
    ],
    [
      [
        958.0,
        272.0
      ],
      [
        924.0,
        262.0
      ],
      [
        933.0,
        219.0
      ],
      [
        967.0,
        229.0
      ]
    ],
    [
      [
        881.0,
        377.0
      ],
      [
        846.0,
        371.0
      ],
      [
        856.0,
        329.0
      ],
      [
        892.0,
        336.0
      ]
    ],
    [
      [
        921.0,
        198.0
      ],
      [
        885.0,
        187.0
      ],
      [
        893.0,
        146.0
      ],
      [
        928.0,
        157.0
      ]
    ],
    [
      [
        913.4142456054688,
        440.7477111816406
      ],
      [
        879.1055297851562,
        435.159912109375
      ],
      [
        893.0,
        395.0
      ],
      [
        927.0,
        400.0
      ]
    ],
    [
      [
        866.0,
        433.0
      ],
      [
        831.0,
        428.0
      ],
      [
        841.0,
        389.0
      ],
      [
        877.0,
        394.0
      ]
    ],
    [
      [
        929.0,
        384.0
      ],
      [
        898.0,
        379.0
      ],
      [
        909.0,
        339.0
      ],
      [
        940.0,
