{
  "size": [
    1280,
    720
  ],
  "ids0": [
    8,
    9,
    17,
    16,
    25,
    10,
    24,
    18,
    1,
    26,
    0,
    2,
    19,
    11,
    33,
    32,
    27,
    34,
    3,
    12,
    20,
    35,
    28,
    4,
    13,
    29,
    5,
    38,
    37,
    23,
    31,
    7,
    36
  ],
  "ids1": [
    31,
    39,
    23,
    30,
    38,
    22,
    15,
    37,
    14,
    21,
    7,
    13,
    28,
    6,
    20,
    12,
    5,
    27,
    35,
    19,
    4,
    26,
    34,
    3,
    18,
    10,
    2,
    1,
    36,
    11
  ],
  "corners0": [
    [
      [
        572.0,
        315.0
      ],
      [
        531.0,
        310.0
      ],
      [
        537.0,
        268.0
      ],
      [
        578.0,
        274.0
      ]
    ],
    [
      [
        632.0,
        322.0
      ],
      [
        591.0,
        316.0
      ],
      [
        597.0,
        275.0
      ],
      [
        638.0,
        281.0
      ]
    ],
    [
      [
        639.0,
        263.0
      ],
      [
        598.0,
        257.0
      ],
      [
        604.0,
        216.0
      ],
      [
        645.0,
        222.0
      ]
    ],
    [
      [
        579.0,
        255.0
      ],
      [
        538.0,
        250.0
      ],
      [
        544.0,
        209.0
      ],
      [
        585.0,
        214.0
      ]
    ],
    [
      [
        647.0,
        203.0
      ],
      [
        603.161865234375,
        194.01092529296875
      ],
      [
        611.0,
        157.0
      ],
      [
        653.0,
        163.0
      ]
    ],
    [
      [
        690.0,
        329.0
      ],
      [
        650.0,
        324.0
      ],
      [
        656.0,
        283.0
      ],
      [
        697.0,
        289.0
      ]
    ],
    [
      [
        586.0,
        196.0
      ],
      [
        546.0,
        190.0
      ],
      [
        552.0,
        150.0
      ],
      [
        593.0,
        155.0
      ]
    ],
    [
      [
        698.0,
        270.0
      ],
      [
        658.0,
        264.0
      ],
      [
        664.0,
        223.0
      ],
      [
        704.0,
        229.0
      ]
    ],
    [
      [
        624.0,
        381.0
      ],
      [
        584.0,
        375.0
      ],
      [
        589.0,
        335.0
      ],
      [
        630.0,
        340.0
      ]
    ],
    [
      [
        706.0,
        211.0
      ],
      [
        665.0,
        205.0
      ],
      [
        671.0,
        165.0
      ],
      [
        711.0,
        171.0
      ]
    ],
    [
      [
        565.0,
        374.0
      ],
      [
        525.0,
        368.0
      ],
      [
        530.0,
        328.0
      ],
      [
        571.0,
        334.0
      ]
    ],
    [
      [
        682.0,
        387.0
      ],
      [
        642.0,
        381.0
      ],
      [
        648.0,
        342.0
      ],
      [
        689.0,
        347.0
      ]
    ],
    [
      [
        755.0,
        278.0
      ],
      [
        716.0,
        272.0
      ],
      [
        722.0,
        231.0
      ],
      [
        761.0,
        238.0
      ]
    ],
    [
      [
        747.0,
        336.0
      ],
      [
        708.0,
        330.0
      ],
      [
        714.0,
        290.0
      ],
      [
        754.0,
        296.0
      ]
    ],
    [
      [
        654.0,
        145.0
      ],
      [
        613.0,
        138.0
      ],
      [
        619.0,
        100.0
      ],
      [
        660.0,
        106.0
      ]
    ],
    [
      [
        594.0,
        137.0
      ],
      [
        554.0,
        132.0
      ],
      [
        561.0,
        93.0
      ],
      [
        601.0,
        99.0
      ]
    ],
    [
      [
        763.0,
        220.0
      ],
      [
        723.0,
        213.0
      ],
      [
        729.0,
        174.0
      ],
      [
        768.0,
        181.0
      ]
    ],
    [
      [
        712.0,
        153.0
      ],
      [
        672.0,
        146.0
      ],
      [
        678.0,
        108.0
      ],
      [
        718.0,
        115.0
      ]
    ],
    [
      [
        738.0,
        393.0
      ],
      [
        700.0,
        388.0
      ],
      [
        707.0,
        348.0
      ],
      [
        745.0,
        353.0
      ]
    ],
    [
      [
        801.0,
        342.0
      ],
      [
        764.0,
        337.0
      ],
      [
        771.0,
        297.0
      ],
      [
        808.0,
        303.0
      ]
    ],
    [
      [
        809.0,
        286.0
      ],
      [
        772.0,
        279.0
      ],
      [
        778.0,
        240.0
      ],
      [
        815.0,
        247.0
      ]
    ],
    [
      [
        769.0,
        163.0
      ],
      [
        731.0,
        156.0
      ],
      [
        736.0,
        118.0
      ],
      [
        774.0,
        125.0
      ]
    ],
    [
      [
        817.0,
        229.0
      ],
      [
        780.0,
        222.0
      ],
      [
        785.0,
        183.0
      ],
      [
        822.0,
        191.0
      ]
    ],
    [
      [
        792.0,
        398.0
      ],
      [
        756.0,
        394.0
      ],
      [
        763.0,
        355.0
      ],
      [
        799.0,
        360.0
      ]
    ],
    [
      [
        852.0,
        349.0
      ],
      [
        818.0,
        343.0
      ],
      [
        825.0,
        305.0
      ],
      [
        859.0,
        311.0
      ]
    ],
    [
      [
        868.0,
        238.0
      ],
      [
        834.0,
        231.0
      ],
      [
        839.0,
        193.0
      ],
      [
        873.0,
        201.0
      ]
    ],
    [
      [
        843.0,
        403.0
      ],
      [
        809.0,
        399.0
      ],
      [
        816.0,
        361.0
      ],
      [
        850.0,
        366.0
      ]
    ],
    [
      [
        922.0,
        195.0
      ],
      [
        888.0,
        187.0
      ],
      [
        892.0,
        149.0
      ],
      [
        925.0,
        158.0
      ]
    ],
    [
      [
        873.0,
        183.0
      ],
      [
        840.0,
        176.0
      ],
      [
        844.0,
        139.0
      ],
      [
        877.0,
        147.0
      ]
    ],
    [
      [
        952.0,
        309.0
      ],
      [
        922.0,
        304.0
      ],
      [
        928.0,
        265.0
      ],
      [
        958.0,
        271.0
      ]
    ],
    [
      [
        959.0,
        257.0
      ],
      [
        929.0,
        250.0
      ],
      [
        933.0,
        212.0
      ],
      [
        964.0,
        220.0
      ]
    ],
    [
      [
        934.0,
        412.0
      ],
      [
        904.0,
        409.0
      ],
      [
        912.0,
        371.0
      ],
      [
        942.0,
        375.0
      ]
    ],
    [
      [
        823.0,
        173.0
      ],
      [
        787.0,
        165.0
      ],
      [
        791.0,
        128.0
      ],
      [
        827.0,
        136.0
      ]
    ]
  ],