{
  "size": [
    1280,
    720
  ],
  "ids0": [
    5,
    4,
    13,
    12,
    3,
    6,
    20,
    11,
    14,
    21,
    19,
    22,
    10,
    2,
    28,
    7,
    18,
    15,
    29,
    27,
    23,
    30,
    1,
    9,
    26,
    17,
    37,
    35,
    38,
    31,
    8,
    25,
    34,
    0,
    39,
    16,
    33,
    36
  ],
  "ids1": [
    31,
    39,
    23,
    30,
    22,
    38,
    7,
    15,
    14,
    29,
    37,
    6,
    21,
    13,
    5,
    28,
    20,
    12,
    4,
    19,
    11,
    18,
    36,
    17,
    33,
    1
  ],
  "corners0": [
    [
      [
        989.0,
        454.0
      ],
      [
        950.0,
        443.0
      ],
      [
        961.0,
        402.0
      ],
      [
        1001.0,
        413.0
      ]
    ],
    [
      [
        933.0,
        439.0
      ],
      [
        893.0,
        428.0
      ],
      [
        906.07958984375,
        385.09344482421875
      ],
      [
        944.0,
        398.0
      ]
    ],
    [
      [
        1004.0,
        394.0
      ],
      [
        965.0,
        383.0
      ],
      [
        976.0,
        342.0
      ],
      [
        1014.0,
        352.0
      ]
    ],
    [
      [
        948.0,
        379.0
      ],
      [
        908.0,
        368.0
      ],
      [
        919.0,
        328.0
      ],
      [
        958.0,
        338.0
      ]
    ],
    [
      [
        876.0,
        424.0
      ],
      [
        837.0,
        413.0
      ],
      [
        848.0,
        373.0
      ],
      [
        887.0,
        383.0
      ]
    ],
    [
      [
        1043.0,
        469.0
      ],
      [
        1006.0,
        458.0
      ],
      [
        1018.0,
        416.0
      ],
      [
        1055.0,
        427.0
      ]
    ],
    [
      [
        959.752197265625,
        321.8176574707031
      ],
      [
        922.0,
        310.0
      ],
      [
        931.0,
        269.0
      ],
      [
        970.0,
        279.0
      ]
    ],
    [
      [
        891.0,
        365.0
      ],
      [
        852.0,
        355.0
      ],
      [
        861.0,
        315.0
      ],
      [
        901.0,
        324.0
      ]
    ],
    [
      [
        1059.0,
        408.0
      ],
      [
        1022.0,
        398.0
      ],
      [
        1032.0,
        356.0
      ],
      [
        1069.0,
        366.0
      ]
    ],
    [
      [
        1015.8938598632812,
        335.737548828125
      ],
      [
        979.0,
        323.0
      ],
      [
        988.0,
        283.0
      ],
      [
        1026.0,
        293.0
      ]
    ],
    [
      [
        904.0,
        306.0
      ],
      [
        865.0,
        296.0
      ],
      [
        874.0,
        257.0
      ],
      [
        913.0,
        266.0
      ]
    ],
    [
      [
        1072.0,
        348.0
      ],
      [
        1035.0,
        337.0
      ],
      [
        1044.0,
        296.0
      ],
      [
        1080.0,
        307.0
      ]
    ],
    [
      [
        834.0,
        351.0
      ],
      [
        796.0,
        341.0
      ],
      [
        806.0,
        302.0
      ],
      [
        844.0,
        311.0
      ]
    ],
    [
      [
        819.0,
        409.0
      ],
      [
        782.0,
        398.0
      ],
      [
        792.0,
        359.0
      ],
      [
        830.0,
        369.0
      ]
    ],
    [
      [
        973.0,
        261.0
      ],
      [
        934.0,
        251.0
      ],
      [
        941.0,
        213.0
      ],
      [
        980.0,
        222.0
      ]
    ],
    [
      [
        1095.0,
        482.0
      ],
      [
        1060.0,
        472.0
      ],
      [
        1072.0,
        431.0
      ],
      [
        1107.0,
        441.0
      ]
    ],
    [
      [
        847.0,
        293.0
      ],
      [
        809.0,
        284.0
      ],
      [
        819.0,
        246.0
      ],
      [
        857.0,
        254.0
      ]
    ],
    [
      [
        1111.0,
        422.0
      ],
      [
        1076.0,
        412.0
      ],
      [
        1086.0,
        371.0
      ],
      [
        1121.0,
        381.0
      ]
    ],
    [
      [
        1028.0,
        274.0
      ],
      [
        990.0,
        264.0
      ],
      [
        998.0,
        225.0
      ],
      [
        1035.0,
        235.0
      ]
    ],
    [
      [
        916.0,
        248.0
      ],
      [
        877.0,
        239.0
      ],
      [
        886.0,
        201.0
      ],
      [
        924.0,
        210.0
      ]
    ],
    [
      [
        1124.0,
        362.0
      ],
      [
        1089.0,
        352.0
      ],
      [
        1097.0,
        311.0
      ],
      [
        1131.0,
        321.0
      ]
    ],
    [
      [
        1082.0,
        288.0
      ],
      [
        1046.0,
        278.0
      ],
      [
        1053.0,
        239.0
      ],
      [
        1089.0,
        249.0
      ]
    ],
    [
      [
        764.0,
        394.0
      ],
      [
        728.0,
        383.0
      ],
      [
        738.0,
        346.0
      ],
      [
        775.0,
        356.0
      ]
    ],
    [
      [
        778.0,
        337.0
      ],
      [
        742.0,
        328.0
      ],
      [
        752.0,
        290.0
      ],
      [
        788.0,
        299.0
      ]
    ],
    [
      [
        860.0,
        236.0
      ],
      [
        822.0,
        228.0
      ],
      [
        831.0,
        191.0
      ],
      [
        868.0,
        199.0
      ]
    ],
    [
      [
        791.0,
        281.0
      ],
      [
        755.0,
        272.0
      ],
      [
        765.0,
        235.0
      ],
      [
        801.0,
        243.0
      ]
    ],
    [
      [
        1037.0,
        217.0
      ],
      [
        1000.0,
        207.0
      ],
      [
        1005.0,
        170.0
      ],
      [
        1042.0,
        180.0
      ]
    ],
    [
      [
        926.0,
        192.0
      ],
      [
        888.0,
        184.0
      ],
      [
        895.0,
        148.0
      ],
      [
        933.0,
        156.0
      ]
    ],
    [
      [
        1090.0,
        231.0
      ],
      [
        1054.0,
        220.0
      ],
      [
        1059.0,
        183.0
      ],
      [
        1095.0,
        193.0
      ]
    ],
    [
      [
        1133.0,
        303.0
      ],
      [
        1099.0,
        292.0
      ],
      [
        1106.0,
        253.0
      ],
      [
        1139.0,
        263.0
      ]
    ],
    [
      [
        725.0,
        324.0
      ],
      [
        691.0,
        316.0
      ],
      [
        701.0,
        279.0
      ],
      [
        735.0,
        287.0
      ]
    ],
    [
      [
        804.0,
        225.0
      ],
      [
        768.0,
        218.0
      ],
      [
        777.0,
        183.0
      ],
      [
        813.0,
        189.0
      ]
    ],
    [
      [
        870.0,
        181.0
      ],
      [
        833.0,
        174.0
      ],
      [
        841.0,
        139.0
      ],
      [
        877.0,
        146.0
      ]
    ],
    [
      [
        712.0,
        379.0
      ],
      [
        678.0,
        370.0
      ],
      [
        688.0,
        333.0
      ],
      [
        721.0,
        342.0
      ]
    ],
    [
      [
        1140.0,
        245.0
      ],
      [
        1107.0,
        234.0
      ],
      [
        1112.0,
        197.0
      ],
      [
        1145.0,
        208.0
      ]
    ],
    [
      [
        738.0,
        269.0
      ],
      [
        704.0,
        262.0
      ],
      [
        714.0,
        226.0
      ],
      [
        747.0,
        233.0
      ]
    ],
    [
      [
        815.0,
        172.0
      ],
      [
        780.0,
        165.0
      ],
      [
        788.0,
        132.0
      ],
      [
        823.0,
        138.0
      ]
    ],
    [
      [
        982.0,
        204.0
