{
  "size": [
    1280,
    720
  ],
  "ids0": [
    12,
    13,
    5,
    14,
    4,
    20,
    21,
    11,
    6,
    22,
    19,
    3,
    7,
    28,
    15,
    23,
    10,
    30,
    27,
    2,
    18,
    37,
    31,
    26,
    35,
    1,
    9,
    17,
    39,
    34,
    25,
    8,
    33,
    0,
    16,
    36
  ],
  "ids1": [
    31,
    23,
    39,
    15,
    30,
    22,
    38,
    7,
    14,
    6,
    21,
    13,
    5,
    28,
    20,
    12,
    4,
    36,
    17,
    1
  ],
  "corners0": [
    [
      [
        967.0,
        326.0
      ],
      [
        926.0,
        315.0
      ],
      [
        936.0,
        272.0
      ],
      [
        977.0,
        283.0
      ]
    ],
    [
      [
        1025.0,
        340.0
      ],
      [
        985.0,
        330.0
      ],
      [
        994.0,
        286.0
      ],
      [
        1035.0,
        297.0
      ]
    ],
    [
      [
        1010.0,
        403.0
      ],
      [
        971.0,
        391.0
      ],
      [
        982.0,
        348.0
      ],
      [
        1023.671630859375,
        360.706298828125
      ]
    ],
    [
      [
        1082.0,
        355.0
      ],
      [
        1043.0,
        344.0
      ],
      [
        1053.0,
        300.0
      ],
      [
        1092.0,
        312.0
      ]
    ],
    [
      [
        953.0,
        387.0
      ],
      [
        913.0,
        376.0
      ],
      [
        923.0,
        334.0
      ],
      [
        965.8150634765625,
        345.58758544921875
      ]
    ],
    [
      [
        977.2685546875,
        265.703369140625
      ],
      [
        938.0,
        253.0
      ],
      [
        947.9960327148438,
        209.32086181640625
      ],
      [
        987.0,
        221.0
      ]
    ],
    [
      [
        1035.4188232421875,
        279.6745910644531
      ],
      [
        998.0,
        267.0
      ],
      [
        1006.0,
        224.0
      ],
      [
        1046.0,
        235.0
      ]
    ],
    [
      [
        906.97216796875,
        313.68145751953125
      ],
      [
        868.0,
        301.0
      ],
      [
        877.0,
        260.0
      ],
      [
        918.0,
        269.0
      ]
    ],
    [
      [
        1066.0,
        417.0
      ],
      [
        1028.0,
        406.0
      ],
      [
        1039.0,
        363.0
      ],
      [
        1078.0,
        374.0
      ]
    ],
    [
      [
        1094.0,
        293.0
      ],
      [
        1056.0,
        282.0
      ],
      [
        1064.0,
        238.0
      ],
      [
        1102.0,
        249.0
      ]
    ],
    [
      [
        920.0,
        251.0
      ],
      [
        880.0,
        241.0
      ],
      [
        888.0,
        200.0
      ],
      [
        928.0,
        208.0
      ]
    ],
    [
      [
        895.0,
        372.0
      ],
      [
        856.0,
        361.0
      ],
      [
        865.0,
        320.0
      ],
      [
        905.0,
        330.0
      ]
    ],
    [
      [
        1120.0,
        431.0
      ],
      [
        1083.0,
        421.0
      ],
      [
        1095.0,
        378.0
      ],
      [
        1132.0,
        389.0
      ]
    ],
    [
      [
        989.0,
        202.0
      ],
      [
        949.0,
        193.0
      ],
      [
        956.0,
        152.0
      ],
      [
        996.0,
        161.0
      ]
    ],
    [
      [
        1133.104248046875,
        371.89532470703125
      ],
      [
        1099.0,
        359.0
      ],
      [
        1109.0,
        316.0
      ],
      [
        1146.0,
        327.0
      ]
    ],
    [
      [
        1148.0,
        308.0
      ],
      [
        1112.0,
        297.0
      ],
      [
        1121.3062744140625,
        251.04705810546875
      ],
      [
        1156.0,
        264.0
      ]
    ],
    [
      [
        850.0,
        298.0
      ],
      [
        811.0,
        288.0
      ],
      [
        820.0,
        248.0
      ],
      [
        859.0,
        256.0
      ]
    ],
    [
      [
        1104.0,
        230.0
      ],
      [
        1066.0,
        219.0
      ],
      [
        1072.0,
        177.0
      ],
      [
        1110.0,
        188.0
      ]
    ],
    [
      [
        930.0,
        190.0
      ],
      [
        890.0,
        182.0
      ],
      [
        897.0,
        142.0
      ],
      [
        937.0,
        149.0
      ]
    ],
    [
      [
        838.0,
        357.0
      ],
      [
        800.0,
        347.0
      ],
      [
        808.0,
        307.0
      ],
      [
        847.0,
        316.0
      ]
    ],
    [
      [
        862.0,
        238.0
      ],
      [
        823.0,
        230.0
      ],
      [
        831.0,
        190.0
      ],
      [
        870.0,
        197.0
      ]
    ],
    [
      [
        1055.0,
        155.0
      ],
      [
        1016.0,
        146.0
      ],
      [
        1021.0,
        106.0
      ],
      [
        1060.0,
        116.0
      ]
    ],
    [
      [
        1158.0,
        245.0
      ],
      [
        1122.0,
        234.0
      ],
      [
        1128.0,
        192.0
      ],
      [
        1164.0,
        204.0
      ]
    ],
    [
      [
        872.0,
        179.0
      ],
      [
        833.0,
        171.0
      ],
      [
        840.0,
        133.0
      ],
      [
        879.0,
        140.0
      ]
    ],
    [
      [
        939.0,
        131.0
      ],
      [
        899.0,
        124.0
      ],
      [
        905.0,
        86.0
      ],
      [
        944.0,
        93.0
      ]
    ],
    [
      [
        782.0,
        343.0
      ],
      [
        746.0,
        333.0
      ],
      [
        755.0,
        294.0
      ],
      [
        791.0,
        303.0
      ]
    ],
    [
      [
        794.0,
        285.0
      ],
      [
        757.0,
        276.0
      ],
      [
        765.0,
        238.0
      ],
      [
        802.0,
        245.0
      ]
    ],
    [
      [
        805.0,
        227.0
      ],
      [
        768.0,
        219.0
      ],
      [
        776.0,
        181.0
      ],
      [
        813.0,
        188.0
      ]
    ],
    [
      [
        1164.0,
        184.0
      ],
      [
        1129.0,
        173.0
      ],
      [
        1133.0,
        133.0
      ],
      [
        1168.0,
        144.0
      ]
    ],
    [
      [
        881.0,
        122.0
      ],
      [
        842.0,
        115.0
      ],
      [
        849.0,
        79.0
      ],
      [
        887.0,
        84.0
      ]
    ],
    [
      [
        815.0,
        169.0
      ],
      [
        778.0,
        163.0
      ],
      [
        785.0,
        126.0
      ],
      [
        822.0,
        131.0
      ]
    ],
    [
      [
        740.0,
        273.0
      ],
      [
        706.0,
        266.0
      ],
      [
        714.0,
        228.0
      ],
      [
        748.0,
        235.0
      ]
    ],
    [
      [
        824.0,
        114.0
      ],
      [
        788.0,
        109.0
      ],
      [
        795.0,
        73.0
      ],
      [
        831.0,
        78.0
      ]
    ],
    [
      [
        729.0,
        329.0
      ],
      [
        696.0,
        321.0
      ],
      [
        704.0,
        283.0
      ],
      [
        737.0,
        291.0
      ]
    ],
    [
      [
        750.0,
        217.0
      ],
      [
        716.0,
        210.0
      ],
      [
        724.0,
        174.0
      ],
      [
        758.0,
        179.0
      ]
    ],
    [
      [
        997.0,
        142.0
      ],
      [
        957.0,
        134.0
      ],
      [
        963.0,
        95.0
      ],
      [
        1002.0,
        103.0
      ]
    ]
  ],