{
  "size": [
    1280,
    720
  ],
  "ids0": [
    10,
    9,
    17,
    2,
    1,
    16,
    0,
    18,
    11,
    19,
    26,
    25,
    24,
    3,
    27,
    12,
    20,
    33,
    4,
    34,
    32,
    35,
    13,
    21,
    5,
    29,
    37,
    7,
    14,
    6,
    22,
    30,
    38,
    28,
    36
  ],
  "ids1": [
    31,
    23,
    39,
    30,
    22,
    15,
    38,
    14,
    29,
    21,
    37,
    7,
    13,
    6,
    28,
    5,
    12,
    27,
    35,
    3,
    18,
    26,
    34,
    10,
    36,
    2,
    20,
    25,
    17,
    33,
    9,
    1,
    8,
    11
  ],
  "corners0": [
    [
      [
        886.0,
        301.0
      ],
      [
        843.0,
        293.0
      ],
      [
        850.0,
        247.0
      ],
      [
        895.5569458007812,
        257.9292907714844
      ]
    ],
    [
      [
        823.0,
        290.0
      ],
      [
        779.0,
        282.0
      ],
      [
        786.0,
        238.0
      ],
      [
        831.0,
        245.0
      ]
    ],
    [
      [
        832.0,
        226.0
      ],
      [
        788.0,
        218.0
      ],
      [
        794.0,
        174.0
      ],
      [
        839.0,
        181.0
      ]
    ],
    [
      [
        876.0,
        364.0
      ],
      [
        832.0,
        356.0
      ],
      [
        840.0,
        312.0
      ],
      [
        884.0,
        320.0
      ]
    ],
    [
      [
        813.0,
        354.0
      ],
      [
        770.0,
        346.0
      ],
      [
        777.0,
        302.0
      ],
      [
        821.0,
        309.0
      ]
    ],
    [
      [
        768.0,
        216.0
      ],
      [
        724.0,
        209.0
      ],
      [
        731.0,
        165.0
      ],
      [
        775.0,
        172.0
      ]
    ],
    [
      [
        750.0,
        344.0
      ],
      [
        707.0,
        336.0
      ],
      [
        714.0,
        292.0
      ],
      [
        758.0,
        300.0
      ]
    ],
    [
      [
        895.0,
        236.0
      ],
      [
        852.0,
        228.0
      ],
      [
        858.0,
        184.0
      ],
      [
        902.0,
        192.0
      ]
    ],
    [
      [
        947.0,
        311.0
      ],
      [
        905.0,
        303.0
      ],
      [
        912.0,
        258.0
      ],
      [
        954.0,
        266.0
      ]
    ],
    [
      [
        955.0,
        248.0
      ],
      [
        914.0,
        239.0
      ],
      [
        920.0,
        194.0
      ],
      [
        962.0,
        203.0
      ]
    ],
    [
      [
        903.0,
        173.0
      ],
      [
        859.0,
        164.0
      ],
      [
        865.0,
        121.0
      ],
      [
        908.0,
        130.0
      ]
    ],
    [
      [
        840.0,
        162.0
      ],
      [
        796.0,
        154.0
      ],
      [
        801.0,
        112.0
      ],
      [
        845.0,
        119.0
      ]
    ],
    [
      [
        776.0,
        153.0
      ],
      [
        732.0,
        146.0
      ],
      [
        738.0,
        104.0
      ],
      [
        782.0,
        110.0
      ]
    ],
    [
      [
        935.0,
        374.0
      ],
      [
        894.0,
        366.0
      ],
      [
        902.0,
        322.0
      ],
      [
        944.0,
        330.0
      ]
    ],
    [
      [
        963.0,
        184.0
      ],
      [
        921.0,
        175.0
      ],
      [
        927.0,
        132.0
      ],
      [
        968.0,
        142.0
      ]
    ],
    [
      [
        1004.0,
        321.0
      ],
      [
        964.0,
        313.0
      ],
      [
        972.0,
        269.0
      ],
      [
        1011.0,
        277.0
      ]
    ],
    [
      [
        1013.0,
        259.0
      ],
      [
        974.0,
        250.0
      ],
      [
        980.0,
        206.0
      ],
      [
        1019.0,
        215.0
      ]
    ],
    [
      [
        846.0,
        100.0
      ],
      [
        802.0,
        93.0
      ],
      [
        807.0,
        53.0
      ],
      [
        850.0,
        60.0
      ]
    ],
    [
      [
        992.0,
        383.0
      ],
      [
        953.0,
        376.0
      ],
      [
        962.0,
        332.0
      ],
      [
        1001.0,
        340.0
      ]
    ],
    [
      [
        908.0,
        111.0
      ],
      [
        865.0,
        102.0
      ],
      [
        870.0,
        62.0
      ],
      [
        912.0,
        70.0
      ]
    ],
    [
      [
        783.0,
        91.0
      ],
      [
        739.0,
        85.0
      ],
      [
        745.0,
        46.0
      ],
      [
        788.0,
        51.0
      ]
    ],
    [
      [
        968.0,
        123.0
      ],
      [
        927.0,
        113.0
      ],
      [
        931.0,
        73.0
      ],
      [
        971.0,
        82.0
      ]
    ],
    [
      [
        1057.0,
        331.0
      ],
      [
        1021.0,
        324.0
      ],
      [
        1029.0,
        280.0
      ],
      [
        1064.0,
        288.0
      ]
    ],
    [
      [
        1066.0,
        270.0
      ],
      [
        1030.0,
        262.0
      ],
      [
        1037.0,
        218.0
      ],
      [
        1072.0,
        228.0
      ]
    ],
    [
      [
        1045.0,
        392.0
      ],
      [
        1009.0,
        385.0
      ],
      [
        1018.0,
        343.0
      ],
      [
        1054.0,
        350.0
      ]
    ],
    [
      [
        1073.0,
        209.0
      ],
      [
        1037.0,
        199.0
      ],
      [
        1042.0,
        158.0
      ],
      [
        1077.0,
        168.0
      ]
    ],
    [
      [
        1077.0,
        149.0
      ],
      [
        1042.0,
        139.0
      ],
      [
        1045.0,
        99.0
      ],
      [
        1080.0,
        110.0
      ]
    ],
    [
      [
        1138.0,
        409.0
      ],
      [
        1107.0,
        403.0
      ],
      [
        1117.0,
        360.0
      ],
      [
        1148.0,
        367.0
      ]
    ],
    [
      [
        1105.0,
        341.0
      ],
      [
        1073.0,
        334.0
      ],
      [
        1081.0,
        292.0
      ],
      [
        1113.0,
        300.0
      ]
    ],
    [
      [
        1093.0,
        400.0
      ],
      [
        1061.0,
        394.0
      ],
      [
        1071.0,
        352.0
      ],
      [
        1103.0,
        360.0
      ]
    ],
    [
      [
        1115.0,
        281.0
      ],
      [
        1083.0,
        273.0
      ],
      [
        1089.0,
        231.0
      ],
      [
        1121.0,
        241.0
      ]
    ],
    [
      [
        1122.0,
        221.0
      ],
      [
        1090.0,
        212.0
      ],
      [
        1094.0,
        172.0
      ],
      [
        1125.0,
        181.0
      ]
    ],
    [
      [
        1125.0,
        163.0
      ],
      [
        1094.0,
        153.0
      ],
      [
        1096.0,
        114.0
      ],
      [
        1128.0,
        125.0
      ]
    ],
    [
      [
        1020.0,
        197.0
      ],
      [
        981.0,
        187.0
      ],
      [
        986.0,
        144.0
      ],
      [
        1024.0,
        154.0
      ]
    ],
    [
      [
        1025.0,
        135.0
      ],
      [
        986.0,
        126.0
      ],
      [
        990.0,
        85.0
      ],
      [
        1028.0,
        96.0
      ]
    ]
  ],