{
  "size": [
    1280,
    720
  ],
  "ids0": [
    8,
    9,
    16,
    0,
    1,
    17,
    24,
    10,
    25,
    2,
    18,
    26,
    32,
    33,
    11,
    19,
    3,
    34,
    27,
    4,
    12,
    20,
    35,
    28,
    7,
    31,
    36
  ],
  "ids1": [
    30,
    29,
    22,
    38,
    31,
    6,
    21,
    39,
    37,
    19,
    7,
    14,
    35,
    13,
    12,
    26,
    18,
    3,
    34,
    10,
    2,
    25,
    17,
    33,
    9,
    20,
    1,
    24,
    16,
    32,
    36,
    8,
    28,
    0
  ],
  "corners0": [
    [
      [
        792.0,
        325.0
      ],
      [
        752.0,
        318.0
      ],
      [
        759.0,
        277.0
      ],
      [
        799.0,
        284.0
      ]
    ],
    [
      [
        850.0,
        334.0
      ],
      [
        810.0,
        327.0
      ],
      [
        817.0,
        286.0
      ],
      [
        857.0,
        294.0
      ]
    ],
    [
      [
        800.0,
        266.0
      ],
      [
        760.0,
        258.0
      ],
      [
        767.0,
        218.0
      ],
      [
        807.0,
        225.0
      ]
    ],
    [
      [
        783.0,
        383.0
      ],
      [
        743.0,
        376.0
      ],
      [
        750.0,
        336.0
      ],
      [
        790.0,
        343.0
      ]
    ],
    [
      [
        840.0,
        392.0
      ],
      [
        801.0,
        386.0
      ],
      [
        809.0,
        345.0
      ],
      [
        849.5457153320312,
        354.7278747558594
      ]
    ],
    [
      [
        858.0,
        275.0
      ],
      [
        819.0,
        268.0
      ],
      [
        825.0,
        228.0
      ],
      [
        864.0,
        235.0
      ]
    ],
    [
      [
        808.0,
        207.0
      ],
      [
        768.0,
        200.0
      ],
      [
        774.0,
        161.0
      ],
      [
        814.0,
        168.0
      ]
    ],
    [
      [
        905.0,
        343.0
      ],
      [
        867.0,
        336.0
      ],
      [
        874.0,
        296.0
      ],
      [
        912.0,
        303.0
      ]
    ],
    [
      [
        866.0,
        217.0
      ],
      [
        827.0,
        209.0
      ],
      [
        832.0,
        170.0
      ],
      [
        871.0,
        178.0
      ]
    ],
    [
      [
        895.0,
        400.0
      ],
      [
        857.0,
        394.0
      ],
      [
        865.0,
        354.0
      ],
      [
        903.0,
        361.0
      ]
    ],
    [
      [
        913.0,
        285.0
      ],
      [
        876.0,
        277.0
      ],
      [
        882.0,
        237.0
      ],
      [
        919.0,
        245.0
      ]
    ],
    [
      [
        921.0,
        227.0
      ],
      [
        883.0,
        219.0
      ],
      [
        889.0,
        180.0
      ],
      [
        925.0,
        188.0
      ]
    ],
    [
      [
        815.0,
        150.0
      ],
      [
        776.0,
        143.0
      ],
      [
        781.0,
        106.0
      ],
      [
        820.0,
        113.0
      ]
    ],
    [
      [
        872.0,
        160.0
      ],
      [
        833.0,
        152.0
      ],
      [
        838.0,
        115.0
      ],
      [
        876.0,
        123.0
      ]
    ],
    [
      [
        957.0,
        352.0
      ],
      [
        922.0,
        345.0
      ],
      [
        929.0,
        305.0
      ],
      [
        964.0,
        312.0
      ]
    ],
    [
      [
        966.0,
        295.0
      ],
      [
        931.0,
        287.0
      ],
      [
        937.0,
        247.0
      ],
      [
        972.0,
        256.0
      ]
    ],
    [
      [
        947.0,
        408.0
      ],
      [
        912.0,
        402.0
      ],
      [
        920.0,
        363.0
      ],
      [
        955.0,
        369.0
      ]
    ],
    [
      [
        926.0,
        171.0
      ],
      [
        889.0,
        162.0
      ],
      [
        893.0,
        126.0
      ],
      [
        930.0,
        134.0
      ]
    ],
    [
      [
        972.0,
        238.0
      ],
      [
        938.0,
        230.0
      ],
      [
        943.0,
        191.0
      ],
      [
        977.0,
        200.0
      ]
    ],
    [
      [
        996.0,
        415.0
      ],
      [
        963.0,
        410.0
      ],
      [
        971.0,
        371.0
      ],
      [
        1004.0,
        377.0
      ]
    ],
    [
      [
        1006.0,
        360.0
      ],
      [
        974.0,
        354.0
      ],
      [
        981.0,
        314.0
      ],
      [
        1013.0,
        321.0
      ]
    ],
    [
      [
        1015.0,
        304.0
      ],
      [
        982.0,
        297.0
      ],
      [
        988.0,
        258.0
      ],
      [
        1020.0,
        266.0
      ]
    ],
    [
      [
        978.0,
        182.0
      ],
      [
        943.0,
        173.0
      ],
      [
        947.0,
        137.0
      ],
      [
        981.0,
        146.0
      ]
    ],
    [
      [
        1021.0,
        248.0
      ],
      [
        989.0,
        240.0
      ],
      [
        993.0,
        203.0
      ],
      [
        1025.0,
        211.0
      ]
    ],
    [
      [
        1122.0,
        434.0
      ],
      [
        1095.0,
        430.0
      ],
      [
        1103.0,
        392.0
      ],
      [
        1130.0,
        397.0
      ]
    ],
    [
      [
        1146.0,
        281.0
      ],
      [
        1120.0,
        273.0
      ],
      [
        1123.0,
        235.0
      ],
      [
        1149.0,
        244.0
      ]
    ],
    [
      [
        1026.0,
        194.0
      ],
      [
        994.0,
        185.0
      ],
      [
        997.0,
        149.0
      ],
      [
        1029.0,
        158.0
      ]
    ]
  ],