{
  "size": [
    1280,
    720
  ],
  "ids0": [
    17,
    9,
    8,
    16,
    18,
    24,
    25,
    26,
    10,
    1,
    19,
    2,
    0,
    11,
    27,
    32,
    33,
    34,
    3,
    35,
    12,
    20,
    28,
    4,
    21,
    13,
    29,
    5,
    37,
    22,
    14,
    6,
    7,
    30,
    38,
    36
  ],
  "ids1": [
    39,
    31,
    23,
    38,
    30,
    22,
    15,
    29,
    14,
    37,
    21,
    7,
    13,
    6,
    28,
    20,
    5,
    12,
    27,
    35,
    19,
    4,
    11,
    3,
    26,
    34,
    18,
    10,
    2,
    24,
    32,
    36
  ],
  "corners0": [
    [
      [
        589.0,
        267.0
      ],
      [
        545.0,
        262.0
      ],
      [
        551.0,
        218.0
      ],
      [
        595.0,
        224.0
      ]
    ],
    [
      [
        582.0,
        330.0
      ],
      [
        538.0,
        325.0
      ],
      [
        544.0,
        281.0
      ],
      [
        587.0,
        286.0
      ]
    ],
    [
      [
        519.0,
        324.0
      ],
      [
        476.0,
        318.0
      ],
      [
        481.0,
        275.0
      ],
      [
        525.0,
        280.0
      ]
    ],
    [
      [
        526.0,
        261.0
      ],
      [
        483.0,
        256.0
      ],
      [
        489.0,
        212.0
      ],
      [
        532.0,
        217.0
      ]
    ],
    [
      [
        651.0,
        274.0
      ],
      [
        608.0,
        269.0
      ],
      [
        614.0,
        225.0
      ],
      [
        657.0,
        231.0
      ]
    ],
    [
      [
        533.0,
        198.0
      ],
      [
        490.0,
        193.0
      ],
      [
        497.0,
        150.0
      ],
      [
        540.0,
        155.0
      ]
    ],
    [
      [
        596.0,
        205.0
      ],
      [
        553.0,
        199.0
      ],
      [
        559.0,
        156.0
      ],
      [
        602.0,
        162.0
      ]
    ],
    [
      [
        658.0,
        213.0
      ],
      [
        615.0,
        206.0
      ],
      [
        621.0,
        164.0
      ],
      [
        664.0,
        170.0
      ]
    ],
    [
      [
        643.0,
        336.0
      ],
      [
        601.0,
        331.0
      ],
      [
        606.0,
        288.0
      ],
      [
        651.6464233398438,
        295.39532470703125
      ]
    ],
    [
      [
        575.0,
        391.0
      ],
      [
        532.0,
        386.0
      ],
      [
        537.0,
        344.0
      ],
      [
        581.0,
        349.0
      ]
    ],
    [
      [
        711.0,
        282.0
      ],
      [
        669.0,
        275.0
      ],
      [
        675.0,
        233.0
      ],
      [
        717.0,
        239.0
      ]
    ],
    [
      [
        636.0,
        397.0
      ],
      [
        594.0,
        392.0
      ],
      [
        599.0,
        350.0
      ],
      [
        642.0,
        355.0
      ]
    ],
    [
      [
        513.0,
        385.0
      ],
      [
        471.0,
        380.0
      ],
      [
        475.0,
        338.0
      ],
      [
        518.0,
        343.0
      ]
    ],
    [
      [
        703.0,
        342.0
      ],
      [
        662.0,
        337.0
      ],
      [
        668.0,
        294.0
      ],
      [
        709.0,
        300.0
      ]
    ],
    [
      [
        718.0,
        221.0
      ],
      [
        677.0,
        215.0
      ],
      [
        683.0,
        172.0
      ],
      [
        724.0,
        180.0
      ]
    ],
    [
      [
        541.0,
        136.0
      ],
      [
        499.0,
        131.0
      ],
      [
        506.0,
        90.0
      ],
      [
        548.0,
        95.0
      ]
    ],
    [
      [
        604.0,
        143.0
      ],
      [
        561.0,
        137.0
      ],
      [
        567.0,
        97.0
      ],
      [
        610.0,
        103.0
      ]
    ],
    [
      [
        665.0,
        152.0
      ],
      [
        623.0,
        145.0
      ],
      [
        629.0,
        104.0
      ],
      [
        671.0,
        112.0
      ]
    ],
    [
      [
        695.0,
        402.0
      ],
      [
        655.0,
        398.0
      ],
      [
        660.0,
        356.0
      ],
      [
        702.0,
        361.0
      ]
    ],
    [
      [
        725.0,
        161.0
      ],
      [
        684.0,
        154.0
      ],
      [
        689.0,
        114.0
      ],
      [
        730.0,
        122.0
      ]
    ],
    [
      [
        760.0,
        348.0
      ],
      [
        721.0,
        343.0
      ],
      [
        728.0,
        301.0
      ],
      [
        767.0,
        307.0
      ]
    ],
    [
      [
        768.0,
        289.0
      ],
      [
        729.0,
        283.0
      ],
      [
        735.0,
        241.0
      ],
      [
        774.0,
        248.0
      ]
    ],
    [
      [
        775.0,
        229.0
      ],
      [
        736.0,
        223.0
      ],
      [
        742.9187622070312,
        179.4180908203125
      ],
      [
        780.0,
        189.0
      ]
    ],
    [
      [
        752.0,
        406.0
      ],
      [
        713.0,
        402.0
      ],
      [
        720.0,
        361.0
      ],
      [
        758.0,
        366.0
      ]
    ],
    [
      [
        821.0,
        296.0
      ],
      [
        785.0,
        290.0
      ],
      [
        791.0,
        250.0
      ],
      [
        827.0,
        256.0
      ]
    ],
    [
      [
        814.0,
        353.0
      ],
      [
        778.0,
        349.0
      ],
      [
        784.0,
        308.0
      ],
      [
        820.0,
        314.0
      ]
    ],
    [
      [
        828.0,
        238.0
      ],
      [
        792.0,
        231.0
      ],
      [
        798.0,
        191.0
      ],
      [
        833.0,
        199.0
      ]
    ],
    [
      [
        805.0,
        410.0
      ],
      [
        769.0,
        406.0
      ],
      [
        776.0,
        367.0
      ],
      [
        812.0,
        371.0
      ]
    ],
    [
      [
        834.0,
        181.0
      ],
      [
        798.0,
        173.0
      ],
      [
        803.0,
        135.0
      ],
      [
        838.0,
        144.0
      ]
    ],
    [
      [
        871.0,
        303.0
      ],
      [
        838.0,
        297.0
      ],
      [
        844.0,
        258.0
      ],
      [
        876.0,
        264.0
      ]
    ],
    [
      [
        863.0,
        358.0
      ],
      [
        830.0,
        354.0
      ],
      [
        837.0,
        315.0
      ],
      [
        869.0,
        320.0
      ]
    ],
    [
      [
        854.0,
        413.0
      ],
      [
        821.0,
        410.0
      ],
      [
        828.0,
        372.0
      ],
      [
        861.0,
        376.0
      ]
    ],
    [
      [
        900.0,
        417.0
      ],
      [
        868.0,
        414.0
      ],
      [
        875.0,
        375.0
      ],
      [
        907.0,
        379.0
      ]
    ],
    [
      [
        877.0,
        247.0
      ],
      [
        845.0,
        240.0
      ],
      [
        850.0,
        202.0
      ],
      [
        882.0,
        209.0
      ]
    ],
    [
      [
        883.0,
        191.0
      ],
      [
        851.0,
        184.0
      ],
      [
        855.0,
        147.0
      ],
      [
        886.0,
        155.0
      ]
    ],
    [
      [
        781.0,
        171.0
      ],
      [
        743.0,
        164.0
      ],
      [
        748.0,
        124.0
      ],
      [
        786.0,
        133.0
      ]
    ]
  ],