{
  "size": [
    1280,
    720
  ],
  "ids0": [
    16,
    24,
    8,
    32,
    17,
    25,
    9,
    0,
    33,
    1,
    18,
    26,
    10,
    34,
    2,
    19,
    27,
    11,
    35,
    3,
    20,
    28,
    12,
    4,
    5,
    36
  ],
  "ids1": [
    30,
    29,
    38,
    37,
    22,
    28,
    31,
    39,
    21,
    23,
    20,
    13,
    14,
    35,
    27,
    15,
    12,
    19,
    5,
    6,
    26,
    34,
    11,
    4,
    7,
    18,
    3,
    10,
    33,
    25,
    8,
    17,
    2,
    9,
    1,
    36
  ],
  "corners0": [
    [
      [
        397.0,
        279.0
      ],
      [
        351.0,
        277.0
      ],
      [
        354.0,
        228.0
      ],
      [
        402.8009338378906,
        231.83737182617188
      ]
    ],
    [
      [
        401.0,
        210.0
      ],
      [
        355.0,
        208.0
      ],
      [
        359.0,
        159.0
      ],
      [
        405.0,
        162.0
      ]
    ],
    [
      [
        395.0,
        347.0
      ],
      [
        350.0,
        347.0
      ],
      [
        351.0,
        298.0
      ],
      [
        398.0,
        299.0
      ]
    ],
    [
      [
        406.0,
        142.0
      ],
      [
        360.0,
        139.0
      ],
      [
        366.0,
        92.0
      ],
      [
        411.0,
        96.0
      ]
    ],
    [
      [
        461.0,
        279.0
      ],
      [
        417.0,
        278.0
      ],
      [
        420.0,
        230.0
      ],
      [
        465.0,
        233.0
      ]
    ],
    [
      [
        465.0,
        213.0
      ],
      [
        421.0,
        210.0
      ],
      [
        425.0,
        163.0
      ],
      [
        469.0,
        167.0
      ]
    ],
    [
      [
        459.0,
        345.0
      ],
      [
        415.0,
        345.0
      ],
      [
        417.0,
        298.0
      ],
      [
        461.0,
        299.0
      ]
    ],
    [
      [
        396.0,
        411.0
      ],
      [
        352.0,
        414.0
      ],
      [
        350.0,
        368.0
      ],
      [
        395.0,
        366.0
      ]
    ],
    [
      [
        470.0,
        147.0
      ],
      [
        426.0,
        143.0
      ],
      [
        431.0,
        97.0
      ],
      [
        475.0,
        103.0
      ]
    ],
    [
      [
        457.0,
        409.0
      ],
      [
        414.0,
        410.0
      ],
      [
        416.0,
        365.0
      ],
      [
        459.0,
        365.0
      ]
    ],
    [
      [
        522.0,
        280.0
      ],
      [
        480.0,
        279.0
      ],
      [
        484.0,
        233.0
      ],
      [
        525.0,
        236.0
      ]
    ],
    [
      [
        526.0,
        216.0
      ],
      [
        484.0,
        213.0
      ],
      [
        489.0,
        167.0
      ],
      [
        530.0,
        173.0
      ]
    ],
    [
      [
        518.0,
        344.0
      ],
      [
        477.0,
        343.0
      ],
      [
        481.0,
        298.0
      ],
      [
        522.0,
        300.0
      ]
    ],
    [
      [
        530.0,
        153.0
      ],
      [
        489.0,
        148.0
      ],
      [
        494.0,
        104.0
      ],
      [
        534.0,
        110.0
      ]
    ],
    [
      [
        517.0,
        404.0
      ],
      [
        477.0,
        408.0
      ],
      [
        477.0,
        364.0
      ],
      [
        518.0,
        362.0
      ]
    ],
    [
      [
        578.0,
        282.0
      ],
      [
        540.0,
        280.0
      ],
      [
        543.0,
        236.0
      ],
      [
        582.0,
        239.0
      ]
    ],
    [
      [
        582.0,
        220.0
      ],
      [
        544.0,
        217.0
      ],
      [
        548.0,
        173.0
      ],
      [
        586.0,
        178.0
      ]
    ],
    [
      [
        575.0,
        342.0
      ],
      [
        537.0,
        342.0
      ],
      [
        540.0,
        299.0
      ],
      [
        578.0,
        300.0
      ]
    ],
    [
      [
        586.0,
        159.0
      ],
      [
        548.0,
        154.0
      ],
      [
        552.0,
        112.0
      ],
      [
        590.0,
        118.0
      ]
    ],
    [
      [
        572.0,
        401.0
      ],
      [
        535.0,
        404.0
      ],
      [
        536.0,
        362.0
      ],
      [
        574.0,
        360.0
      ]
    ],
    [
      [
        630.0,
        283.0
      ],
      [
        595.0,
        281.0
      ],
      [
        599.0,
        239.0
      ],
      [
        634.0,
        243.0
      ]
    ],
    [
      [
        634.0,
        224.0
      ],
      [
        599.0,
        220.0
      ],
      [
        603.0,
        179.0
      ],
      [
        638.0,
        184.0
      ]
    ],
    [
      [
        626.0,
        341.0
      ],
      [
        592.0,
        341.0
      ],
      [
        595.0,
        299.0
      ],
      [
        630.0,
        301.0
      ]
    ],
    [
      [
        623.0,
        397.0
      ],
      [
        589.0,
        400.0
      ],
      [
        590.0,
        361.0
      ],
      [
        625.0,
        358.0
      ]
    ],
    [
      [
        670.0,
        393.0
      ],
      [
        640.0,
        397.0
      ],
      [
        641.0,
        359.0
      ],
      [
        672.0,
        356.0
      ]
    ],
    [
      [
        638.0,
        166.0
      ],
      [
        604.0,
        161.0
      ],
      [
        608.0,
        120.0
      ],
      [
        642.0,
        127.0
      ]
    ]
  ],