{
  "size": [
    1280,
    720
  ],
  "ids0": [
    35,
    34,
    33,
    37,
    27,
    32,
    20,
    26,
    38,
    21,
    29,
    24,
    9,
    36,
    25
  ],
  "ids1": [
    36,
    28,
    35,
    29,
    37,
    27,
    34,
    20,
    30,
    19,
    21,
    38,
    22,
    12,
    7,
    13
  ],
  "corners0": [
    [
      [
        812.0,
        271.0
      ],
      [
        857.0,
        285.0
      ],
      [
        845.0,
        328.0
      ],
      [
        799.0,
        315.0
      ]
    ],
    [
      [
        877.0,
        290.0
      ],
      [
        921.0,
        304.0
      ],
      [
        910.0,
        348.0
      ],
      [
        865.0,
        334.0
      ]
    ],
    [
      [
        941.0,
        309.0
      ],
      [
        983.0,
        323.0
      ],
      [
        973.0,
        367.0
      ],
      [
        930.0,
        353.0
      ]
    ],
    [
      [
        683.0,
        238.0
      ],
      [
        726.0,
        249.0
      ],
      [
        712.0,
        291.0
      ],
      [
        669.0,
        279.0
      ]
    ],
    [
      [
        828.0,
        212.0
      ],
      [
        871.0,
        224.0
      ],
      [
        860.0,
        265.0
      ],
      [
        816.0,
        251.0
      ]
    ],
    [
      [
        1002.0,
        328.0
      ],
      [
        1041.0,
        342.0
      ],
      [
        1031.0,
        386.0
      ],
      [
        992.0,
        372.0
      ]
    ],
    [
      [
        779.0,
        140.0
      ],
      [
        824.0,
        152.0
      ],
      [
        813.0,
        190.0
      ],
      [
        768.0,
        178.0
      ]
    ],
    [
      [
        891.0,
        230.0
      ],
      [
        933.0,
        242.0
      ],
      [
        924.0,
        283.0
      ],
      [
        881.0,
        270.0
      ]
    ],
    [
      [
        622.0,
        223.0
      ],
      [
        663.0,
        233.0
      ],
      [
        648.0,
        274.0
      ],
      [
        607.0,
        262.0
      ]
    ],
    [
      [
        719.0,
        127.0
      ],
      [
        764.8467407226562,
        135.43914794921875
      ],
      [
        750.0,
        175.0
      ],
      [
        706.0,
        164.0
      ]
    ],
    [
      [
        702.0,
        181.0
      ],
      [
        744.0,
        191.0
      ],
      [
        732.0,
        230.0
      ],
      [
        689.0,
        218.0
      ]
    ],
    [
      [
        1012.0,
        267.0
      ],
      [
        1050.0,
        281.0
      ],
      [
        1043.0,
        322.0
      ],
      [
        1005.0,
        308.0
      ]
    ],
    [
      [
        969.0,
        138.0
      ],
      [
        1009.0,
        152.0
      ],
      [
        1005.0,
        188.0
      ],
      [
        963.0,
        174.0
      ]
    ],
    [
      [
        746.0,
        254.0
      ],
      [
        791.0,
        266.0
      ],
      [
        779.0,
        309.0
      ],
      [
        733.0,
        296.0
      ]
    ],
    [
      [
        953.0,
        248.0
      ],
      [
        993.0,
        261.0
      ],
      [
        986.0,
        302.0
      ],
      [
        944.0,
        288.0
      ]
    ]
  ],
  "corners1": [
    [
      [
        735.0,
        352.0
      ],
      [
        770.0,
        365.0
      ],
      [
        757.0,
        400.0
      ],
      [
        723.0,
        387.0
      ]
    ],
    [
      [
        752.0,
        301.0
      ],
      [
        787.0,
        314.0
      ],
      [
        775.0,
        348.0
      ],
      [
        740.0,
        336.0
      ]
    ],
    [
      [
        787.0,
        370.0
      ],
      [
        820.0,
        383.0
      ],
      [
        808.0,
        418.0
      ],
      [
        774.0,
        406.0
      ]
    ],
    [
      [
        701.0,
        284.0
      ],
      [
        736.0,
        296.0
      ],
      [
        724.0,
        330.0
      ],
      [
        689.0,
        318.0
      ]
    ],
    [
      [
        684.0,
        335.0
      ],
      [
        718.0,
        347.0
      ],
      [
        706.0,
        382.0
      ],
      [
        672.0,
        369.0
      ]
    ],
    [
      [
        803.0,
        319.0
      ],
      [
        837.0,
        332.0
      ],
      [
        826.0,
        366.0
      ],
      [
        792.0,
        354.0
      ]
    ],
    [
      [
        837.0,
        389.0
      ],
      [
        870.0,
        402.0
      ],
      [
        857.0,
        436.0
      ],
      [
        824.0,
        423.0
      ]
    ],
    [
      [
        769.0,
        251.0
      ],
      [
        803.0,
        264.0
      ],
      [
        792.0,
        297.0
      ],
      [
        757.0,
        284.0
      ]
    ],
    [
      [
        651.0,
        268.0
      ],
      [
        685.0,
        279.0
      ],
      [
        673.0,
        313.0
      ],
      [
        639.0,
        301.0
      ]
    ],
    [
      [
        819.0,
        269.0
      ],
      [
        853.0,
        282.0
      ],
      [
        842.0,
        315.0
      ],
      [
        808.0,
        302.0
      ]
    ],
    [
      [
        719.0,
        235.0
      ],
      [
        753.0,
        247.0
      ],
      [
        740.0,
        280.0
      ],
      [
        707.0,
        268.0
      ]
    ],
    [
      [
        634.0,
        318.0
      ],
      [
        667.0,
        329.0
      ],
      [
        655.0,
        363.0
      ],
      [
        622.0,
        352.0
      ]
    ],
    [
      [
        669.0,
        219.0
      ],
      [
        702.0,
        230.0
      ],
      [
        690.0,
        263.0
      ],
      [
        657.0,
        252.0
      ]
    ],
    [
      [
        784.0,
        204.0
      ],
      [
        818.0,
        215.0
      ],
      [
        807.0,
        248.0
      ],
      [
        774.0,
        236.0
      ]
    ],
    [
      [
        653.0,
        115.0
      ],
      [
        687.0,
        124.0
      ],
      [
        675.0,
        156.0
      ],
      [
        641.0,
        146.0
      ]
    ],
    [
      [
        735.0,
        188.0
      ],
      [
        768.0,
        199.0
      ],
      [
        758.0,
        230.0
      ],
      [
        724.0,
        219.0
      ]
    ]
  ]
}