{
  "size": [
    1280,
    720
  ],
  "ids0": [
    35,
    37,
    34,
    27,
    28,
    33,
    29,
    38,
    26,
    12,
    32,
    30,
    39,
    23,
    19,
    18,
    24,
    17,
    4,
    3,
    16,
    7,
    36,
    25,
    20
  ],
  "ids1": [
    29,
    7,
    20,
    21,
    37,
    28,
    30,
    22,
    13,
    19,
    12,
    11,
    14,
    36
  ],
  "corners0": [
    [
      [
        791.0,
        329.0
      ],
      [
        833.0,
        340.0
      ],
      [
        822.0,
        384.0
      ],
      [
        780.0,
        373.0
      ]
    ],
    [
      [
        665.0,
        300.0
      ],
      [
        707.0,
        310.0
      ],
      [
        695.0,
        353.0
      ],
      [
        653.0,
        341.0
      ]
    ],
    [
      [
        853.0,
        345.0
      ],
      [
        894.0,
        356.0
      ],
      [
        884.0,
        399.0
      ],
      [
        843.0,
        388.0
      ]
    ],
    [
      [
        804.0,
        269.0
      ],
      [
        845.0,
        279.0
      ],
      [
        836.0,
        321.0
      ],
      [
        794.0,
        310.0
      ]
    ],
    [
      [
        742.0,
        255.0
      ],
      [
        784.0,
        265.0
      ],
      [
        774.0,
        306.0
      ],
      [
        732.0,
        295.0
      ]
    ],
    [
      [
        913.0,
        360.0
      ],
      [
        952.0,
        371.0
      ],
      [
        944.0,
        413.0
      ],
      [
        904.0,
        403.0
      ]
    ],
    [
      [
        681.0,
        241.0
      ],
      [
        722.0,
        251.0
      ],
      [
        712.0,
        291.0
      ],
      [
        670.0,
        281.0
      ]
    ],
    [
      [
        605.0,
        286.0
      ],
      [
        645.0,
        296.0
      ],
      [
        633.0,
        337.0
      ],
      [
        593.0,
        327.0
      ]
    ],
    [
      [
        865.0,
        284.0
      ],
      [
        905.0,
        295.0
      ],
      [
        897.0,
        336.0
      ],
      [
        856.0,
        325.0
      ]
    ],
    [
      [
        767.0,
        144.0
      ],
      [
        810.5850219726562,
        152.41653442382812
      ],
      [
        800.0,
        192.0
      ],
      [
        757.0,
        181.0
      ]
    ],
    [
      [
        971.0,
        375.0
      ],
      [
        1007.0,
        385.0
      ],
      [
        999.0,
        427.0
      ],
      [
        962.0,
        417.0
      ]
    ],
    [
      [
        622.0,
        229.0
      ],
      [
        661.0,
        238.0
      ],
      [
        649.0,
        277.0
      ],
      [
        610.0,
        267.0
      ]
    ],
    [
      [
        547.0,
        274.0
      ],
      [
        585.0,
        283.0
      ],
      [
        573.0,
        323.0
      ],
      [
        535.0,
        313.0
      ]
    ],
    [
      [
        581.0,
        164.0
      ],
      [
        622.7376708984375,
        169.35247802734375
      ],
      [
        608.0,
        209.0
      ],
      [
        568.0,
        201.0
      ]
    ],
    [
      [
        816.0,
        212.0
      ],
      [
        856.0,
        223.0
      ],
      [
        848.0,
        260.0
      ],
      [
        807.0,
        250.0
      ]
    ],
    [
      [
        875.0,
        227.0
      ],
      [
        914.0,
        237.0
      ],
      [
        908.0,
        275.0
      ],
      [
        868.0,
        265.0
      ]
    ],
    [
      [
        980.0,
        315.0
      ],
      [
        1016.0,
        325.0
      ],
      [
        1010.0,
        365.0
      ],
      [
        973.0,
        355.0
      ]
    ],
    [
      [
        933.0,
        242.0
      ],
      [
        970.0,
        253.0
      ],
      [
        964.0,
        291.0
      ],
      [
        926.0,
        279.0
      ]
    ],
    [
      [
        777.0,
        97.0
      ],
      [
        818.0,
        106.0
      ],
      [
        811.0,
        140.0
      ],
      [
        769.0,
        130.0
      ]
    ],
    [
      [
        834.0,
        109.0
      ],
      [
        874.0,
        119.0
      ],
      [
        868.0,
        153.0
      ],
      [
        827.0,
        143.0
      ]
    ],
    [
      [
        988.0,
        258.0
      ],
      [
        1022.0,
        269.0
      ],
      [
        1018.0,
        306.0
      ],
      [
        982.0,
        295.0
      ]
    ],
    [
      [
        614.0,
        71.0
      ],
      [
        651.0,
        76.0
      ],
      [
        640.0,
        108.0
      ],
      [
        602.0,
        102.0
      ]
    ],
    [
      [
        728.0,
        314.0
      ],
      [
        770.0,
        325.0
      ],
      [
        759.0,
        368.0
      ],
      [
        716.0,
        357.0
      ]
    ],
    [
      [
        927.0,
        304.0
      ],
      [
        958.0,
        312.0
      ],
      [
        953.0,
        345.0
      ],
      [
        921.0,
        338.0
      ]
    ],
    [
      [
        755.0,
        199.0
      ],
      [
        796.0,
        208.0
      ],
      [
        788.0,
        246.0
      ],
      [
        746.0,
        236.0
      ]
    ]
  ],