{
  "size": [
    1280,
    720
  ],
  "ids0": [
    33,
    35,
    32,
    24,
    26,
    9,
    8,
    17,
    19,
    10,
    16,
    18,
    28,
    27,
    11,
    20,
    1,
    0,
    2,
    12,
    37,
    3,
    29,
    25,
    21,
    4,
    34,
    13,
    38,
    31,
    5,
    6,
    7
  ],
  "ids1": [
    10,
    2,
    1,
    3,
    9,
    17,
    19,
    18,
    8,
    16,
    0,
    12,
    26,
    25,
    20,
    4,
    27,
    24,
    28,
    34,
    13,
    5,
    33,
    21,
    35,
    32,
    29,
    14,
    22,
    37,
    6,
    30,
    38,
    15,
    36
  ],
  "corners0": [
    [
      [
        681.0,
        472.0
      ],
      [
        739.0,
        488.0
      ],
      [
        721.6658325195312,
        543.527099609375
      ],
      [
        665.0,
        529.0
      ]
    ],
    [
      [
        515.0,
        423.0
      ],
      [
        571.0,
        440.0
      ],
      [
        554.0,
        499.0
      ],
      [
        499.0,
        481.0
      ]
    ],
    [
      [
        767.0,
        495.0
      ],
      [
        825.0,
        510.0
      ],
      [
        808.0,
        567.0
      ],
      [
        751.0,
        552.0
      ]
    ],
    [
      [
        791.0,
        408.0
      ],
      [
        847.0,
        423.0
      ],
      [
        832.0,
        481.0
      ],
      [
        775.0,
        466.0
      ]
    ],
    [
      [
        621.0,
        364.0
      ],
      [
        676.0,
        380.0
      ],
      [
        660.0,
        436.0
      ],
      [
        604.0,
        420.0
      ]
    ],
    [
      [
        745.0,
        222.0
      ],
      [
        803.0,
        237.0
      ],
      [
        790.0,
        291.0
      ],
      [
        731.0,
        276.0
      ]
    ],
    [
      [
        827.0,
        242.0
      ],
      [
        883.0,
        257.0
      ],
      [
        872.0,
        313.0
      ],
      [
        814.0,
        297.0
      ]
    ],
    [
      [
        726.0,
        303.0
      ],
      [
        783.0,
        317.0
      ],
      [
        768.0,
        373.0
      ],
      [
        712.0,
        358.0
      ]
    ],
    [
      [
        563.0,
        263.0
      ],
      [
        618.0,
        276.0
      ],
      [
        601.0,
        333.0
      ],
      [
        546.0,
        318.0
      ]
    ],
    [
      [
        665.0,
        204.0
      ],
      [
        721.0,
        217.0
      ],
      [
        706.0,
        271.0
      ],
      [
        648.0,
        257.0
      ]
    ],
    [
      [
        811.0,
        324.0
      ],
      [
        866.0,
        339.0
      ],
      [
        853.0,
        394.0
      ],
      [
        797.0,
        379.0
      ]
    ],
    [
      [
        644.0,
        283.0
      ],
      [
        698.0,
        297.0
      ],
      [
        683.0,
        351.0
      ],
      [
        628.0,
        337.0
      ]
    ],
    [
      [
        466.0,
        322.0
      ],
      [
        516.0,
        336.0
      ],
      [
        499.0,
        393.0
      ],
      [
        448.0,
        377.0
      ]
    ],
    [
      [
        540.0,
        344.0
      ],
      [
        592.0,
        358.0
      ],
      [
        576.0,
        413.0
      ],
      [
        524.0,
        398.0
      ]
    ],
    [
      [
        588.0,
        189.0
      ],
      [
        641.0,
        200.0
      ],
      [
        625.0,
        253.0
      ],
      [
        570.0,
        240.0
      ]
    ],
    [
      [
        491.0,
        247.0
      ],
      [
        541.0,
        259.0
      ],
      [
        523.0,
        313.0
      ],
      [
        473.0,
        300.0
      ]
    ],
    [
      [
        763.0,
        151.0
      ],
      [
        818.0,
        165.0
      ],
      [
        807.0,
        213.0
      ],
      [
        750.0,
        199.0
      ]
    ],
    [
      [
        841.0,
        170.0
      ],
      [
        895.0,
        185.0
      ],
      [
        886.0,
        234.0
      ],
      [
        831.0,
        219.0
      ]
    ],
    [
      [
        686.0,
        135.0
      ],
      [
        739.0,
        147.0
      ],
      [
        726.0,
        195.0
      ],
      [
        670.0,
        182.0
      ]
    ],
    [
      [
        515.0,
        177.0
      ],
      [
        565.0,
        186.0
      ],
      [
        548.0,
        236.0
      ],
      [
        498.0,
        225.0
      ]
    ],
    [
      [
        377.0,
        380.0
      ],
      [
        421.0,
        394.0
      ],
      [
        406.0,
        449.0
      ],
      [
        362.0,
        431.0
      ]
    ],
    [
      [
        611.0,
        122.0
      ],
      [
        662.0,
        132.0
      ],
      [
        647.0,
        178.0
      ],
      [
        594.0,
        168.0
      ]
    ],
    [
      [
        400.0,
        305.0
      ],
      [
        445.0,
        318.0
      ],
      [
        428.0,
        371.0
      ],
      [
        384.0,
        357.0
      ]
    ],
    [
      [
        707.0,
        392.0
      ],
      [
        755.0,
        403.0
      ],
      [
        743.0,
        453.0
      ],
      [
        694.380615234375,
        440.6235656738281
      ]
    ],
    [
      [
        425.0,
        234.0
      ],
      [
        469.0,
        243.0
      ],
      [
        451.0,
        295.0
      ],
      [
        407.0,
        283.0
      ]
    ],
    [
      [
        541.0,
        112.0
      ],
      [
        588.0,
        119.0
      ],
      [
        572.0,
        164.0
      ],
      [
        523.0,
        155.0
      ]
    ],
    [
      [
        596.0,
        449.0
      ],
      [
        652.0,
        465.0
      ],
      [
        636.0,
        521.0
      ],
      [
        580.0,
        504.0
      ]
    ],
    [
      [
        451.0,
        166.0
      ],
      [
        494.0,
        174.0
      ],
      [
        476.0,
        221.0
      ],
      [
        432.0,
        212.0
      ]
    ],
    [
      [
        320.0,
        361.0
      ],
      [
        358.0,
        374.0
      ],
      [
        343.0,
        425.0
      ],
      [
        306.0,
        410.0
      ]
    ],
    [
      [
        291.0,
        275.0
      ],
      [
        326.0,
        285.0
      ],
      [
        310.0,
        336.0
      ],
      [
        275.0,
        324.0
      ]
    ],
    [
      [
        477.0,
        104.0
      ],
      [
        519.0,
        110.0
      ],
      [
        501.0,
        153.0
      ],
      [
        459.0,
        146.0
      ]
    ],
    [
      [
        419.0,
        97.0
      ],
      [
        458.0,
        102.0
      ],
      [
        439.0,
        145.0
      ],
      [
        398.0,
        139.0
      ]
    ],
    [
      [
        365.51202392578125,
        92.10997772216797
      ],
      [
        402.0,
        97.0
      ],
      [
        383.0,
        138.0
      ],
      [
        345.1752014160156,
        135.5379180908203
      ]
    ]
  ],