{
  "size": [
    1280,
    720
  ],
  "ids0": [
    27,
    35,
    19,
    29,
    20,
    18,
    26,
    28,
    33,
    37,
    17,
    21,
    30,
    24,
    11,
    25,
    12,
    10,
    16,
    22,
    39,
    13,
    9,
    31,
    3,
    4,
    8,
    2,
    23,
    34,
    5,
    1,
    0,
    6,
    15,
    36
  ],
  "ids1": [
    20,
    12,
    21,
    13,
    19,
    28,
    29,
    22,
    27,
    4,
    5,
    30,
    14,
    10,
    3,
    37,
    18,
    26,
    35,
    6,
    2,
    23,
    38,
    15,
    31,
    9,
    7,
    17,
    25,
    39,
    1,
    33,
    8,
    16,
    24,
    0,
    32,
    36,
    34
  ],
  "corners0": [
    [
      [
        604.0,
        328.0
      ],
      [
        664.0,
        341.0
      ],
      [
        652.0,
        399.0
      ],
      [
        591.0,
        386.0
      ]
    ],
    [
      [
        589.0,
        413.0
      ],
      [
        646.0,
        425.0
      ],
      [
        635.0,
        482.0
      ],
      [
        577.0,
        470.0
      ]
    ],
    [
      [
        620.0,
        250.0
      ],
      [
        678.0,
        262.0
      ],
      [
        667.0,
        317.0
      ],
      [
        608.0,
        304.0
      ]
    ],
    [
      [
        444.0,
        297.0
      ],
      [
        498.0,
        308.0
      ],
      [
        484.0,
        366.0
      ],
      [
        429.0,
        354.0
      ]
    ],
    [
      [
        541.0,
        235.0
      ],
      [
        597.0,
        246.0
      ],
      [
        584.0,
        301.0
      ],
      [
        527.0,
        289.0
      ]
    ],
    [
      [
        701.0,
        266.0
      ],
      [
        757.0,
        278.0
      ],
      [
        749.0,
        332.0
      ],
      [
        691.0,
        320.0
      ]
    ],
    [
      [
        689.0,
        346.0
      ],
      [
        744.0,
        359.0
      ],
      [
        734.0,
        413.0
      ],
      [
        678.0,
        401.0
      ]
    ],
    [
      [
        523.0,
        315.0
      ],
      [
        578.0,
        326.0
      ],
      [
        566.0,
        380.0
      ],
      [
        510.0,
        368.0
      ]
    ],
    [
      [
        758.0,
        445.0
      ],
      [
        810.0,
        455.0
      ],
      [
        800.0641479492188,
        508.4359436035156
      ],
      [
        747.0,
        501.0
      ]
    ],
    [
      [
        425.0,
        380.0
      ],
      [
        477.0,
        391.0
      ],
      [
        465.0,
        447.0
      ],
      [
        413.0,
        434.0
      ]
    ],
    [
      [
        781.0,
        282.0
      ],
      [
        834.0,
        295.0
      ],
      [
        827.0,
        348.0
      ],
      [
        772.0,
        336.0
      ]
    ],
    [
      [
        464.0,
        222.0
      ],
      [
        517.0,
        232.0
      ],
      [
        503.0,
        285.0
      ],
      [
        449.0,
        274.0
      ]
    ],
    [
      [
        370.0,
        284.0
      ],
      [
        421.0,
        294.0
      ],
      [
        406.0,
        349.0
      ],
      [
        356.0,
        338.0
      ]
    ],
    [
      [
        847.0,
        376.0
      ],
      [
        897.0,
        387.0
      ],
      [
        889.0,
        442.0
      ],
      [
        838.0,
        432.0
      ]
    ],
    [
      [
        636.0,
        178.0
      ],
      [
        691.0,
        190.0
      ],
      [
        681.0,
        239.0
      ],
      [
        624.0,
        227.0
      ]
    ],
    [
      [
        771.0,
        363.0
      ],
      [
        822.0,
        373.0
      ],
      [
        814.0,
        427.0
      ],
      [
        762.0,
        417.0
      ]
    ],
    [
      [
        559.0,
        164.0
      ],
      [
        613.0,
        174.0
      ],
      [
        601.0,
        223.0
      ],
      [
        546.0,
        213.0
      ]
    ],
    [
      [
        714.0,
        193.0
      ],
      [
        767.0,
        206.0
      ],
      [
        760.0,
        255.0
      ],
      [
        704.0,
        242.0
      ]
    ],
    [
      [
        856.0,
        299.0
      ],
      [
        904.0,
        311.0
      ],
      [
        898.0,
        364.0
      ],
      [
        849.0,
        352.0
      ]
    ],
    [
      [
        393.0,
        211.0
      ],
      [
        441.0,
        219.0
      ],
      [
        426.0,
        271.0
      ],
      [
        376.0,
        261.0
      ]
    ],
    [
      [
        285.0,
        346.0
      ],
      [
        329.0,
        357.0
      ],
      [
        316.0,
        413.0
      ],
      [
        272.0,
        400.0
      ]
    ],
    [
      [
        485.0,
        153.0
      ],
      [
        536.0,
        162.0
      ],
      [
        522.0,
        210.0
      ],
      [
        470.0,
        200.0
      ]
    ],
    [
      [
        790.0,
        210.0
      ],
      [
        840.0,
        223.0
      ],
      [
        835.0,
        272.0
      ],
      [
        783.0,
        259.0
      ]
    ],
    [
      [
        305.0,
        272.0
      ],
      [
        349.0,
        281.0
      ],
      [
        334.0,
        334.0
      ],
      [
        290.0,
        324.0
      ]
    ],
    [
      [
        650.0,
        114.0
      ],
      [
        702.0,
        125.0
      ],
      [
        694.0,
        168.0
      ],
      [
        640.0,
        157.0
      ]
    ],
    [
      [
        577.0,
        101.0
      ],
      [
        628.0,
        111.0
      ],
      [
        617.0,
        153.0
      ],
      [
        564.0,
        144.0
      ]
    ],
    [
      [
        862.0,
        228.0
      ],
      [
        908.0,
        241.0
      ],
      [
        904.0,
        289.0
      ],
      [
        857.0,
        276.0
      ]
    ],
    [
      [
        724.0,
        129.0
      ],
      [
        775.0,
        141.0
      ],
      [
        769.0,
        184.0
      ],
      [
        717.0,
        172.0
      ]
    ],
    [
      [
        328.0,
        202.0
      ],
      [
        371.0,
        209.0
      ],
      [
        355.0,
        258.0
      ],
      [
        311.0,
        250.0
      ]
    ],
    [
      [
        674.0,
        430.0
      ],
      [
        730.0,
        441.0
      ],
      [
        719.0,
        497.0
      ],
      [
        663.0,
        487.0
      ]
    ],
    [
      [
        505.0,
        92.0
      ],
      [
        554.0,
        99.0
      ],
      [
        541.0,
        141.0
      ],
      [
        491.0,
        133.0
      ]
    ],
    [
      [
        797.0,
        146.0
      ],
      [
        845.0,
        159.0
      ],
      [
        841.0,
        201.0
      ],
      [
        791.0,
        188.0
      ]
    ],
    [
      [
        866.0,
        164.0
      ],
      [
        910.0,
        177.0
      ],
      [
        908.0,
        220.0
      ],
      [
        862.0,
        206.0
      ]
    ],
    [
      [
        439.0,
        84.0
      ],
      [
        484.0,
        90.0
      ],
      [
        469.0,
        130.0
      ],
      [
        422.0,
        124.0
      ]
    ],
    [
      [
        352.0,
        138.0
      ],
      [
        394.0,
        143.0
      ],
      [
        378.0,
        187.0
      ],
      [
        335.0,
        181.0
      ]
    ],
    [
      [
        505.0,
        396.0
      ],
      [
        561.0,
        409.0
      ],
      [
        549.0,
        465.0
      ],
      [
        493.0,
        453.0
      ]
    ]
  ],