{
  "size": [
    1280,
    720
  ],
  "ids0": [
    16,
    17,
    8,
    9,
    18,
    0,
    10,
    1,
    19,
    2,
    11,
    3,
    20,
    30,
    6,
    31,
    15
  ],
  "ids1": [
    22,
    20,
    19,
    28,
    27,
    12,
    11,
    29,
    21,
    18,
    26,
    35,
    13,
    10,
    16,
    24,
    3,
    30,
    15,
    7
  ],
  "corners0": [
    [
      [
        418.0,
        126.0
      ],
      [
        359.0,
        132.0
      ],
      [
        356.0,
        73.0
      ],
      [
        416.0,
        66.0
      ]
    ],
    [
      [
        505.0,
        120.0
      ],
      [
        445.0,
        124.0
      ],
      [
        444.0,
        65.0
      ],
      [
        504.0,
        62.0
      ]
    ],
    [
      [
        421.0,
        211.0
      ],
      [
        364.0,
        218.0
      ],
      [
        359.0,
        159.0
      ],
      [
        418.0,
        153.0
      ]
    ],
    [
      [
        505.0,
        204.0
      ],
      [
        448.0,
        209.0
      ],
      [
        445.0,
        151.0
      ],
      [
        503.0,
        147.0
      ]
    ],
    [
      [
        588.0,
        117.0
      ],
      [
        532.0,
        120.0
      ],
      [
        531.0,
        62.0
      ],
      [
        588.0,
        61.0
      ]
    ],
    [
      [
        426.0,
        292.0
      ],
      [
        371.0,
        299.0
      ],
      [
        365.0,
        244.0
      ],
      [
        421.0,
        238.0
      ]
    ],
    [
      [
        586.0,
        199.0
      ],
      [
        532.0,
        203.0
      ],
      [
        530.0,
        147.0
      ],
      [
        586.0,
        144.0
      ]
    ],
    [
      [
        507.0,
        284.0
      ],
      [
        452.0,
        290.0
      ],
      [
        448.0,
        236.0
      ],
      [
        504.0,
        230.0
      ]
    ],
    [
      [
        662.9669799804688,
        117.6247787475586
      ],
      [
        613.0,
        117.0
      ],
      [
        615.0,
        62.0
      ],
      [
        668.0,
        65.0
      ]
    ],
    [
      [
        585.0,
        276.0
      ],
      [
        533.0,
        282.0
      ],
      [
        531.0,
        229.0
      ],
      [
        584.0,
        224.0
      ]
    ],
    [
      [
        660.7932739257812,
        193.40773010253906
      ],
      [
        612.0,
        198.0
      ],
      [
        612.0,
        144.0
      ],
      [
        663.0,
        142.0
      ]
    ],
    [
      [
        659.0,
        270.0
      ],
      [
        610.0,
        275.0
      ],
      [
        610.0,
        224.0
      ],
      [
        660.0,
        220.0
      ]
    ],
    [
      [
        736.0,
        119.0
      ],
      [
        689.0,
        117.0
      ],
      [
        693.0,
        65.0
      ],
      [
        739.0,
        69.0
      ]
    ],
    [
      [
        861.0,
        61.0
      ],
      [
        823.0,
        54.0
      ],
      [
        827.0,
        6.0
      ],
      [
        865.0,
        15.0
      ]
    ],
    [
      [
        841.0,
        259.0
      ],
      [
        806.0,
        260.0
      ],
      [
        812.0,
        213.0
      ],
      [
        848.0,
        214.0
      ]
    ],
    [
      [
        910.0,
        69.0
      ],
      [
        878.0,
        63.0
      ],
      [
        881.0,
        17.0
      ],
      [
        913.0,
        26.0
      ]
    ],
    [
      [
        897.0,
        195.0
      ],
      [
        866.0,
        194.0
      ],
      [
        872.0,
        148.0
      ],
      [
        903.0,
        151.0
      ]
    ]
  ],
  "corners1": [
    [
      [
        734.0,
        182.0
      ],
      [
        685.0,
        186.0
      ],
      [
        680.0,
        136.0
      ],
      [
        730.0,
        133.0
      ]
    ],
    [
      [
        589.0,
        192.0
      ],
      [
        540.0,
        198.0
      ],
      [
        534.0,
        149.0
      ],
      [
        584.0,
        144.0
      ]
    ],
    [
      [
        515.0,
        199.0
      ],
      [
        465.0,
        207.0
      ],
      [
        459.0,
        159.0
      ],
      [
        508.0,
        151.0
      ]
    ],
    [
      [
        583.0,
        118.0
      ],
      [
        533.0,
        125.0
      ],
      [
        527.0,
        77.0
      ],
      [
        577.0,
        71.0
      ]
    ],
    [
      [
        507.0,
        127.0
      ],
      [
        458.0,
        134.0
      ],
      [
        452.0,
        87.0
      ],
      [
        502.0,
        79.0
      ]
    ],
    [
      [
        594.3133544921875,
        262.2659912109375
      ],
      [
        548.0,
        271.0
      ],
      [
        541.366455078125,
        223.6157989501953
      ],
      [
        590.0,
        216.0
      ]
    ],
    [
      [
        522.0,
        273.0
      ],
      [
        474.0,
        279.0
      ],
      [
        467.0,
        232.0
      ],
      [
        516.6092529296875,
        225.19825744628906
      ]
    ],
    [
      [
        657.0,
        113.0
      ],
      [
        608.0,
        118.0
      ],
      [
        603.0,
        70.0
      ],
      [
        652.0,
        67.0
      ]
    ],
    [
      [
        662.0,
        185.0
      ],
      [
        614.0,
        190.0
      ],
      [
        609.0,
        142.0
      ],
      [
        658.0,
        138.0
      ]
    ],
    [
      [
        441.0,
        209.0
      ],
      [
        394.0,
        218.0
      ],
      [
        387.0,
        170.0
      ],
      [
        434.0,
        161.0
      ]
    ],
    [
      [
        433.0,
        137.0
      ],
      [
        385.0,
        145.0
      ],
      [
        380.0,
        98.0
      ],
      [
        427.0,
        89.0
      ]
    ],
    [
      [
        501.0,
        55.0
      ],
      [
        451.0,
        62.0
      ],
      [
        447.0,
        17.0
      ],
      [
        496.0,
        9.0
      ]
    ],
    [
      [
        667.0,
        257.0
      ],
      [
        620.0,
        262.0
      ],
      [
        615.0,
        215.0
      ],
      [
        663.0,
        210.0
      ]
    ],
    [
      [
        450.0,
        282.0
      ],
      [
        404.0,
        289.0
      ],
      [
        396.0,
        242.0
      ],
      [
        442.0,
        234.0
      ]
    ],
    [
      [
        305.0,
        234.0
      ],
      [
        262.0,
        243.0
      ],
      [
        254.0,
        194.0
      ],
      [
        297.0,
        184.0
      ]
    ],
    [
      [
        296.0,
        163.0
      ],
      [
        252.0,
        174.0
      ],
      [
        247.0,
        126.0
      ],
      [
        290.0,
        114.0
      ]
    ],
    [
      [
        531.0,
        342.0
      ],
      [
        484.0,
        349.0
      ],
      [
        477.0,
        304.0
      ],
      [
        524.0,
        297.0
      ]
    ],
    [
      [
        727.0,
        110.0
      ],
      [
        681.0,
        113.0
      ],
      [
        676.0,
        67.0
      ],
      [
        723.0,
        65.0
      ]
    ],
    [
      [
        801.0,
        247.0
      ],
      [
        757.0,
        251.0
      ],
      [
        754.0,
        203.0
      ],
      [
        799.0,
        200.0
      ]
    ],
    [
      [
        802.0,
        312.0
      ],
      [
        759.0,
        318.0
      ],
      [
        757.0,
        272.0
      ],
      [
        800.0,
        267.0
      ]
    ]
  ]
}