{
  "size": [
    1280,
    720
  ],
  "ids0": [
    15,
    14,
    7,
    6,
    23,
    13,
    22,
    5,
    21,
    30,
    31,
    12,
    4,
    29,
    39,
    38,
    3,
    11,
    19,
    37,
    27,
    17,
    10,
    2,
    18,
    35,
    26,
    0,
    34,
    1,
    20,
    36,
    28
  ],
  "ids1": [
    0,
    8,
    1,
    16,
    9,
    10,
    24,
    17,
    18,
    3,
    26,
    19,
    4,
    12
  ],
  "corners0": [
    [
      [
        543.0,
        318.0
      ],
      [
        584.0,
        321.0
      ],
      [
        581.0,
        363.0
      ],
      [
        540.0,
        359.0
      ]
    ],
    [
      [
        603.0,
        321.0
      ],
      [
        644.0,
        325.0
      ],
      [
        640.0,
        366.0
      ],
      [
        600.0,
        363.0
      ]
    ],
    [
      [
        547.0,
        258.0
      ],
      [
        588.0,
        262.0
      ],
      [
        584.0,
        303.0
      ],
      [
        544.0,
        300.0
      ]
    ],
    [
      [
        607.0,
        262.0
      ],
      [
        647.0,
        265.0
      ],
      [
        644.0,
        306.0
      ],
      [
        603.0,
        303.0
      ]
    ],
    [
      [
        540.0,
        378.0
      ],
      [
        581.0,
        381.0
      ],
      [
        578.0,
        422.0
      ],
      [
        538.0,
        419.0
      ]
    ],
    [
      [
        662.0,
        325.0
      ],
      [
        702.0,
        328.0
      ],
      [
        698.0,
        369.0
      ],
      [
        659.0,
        366.0
      ]
    ],
    [
      [
        600.0,
        381.0
      ],
      [
        640.0,
        384.0
      ],
      [
        637.0,
        424.0
      ],
      [
        597.0,
        422.0
      ]
    ],
    [
      [
        666.0,
        266.0
      ],
      [
        706.0,
        270.0
      ],
      [
        702.0,
        310.0
      ],
      [
        660.2014770507812,
        304.40936279296875
      ]
    ],
    [
      [
        659.0,
        384.0
      ],
      [
        698.0,
        387.0
      ],
      [
        695.0,
        426.0
      ],
      [
        655.0,
        424.0
      ]
    ],
    [
      [
        597.0,
        440.0
      ],
      [
        637.0,
        442.0
      ],
      [
        634.0,
        481.0
      ],
      [
        594.0,
        479.0
      ]
    ],
    [
      [
        538.0,
        437.0
      ],
      [
        578.0,
        440.0
      ],
      [
        576.0,
        479.0
      ],
      [
        536.0,
        476.0
      ]
    ],
    [
      [
        720.0,
        328.0
      ],
      [
        758.0,
        331.0
      ],
      [
        755.0,
        371.0
      ],
      [
        716.0,
        368.0
      ]
    ],
    [
      [
        723.0,
        270.0
      ],
      [
        762.0,
        275.0
      ],
      [
        758.0,
        314.0
      ],
      [
        720.0,
        310.0
      ]
    ],
    [
      [
        655.0,
        442.0
      ],
      [
        694.0,
        444.0
      ],
      [
        691.0,
        482.0
      ],
      [
        652.0,
        481.0
      ]
    ],
    [
      [
        535.0,
        495.0
      ],
      [
        575.0,
        496.0
      ],
      [
        575.0,
        532.0
      ],
      [
        535.0,
        532.0
      ]
    ],
    [
      [
        593.0,
        498.0
      ],
      [
        633.0,
        498.0
      ],
      [
        632.0,
        534.0
      ],
      [
        593.0,
        534.0
      ]
    ],
    [
      [
        779.0,
        274.0
      ],
      [
        815.0,
        279.0
      ],
      [
        812.0,
        317.0
      ],
      [
        776.0,
        314.0
      ]
    ],
    [
      [
        775.0,
        332.0
      ],
      [
        811.0,
        335.0
      ],
      [
        807.0,
        374.0
      ],
      [
        772.0,
        371.0
      ]
    ],
    [
      [
        772.0,
        388.0
      ],
      [
        807.0,
        391.0
      ],
      [
        803.0,
        429.0
      ],
      [
        767.0,
        427.0
      ]
    ],
    [
      [
        651.0,
        499.0
      ],
      [
        689.0,
        499.0
      ],
      [
        688.0,
        534.0
      ],
      [
        650.0,
        536.0
      ]
    ],
    [
      [
        767.0,
        444.0
      ],
      [
        803.0,
        447.0
      ],
      [
        798.0,
        483.0
      ],
      [
        763.0,
        482.0
      ]
    ],
    [
      [
        872.0,
        391.0
      ],
      [
        905.97607421875,
        392.77496337890625
      ],
      [
        900.0,
        431.0
      ],
      [
        867.0,
        430.0
      ]
    ],
    [
      [
        828.0,
        335.0
      ],
      [
        861.0,
        338.0
      ],
      [
        857.0,
        376.0
      ],
      [
        824.0,
        373.0
      ]
    ],
    [
      [
        832.0,
        279.0
      ],
      [
        864.0,
        284.0
      ],
      [
        861.0,
        321.0
      ],
      [
        828.0,
        317.0
      ]
    ],
    [
      [
        824.0,
        391.0
      ],
      [
        857.0,
        393.0
      ],
      [
        852.0,
        430.0
      ],
      [
        820.0,
        429.0
      ]
    ],
    [
      [
        762.0,
        499.0
      ],
      [
        797.0,
        500.0
      ],
      [
        791.0,
        535.0
      ],
      [
        757.0,
        534.0
      ]
    ],
    [
      [
        819.0,
        445.0
      ],
      [
        852.0,
        447.0
      ],
      [
        847.0,
        482.0
      ],
      [
        814.0,
        481.0
      ]
    ],
    [
      [
        925.0,
        288.0
      ],
      [
        954.0,
        292.0
      ],
      [
        952.0,
        329.0
      ],
      [
        922.0,
        326.0
      ]
    ],
    [
      [
        813.0,
        499.0
      ],
      [
        846.0,
        499.0
      ],
      [
        840.0,
        533.0
      ],
      [
        808.0,
        533.0
      ]
    ],
    [
      [
        881.0,
        284.0
      ],
      [
        911.0,
        289.0
      ],
      [
        908.0,
        324.0
      ],
      [
        878.0,
        321.0
      ]
    ],
    [
      [
        717.0,
        386.0
      ],
      [
        754.0,
        389.0
      ],
      [
        750.0,
        428.0
      ],
      [
        712.0,
        425.0
      ]
    ],
    [
      [
        708.0,
        499.0
      ],
      [
        745.0,
        500.0
      ],
      [
        740.0,
        536.0
      ],
      [
        704.0,
        535.0
      ]
    ],
    [
      [
        712.0,
        444.0
      ],
      [
        750.0,
        446.0
      ],
      [
        746.0,
        483.0
      ],
      [
        708.0,
        482.0
      ]
    ]
  ],