{
  "size": [
    1280,
    720
  ],
  "ids0": [
    23,
    15,
    31,
    7,
    22,
    30,
    39,
    14,
    6,
    38,
    13,
    29,
    5,
    37,
    20,
    12,
    28,
    4,
    19,
    11,
    27,
    10,
    2,
    35,
    17,
    1,
    33,
    36
  ],
  "ids1": [
    0,
    8,
    1,
    16,
    9,
    24,
    17,
    2,
    10,
    25,
    32,
    18,
    3,
    11,
    4,
    26,
    19,
    35,
    27,
    28,
    5,
    37
  ],
  "corners0": [
    [
      [
        622.0,
        357.0
      ],
      [
        665.89111328125,
        361.448974609375
      ],
      [
        660.0,
        403.0
      ],
      [
        618.0,
        400.0
      ]
    ],
    [
      [
        626.0,
        296.0
      ],
      [
        667.0,
        300.0
      ],
      [
        664.0,
        342.0
      ],
      [
        622.0,
        338.0
      ]
    ],
    [
      [
        618.0,
        419.0
      ],
      [
        660.0,
        422.0
      ],
      [
        656.0,
        463.0
      ],
      [
        614.0,
        460.0
      ]
    ],
    [
      [
        630.0,
        236.0
      ],
      [
        671.0,
        241.0
      ],
      [
        668.0,
        281.0
      ],
      [
        626.0,
        277.0
      ]
    ],
    [
      [
        682.0,
        361.0
      ],
      [
        722.0,
        365.0
      ],
      [
        718.0,
        406.0
      ],
      [
        678.0,
        403.0
      ]
    ],
    [
      [
        678.0,
        422.0
      ],
      [
        718.0,
        424.0
      ],
      [
        714.0,
        465.0
      ],
      [
        674.0,
        463.0
      ]
    ],
    [
      [
        614.0,
        479.0
      ],
      [
        655.0,
        481.0
      ],
      [
        652.0,
        521.0
      ],
      [
        611.0,
        519.0
      ]
    ],
    [
      [
        686.0,
        301.0
      ],
      [
        725.0,
        305.0
      ],
      [
        722.0,
        346.0
      ],
      [
        682.0,
        342.0
      ]
    ],
    [
      [
        689.0,
        242.0
      ],
      [
        728.0,
        246.0
      ],
      [
        725.0,
        287.0
      ],
      [
        686.0,
        282.0
      ]
    ],
    [
      [
        674.0,
        481.0
      ],
      [
        713.0,
        483.0
      ],
      [
        709.0,
        522.0
      ],
      [
        670.0,
        520.0
      ]
    ],
    [
      [
        743.0,
        306.0
      ],
      [
        781.0,
        311.0
      ],
      [
        777.0,
        350.0
      ],
      [
        740.0,
        347.0
      ]
    ],
    [
      [
        736.0,
        424.0
      ],
      [
        773.0,
        426.0
      ],
      [
        769.0,
        466.0
      ],
      [
        731.0,
        464.0
      ]
    ],
    [
      [
        747.0,
        247.0
      ],
      [
        783.0,
        253.0
      ],
      [
        780.0,
        292.0
      ],
      [
        743.0,
        287.0
      ]
    ],
    [
      [
        731.0,
        482.0
      ],
      [
        768.0,
        483.0
      ],
      [
        764.0,
        521.0
      ],
      [
        727.0,
        521.0
      ]
    ],
    [
      [
        794.0,
        368.0
      ],
      [
        829.0,
        371.0
      ],
      [
        826.0,
        410.0
      ],
      [
        791.0,
        408.0
      ]
    ],
    [
      [
        798.0,
        311.0
      ],
      [
        833.0,
        315.0
      ],
      [
        829.0,
        354.0
      ],
      [
        794.0,
        350.0
      ]
    ],
    [
      [
        790.0,
        426.0
      ],
      [
        825.0,
        428.0
      ],
      [
        820.0,
        466.0
      ],
      [
        786.0,
        465.0
      ]
    ],
    [
      [
        800.0,
        254.0
      ],
      [
        834.0,
        259.0
      ],
      [
        832.0,
        297.0
      ],
      [
        798.0,
        293.0
      ]
    ],
    [
      [
        846.0,
        371.0
      ],
      [
        877.0,
        374.0
      ],
      [
        873.0,
        412.0
      ],
      [
        842.0,
        410.0
      ]
    ],
    [
      [
        848.0,
        316.0
      ],
      [
        880.0,
        320.0
      ],
      [
        877.0,
        357.0
      ],
      [
        845.0,
        353.0
      ]
    ],
    [
      [
        841.0,
        427.0
      ],
      [
        873.0,
        429.0
      ],
      [
        868.0,
        466.0
      ],
      [
        837.0,
        465.0
      ]
    ],
    [
      [
        895.0,
        319.0
      ],
      [
        925.0,
        323.0
      ],
      [
        923.0,
        361.0
      ],
      [
        892.0,
        358.0
      ]
    ],
    [
      [
        896.0,
        266.0
      ],
      [
        927.0,
        271.0
      ],
      [
        925.0,
        308.0
      ],
      [
        894.0,
        304.0
      ]
    ],
    [
      [
        837.0,
        482.0
      ],
      [
        868.0,
        483.0
      ],
      [
        862.0,
        519.0
      ],
      [
        831.0,
        518.0
      ]
    ],
    [
      [
        935.0,
        376.0
      ],
      [
        963.0,
        379.0
      ],
      [
        959.0,
        415.0
      ],
      [
        931.0,
        414.0
      ]
    ],
    [
      [
        939.0,
        272.0
      ],
      [
        967.0,
        277.0
      ],
      [
        965.0,
        313.0
      ],
      [
        937.0,
        309.0
      ]
    ],
    [
      [
        924.0,
        481.0
      ],
      [
        953.0,
        479.0
      ],
      [
        949.0,
        514.0
      ],
      [
        921.0,
        517.0
      ]
    ],
    [
      [
        785.0,
        483.0
      ],
      [
        820.0,
        484.0
      ],
      [
        815.0,
        520.0
      ],
      [
        781.0,
        520.0
      ]
    ]
  ],