{
  "size": [
    1280,
    720
  ],
  "ids0": [
    31,
    38,
    30,
    23,
    37,
    29,
    15,
    21,
    14,
    28,
    7,
    13,
    20,
    6,
    35,
    34,
    27,
    12,
    5,
    19,
    18,
    3,
    4,
    10,
    11,
    25,
    17,
    9,
    36
  ],
  "ids1": [
    32,
    8,
    0,
    25,
    17,
    33,
    9,
    1,
    26,
    34,
    18,
    10,
    2,
    35,
    27,
    4,
    5
  ],
  "corners0": [
    [
      [
        588.0,
        497.0
      ],
      [
        637.0,
        492.0
      ],
      [
        645.0,
        539.0
      ],
      [
        596.0,
        545.0
      ]
    ],
    [
      [
        667.0,
        558.0
      ],
      [
        714.0,
        551.0
      ],
      [
        723.0,
        598.0
      ],
      [
        676.0,
        606.0
      ]
    ],
    [
      [
        657.0,
        491.0
      ],
      [
        702.0,
        486.0
      ],
      [
        711.0,
        532.0
      ],
      [
        665.0,
        538.0
      ]
    ],
    [
      [
        580.0,
        432.0
      ],
      [
        627.0,
        428.0
      ],
      [
        634.0,
        473.0
      ],
      [
        587.0,
        477.0
      ]
    ],
    [
      [
        733.0,
        549.0
      ],
      [
        776.0,
        543.0
      ],
      [
        787.5936889648438,
        585.6112670898438
      ],
      [
        743.0,
        596.0
      ]
    ],
    [
      [
        721.0,
        485.0
      ],
      [
        763.0,
        480.0
      ],
      [
        773.0,
        523.0
      ],
      [
        730.0,
        530.0
      ]
    ],
    [
      [
        573.0,
        371.0
      ],
      [
        618.0,
        368.0
      ],
      [
        625.0,
        409.0
      ],
      [
        579.0,
        412.0
      ]
    ],
    [
      [
        709.0,
        424.0
      ],
      [
        750.0,
        420.0
      ],
      [
        761.7752685546875,
        460.5587158203125
      ],
      [
        718.0,
        466.0
      ]
    ],
    [
      [
        637.0,
        368.0
      ],
      [
        679.0,
        366.0
      ],
      [
        689.57080078125,
        403.2962646484375
      ],
      [
        644.0,
        409.0
      ]
    ],
    [
      [
        781.0,
        479.0
      ],
      [
        818.0,
        473.0
      ],
      [
        829.0,
        515.0
      ],
      [
        791.0,
        522.0
      ]
    ],
    [
      [
        567.0,
        315.0
      ],
      [
        609.0,
        313.0
      ],
      [
        616.0,
        350.0
      ],
      [
        572.0,
        353.0
      ]
    ],
    [
      [
        698.0,
        366.0
      ],
      [
        737.0,
        364.0
      ],
      [
        747.0,
        402.0
      ],
      [
        706.0,
        405.0
      ]
    ],
    [
      [
        768.0,
        419.0
      ],
      [
        805.0,
        416.0
      ],
      [
        815.0,
        456.0
      ],
      [
        778.0,
        461.0
      ]
    ],
    [
      [
        628.0,
        314.0
      ],
      [
        669.0,
        312.0
      ],
      [
        677.0,
        348.0
      ],
      [
        635.0,
        350.0
      ]
    ],
    [
      [
        849.0,
        532.0
      ],
      [
        883.0,
        524.0
      ],
      [
        894.0,
        564.0
      ],
      [
        859.0,
        573.0
      ]
    ],
    [
      [
        898.0,
        521.0
      ],
      [
        931.0,
        514.0
      ],
      [
        941.0,
        555.0
      ],
      [
        909.0,
        563.0
      ]
    ],
    [
      [
        836.0,
        472.0
      ],
      [
        870.0,
        467.0
      ],
      [
        880.0,
        507.0
      ],
      [
        846.0,
        513.0
      ]
    ],
    [
      [
        755.0,
        364.0
      ],
      [
        791.0,
        362.0
      ],
      [
        801.0,
        399.0
      ],
      [
        764.0,
        402.0
      ]
    ],
    [
      [
        687.0,
        313.0
      ],
      [
        724.0,
        311.0
      ],
      [
        734.0,
        346.0
      ],
      [
        695.0,
        348.0
      ]
    ],
    [
      [
        821.0,
        416.0
      ],
      [
        855.0,
        412.0
      ],
      [
        866.0,
        450.0
      ],
      [
        833.0,
        455.0
      ]
    ],
    [
      [
        870.0,
        410.0
      ],
      [
        902.0,
        407.0
      ],
      [
        913.0,
        445.0
      ],
      [
        881.0,
        450.0
      ]
    ],
    [
      [
        792.0,
        311.0
      ],
      [
        826.0,
        310.0
      ],
      [
        838.0,
        344.0
      ],
      [
        803.0,
        347.0
      ]
    ],
    [
      [
        742.0,
        312.0
      ],
      [
        777.0,
        311.0
      ],
      [
        787.0,
        345.0
      ],
      [
        752.0,
        347.0
      ]
    ],
    [
      [
        855.0,
        359.0
      ],
      [
        886.0,
        357.0
      ],
      [
        898.0,
        393.0
      ],
      [
        866.0,
        396.0
      ]
    ],
    [
      [
        808.0,
        362.0
      ],
      [
        840.0,
        360.0
      ],
      [
        851.0,
        395.0
      ],
      [
        818.0,
        398.0
      ]
    ],
    [
      [
        929.0,
        458.0
      ],
      [
        958.0,
        453.0
      ],
      [
        969.0,
        491.0
      ],
      [
        940.0,
        497.0
      ]
    ],
    [
      [
        913.4624633789062,
        407.95892333984375
      ],
      [
        943.0,
        403.0
      ],
      [
        954.0,
        439.0
      ],
      [
        926.0,
        444.0
      ]
    ],
    [
      [
        899.0,
        357.0
      ],
      [
        927.0,
        355.0
      ],
      [
        939.6854248046875,
        388.2519836425781
      ],
      [
        911.0,
        393.0
      ]
    ],
    [
      [
        794.0,
        540.0
      ],
      [
        830.8792724609375,
        531.3856201171875
      ],
      [
        843.0,
        576.0
      ],
      [
        804.0,
        585.0
      ]
    ]
  ],