{
  "size": [
    1280,
    720
  ],
  "ids0": [
    15,
    7,
    14,
    23,
    22,
    6,
    39,
    30,
    31,
    13,
    38,
    21,
    5,
    37,
    20,
    12,
    4,
    28,
    11,
    19,
    3,
    27,
    18,
    2,
    35,
    34,
    9,
    17,
    1,
    36
  ],
  "ids1": [
    8,
    16,
    0,
    9,
    17,
    32,
    1,
    25,
    33,
    18,
    10,
    2,
    26,
    34,
    19,
    12,
    3,
    11,
    35,
    4,
    37
  ],
  "corners0": [
    [
      [
        412.0,
        291.0
      ],
      [
        464.0,
        283.0
      ],
      [
        473.0,
        339.0
      ],
      [
        421.0,
        349.0
      ]
    ],
    [
      [
        401.0,
        206.0
      ],
      [
        454.0,
        201.0
      ],
      [
        461.0,
        256.0
      ],
      [
        409.0,
        263.0
      ]
    ],
    [
      [
        488.0,
        278.0
      ],
      [
        538.0,
        271.0
      ],
      [
        547.0,
        328.0
      ],
      [
        497.0,
        337.0
      ]
    ],
    [
      [
        426.0,
        377.0
      ],
      [
        477.0,
        366.0
      ],
      [
        487.0,
        421.0
      ],
      [
        437.0,
        434.0
      ]
    ],
    [
      [
        500.0,
        360.0
      ],
      [
        550.0,
        350.0
      ],
      [
        560.0,
        405.0
      ],
      [
        510.0,
        418.0
      ]
    ],
    [
      [
        477.0,
        198.0
      ],
      [
        527.0,
        193.0
      ],
      [
        536.0,
        249.0
      ],
      [
        485.0,
        255.0
      ]
    ],
    [
      [
        456.0,
        539.0
      ],
      [
        508.0,
        523.0
      ],
      [
        519.0,
        574.0
      ],
      [
        471.8518981933594,
        593.7565307617188
      ]
    ],
    [
      [
        514.0,
        440.0
      ],
      [
        562.0,
        427.0
      ],
      [
        572.0,
        480.0
      ],
      [
        525.5739135742188,
        497.84576416015625
      ]
    ],
    [
      [
        441.0,
        462.0
      ],
      [
        491.0,
        448.0
      ],
      [
        502.0,
        499.0
      ],
      [
        453.0,
        514.0
      ]
    ],
    [
      [
        559.0,
        269.0
      ],
      [
        603.0,
        263.0
      ],
      [
        612.0,
        316.0
      ],
      [
        568.0,
        325.0
      ]
    ],
    [
      [
        528.0,
        517.0
      ],
      [
        575.0,
        501.0
      ],
      [
        584.0,
        550.0
      ],
      [
        539.0,
        567.0
      ]
    ],
    [
      [
        570.0,
        346.0
      ],
      [
        614.0,
        337.0
      ],
      [
        622.0,
        390.0
      ],
      [
        579.0,
        401.0
      ]
    ],
    [
      [
        548.0,
        193.0
      ],
      [
        593.0,
        190.0
      ],
      [
        601.0,
        242.0
      ],
      [
        556.0,
        247.0
      ]
    ],
    [
      [
        594.0,
        495.0
      ],
      [
        635.0,
        481.0
      ],
      [
        643.0,
        527.0
      ],
      [
        603.0,
        544.0
      ]
    ],
    [
      [
        632.0,
        335.0
      ],
      [
        671.0,
        326.0
      ],
      [
        678.0,
        375.0
      ],
      [
        641.0,
        386.0
      ]
    ],
    [
      [
        622.0,
        262.0
      ],
      [
        660.0,
        256.0
      ],
      [
        669.0,
        305.0
      ],
      [
        630.0,
        313.0
      ]
    ],
    [
      [
        613.0,
        189.0
      ],
      [
        652.0,
        189.0
      ],
      [
        658.0,
        237.0
      ],
      [
        619.0,
        240.0
      ]
    ],
    [
      [
        642.0,
        407.0
      ],
      [
        680.0,
        395.0
      ],
      [
        687.0,
        442.0
      ],
      [
        650.0,
        455.0
      ]
    ],
    [
      [
        678.0,
        256.0
      ],
      [
        711.0,
        251.0
      ],
      [
        719.0,
        297.0
      ],
      [
        687.822265625,
        305.6225280761719
      ]
    ],
    [
      [
        688.0,
        324.0
      ],
      [
        720.0,
        317.0
      ],
      [
        727.0,
        362.0
      ],
      [
        695.0,
        372.0
      ]
    ],
    [
      [
        670.0,
        187.0
      ],
      [
        703.0,
        188.0
      ],
      [
        708.0,
        233.0
      ],
      [
        675.0,
        234.0
      ]
    ],
    [
      [
        696.0,
        392.0
      ],
      [
        728.0,
        381.0
      ],
      [
        735.0,
        425.0
      ],
      [
        703.0,
        437.0
      ]
    ],
    [
      [
        735.0,
        313.0
      ],
      [
        765.0,
        307.0
      ],
      [
        771.0,
        352.0
      ],
      [
        740.4249267578125,
        361.955078125
      ]
    ],
    [
      [
        718.0,
        185.0
      ],
      [
        749.0,
        186.0
      ],
      [
        754.0,
        230.0
      ],
      [
        723.0,
        231.0
      ]
    ],
    [
      [
        705.0,
        456.0
      ],
      [
        736.0,
        445.0
      ],
      [
        741.0,
        487.0
      ],
      [
        711.0,
        500.0
      ]
    ],
    [
      [
        750.0,
        439.0
      ],
      [
        779.0,
        427.0
      ],
      [
        784.0,
        469.0
      ],
      [
        755.0,
        482.0
      ]
    ],
    [
      [
        769.0,
        245.0
      ],
      [
        796.0,
        242.0
      ],
      [
        802.0,
        284.0
      ],
      [
        776.0,
        289.0
      ]
    ],
    [
      [
        777.0,
        305.0
      ],
      [
        803.0,
        300.0
      ],
      [
        809.0,
        342.0
      ],
      [
        783.0,
        349.0
      ]
    ],
    [
      [
        761.0,
        185.0
      ],
      [
        788.0,
        186.0
      ],
      [
        793.0,
        228.0
      ],
      [
        766.0,
        227.0
      ]
    ],
    [
      [
        653.0,
        475.0
      ],
      [
        689.0,
        462.0
      ],
      [
        695.0,
        506.0
      ],
      [
        660.0,
        521.0
      ]
    ]
  ],