{
  "size": [
    1280,
    720
  ],
  "ids0": [
    23,
    31,
    39,
    15,
    22,
    30,
    38,
    14,
    7,
    6,
    29,
    13,
    37,
    5,
    20,
    28,
    12,
    4,
    27,
    19,
    34,
    35,
    11,
    2,
    3,
    26,
    18,
    17,
    1,
    36
  ],
  "ids1": [
    0,
    8,
    16,
    1,
    9,
    24,
    32,
    2,
    10,
    18,
    33,
    26,
    3,
    11,
    19,
    34,
    12,
    27,
    28,
    35,
    25,
    37
  ],
  "corners0": [
    [
      [
        600.0,
        379.0
      ],
      [
        644.0,
        381.0
      ],
      [
        643.0,
        426.0
      ],
      [
        598.0,
        424.0
      ]
    ],
    [
      [
        598.0,
        445.0
      ],
      [
        643.0,
        444.0
      ],
      [
        644.0,
        488.0
      ],
      [
        599.0,
        490.0
      ]
    ],
    [
      [
        598.0,
        510.0
      ],
      [
        643.0,
        508.0
      ],
      [
        644.0,
        551.0
      ],
      [
        600.0,
        553.0
      ]
    ],
    [
      [
        599.0,
        317.0
      ],
      [
        642.0,
        317.0
      ],
      [
        644.0,
        361.0
      ],
      [
        600.0,
        361.0
      ]
    ],
    [
      [
        663.0,
        380.0
      ],
      [
        705.0,
        382.0
      ],
      [
        704.0,
        426.0
      ],
      [
        662.0,
        425.0
      ]
    ],
    [
      [
        663.0,
        444.0
      ],
      [
        705.0,
        445.0
      ],
      [
        704.0,
        489.0
      ],
      [
        662.0,
        488.0
      ]
    ],
    [
      [
        662.0,
        508.0
      ],
      [
        704.0,
        506.0
      ],
      [
        705.0,
        549.0
      ],
      [
        663.0,
        552.0
      ]
    ],
    [
      [
        663.0,
        318.0
      ],
      [
        704.0,
        321.0
      ],
      [
        703.0,
        364.0
      ],
      [
        662.0,
        362.0
      ]
    ],
    [
      [
        600.0,
        256.0
      ],
      [
        643.0,
        257.0
      ],
      [
        644.0,
        298.0
      ],
      [
        601.0,
        298.0
      ]
    ],
    [
      [
        659.00244140625,
        260.5296325683594
      ],
      [
        702.0,
        260.0
      ],
      [
        704.0,
        301.0
      ],
      [
        663.0,
        300.0
      ]
    ],
    [
      [
        723.0,
        444.0
      ],
      [
        763.0,
        444.0
      ],
      [
        762.0,
        486.0
      ],
      [
        722.0,
        486.0
      ]
    ],
    [
      [
        722.0,
        321.0
      ],
      [
        761.0,
        323.0
      ],
      [
        761.0,
        365.0
      ],
      [
        722.0,
        363.0
      ]
    ],
    [
      [
        722.0,
        507.0
      ],
      [
        762.0,
        504.0
      ],
      [
        763.0,
        544.0
      ],
      [
        723.0,
        548.0
      ]
    ],
    [
      [
        721.0,
        262.0
      ],
      [
        759.0,
        265.0
      ],
      [
        760.0,
        305.0
      ],
      [
        721.0,
        302.0
      ]
    ],
    [
      [
        780.0,
        382.0
      ],
      [
        816.0,
        384.0
      ],
      [
        816.0,
        425.0
      ],
      [
        779.0,
        424.0
      ]
    ],
    [
      [
        781.0,
        442.0
      ],
      [
        817.0,
        443.0
      ],
      [
        816.0,
        484.0
      ],
      [
        779.0,
        484.0
      ]
    ],
    [
      [
        779.0,
        323.0
      ],
      [
        814.0,
        326.0
      ],
      [
        814.0,
        366.0
      ],
      [
        778.0,
        364.0
      ]
    ],
    [
      [
        776.0,
        266.0
      ],
      [
        812.0,
        270.0
      ],
      [
        812.0,
        308.0
      ],
      [
        777.0,
        305.0
      ]
    ],
    [
      [
        832.0,
        443.0
      ],
      [
        865.0,
        440.0
      ],
      [
        867.0,
        479.0
      ],
      [
        834.0,
        483.0
      ]
    ],
    [
      [
        833.0,
        383.0
      ],
      [
        866.0,
        385.0
      ],
      [
        865.0,
        424.0
      ],
      [
        832.0,
        423.0
      ]
    ],
    [
      [
        880.0,
        496.0
      ],
      [
        912.0,
        492.0
      ],
      [
        912.0,
        532.0
      ],
      [
        880.0,
        536.0
      ]
    ],
    [
      [
        832.0,
        501.0
      ],
      [
        865.0,
        497.0
      ],
      [
        866.0,
        535.0
      ],
      [
        833.0,
        540.0
      ]
    ],
    [
      [
        831.0,
        326.0
      ],
      [
        863.0,
        328.0
      ],
      [
        864.0,
        367.0
      ],
      [
        831.0,
        365.0
      ]
    ],
    [
      [
        875.0,
        273.0
      ],
      [
        906.0,
        277.0
      ],
      [
        908.0,
        315.0
      ],
      [
        876.0,
        312.0
      ]
    ],
    [
      [
        828.0,
        270.0
      ],
      [
        860.0,
        274.0
      ],
      [
        861.0,
        311.0
      ],
      [
        829.0,
        308.0
      ]
    ],
    [
      [
        881.0,
        441.0
      ],
      [
        911.0,
        439.0
      ],
      [
        912.0,
        476.0
      ],
      [
        882.0,
        479.0
      ]
    ],
    [
      [
        881.0,
        384.0
      ],
      [
        911.0,
        385.0
      ],
      [
        910.0,
        423.0
      ],
      [
        881.0,
        422.0
      ]
    ],
    [
      [
        925.0,
        383.0
      ],
      [
        953.0,
        384.0
      ],
      [
        953.0,
        422.0
      ],
      [
        924.0,
        422.0
      ]
    ],
    [
      [
        919.0,
        277.0
      ],
      [
        947.0,
        281.0
      ],
      [
        948.0,
        318.0
      ],
      [
        920.0,
        315.0
      ]
    ],
    [
      [
        779.0,
        504.0
      ],
      [
        815.0,
        500.0
      ],
      [
        816.0,
        541.0
      ],
      [
        780.0,
        545.0
      ]
    ]
  ],