{
  "size": [
    1280,
    720
  ],
  "ids0": [
    38,
    31,
    30,
    29,
    23,
    22,
    28,
    21,
    35,
    20,
    27,
    15,
    14,
    13,
    34,
    19,
    12,
    26,
    6,
    7,
    5,
    17,
    18,
    33,
    11,
    32,
    4,
    2,
    24,
    10,
    3,
    36
  ],
  "ids1": [
    16,
    24,
    8,
    32,
    0,
    17,
    25,
    9,
    33,
    1,
    18,
    10,
    2,
    35,
    28,
    20,
    12,
    36
  ],
  "corners0": [
    [
      [
        631.0,
        543.0
      ],
      [
        680.0,
        540.0
      ],
      [
        685.0,
        587.0
      ],
      [
        635.0,
        591.0
      ]
    ],
    [
      [
        559.0,
        479.0
      ],
      [
        607.0,
        477.0
      ],
      [
        610.0,
        522.0
      ],
      [
        561.0,
        524.0
      ]
    ],
    [
      [
        627.0,
        478.0
      ],
      [
        674.0,
        475.0
      ],
      [
        679.0,
        520.0
      ],
      [
        631.0,
        523.0
      ]
    ],
    [
      [
        694.0,
        476.0
      ],
      [
        740.0,
        473.0
      ],
      [
        746.0,
        517.0
      ],
      [
        700.0,
        521.0
      ]
    ],
    [
      [
        559.0,
        417.0
      ],
      [
        604.0,
        415.0
      ],
      [
        607.0,
        458.0
      ],
      [
        560.0,
        459.0
      ]
    ],
    [
      [
        624.0,
        416.0
      ],
      [
        669.0,
        415.0
      ],
      [
        674.0,
        456.0
      ],
      [
        627.0,
        458.0
      ]
    ],
    [
      [
        758.0,
        474.0
      ],
      [
        801.0,
        470.0
      ],
      [
        809.0,
        513.0
      ],
      [
        765.0,
        517.0
      ]
    ],
    [
      [
        689.0,
        415.0
      ],
      [
        732.0,
        414.0
      ],
      [
        738.0,
        455.0
      ],
      [
        694.0,
        457.0
      ]
    ],
    [
      [
        829.0,
        531.0
      ],
      [
        868.0,
        526.0
      ],
      [
        877.0,
        569.0
      ],
      [
        837.0,
        576.0
      ]
    ],
    [
      [
        751.0,
        414.0
      ],
      [
        789.2310180664062,
        410.17730712890625
      ],
      [
        799.0,
        452.0
      ],
      [
        757.0,
        455.0
      ]
    ],
    [
      [
        819.0,
        471.0
      ],
      [
        858.0,
        467.0
      ],
      [
        867.0,
        508.0
      ],
      [
        827.0,
        513.0
      ]
    ],
    [
      [
        559.0,
        360.0
      ],
      [
        602.0,
        359.0
      ],
      [
        605.0,
        397.0
      ],
      [
        560.0,
        398.0
      ]
    ],
    [
      [
        622.0,
        359.0
      ],
      [
        665.0,
        359.0
      ],
      [
        667.0,
        398.0
      ],
      [
        623.0,
        397.0
      ]
    ],
    [
      [
        683.0,
        360.0
      ],
      [
        724.0,
        358.0
      ],
      [
        731.0,
        396.0
      ],
      [
        688.0,
        397.0
      ]
    ],
    [
      [
        886.0,
        526.0
      ],
      [
        923.0,
        521.0
      ],
      [
        931.0,
        562.0
      ],
      [
        894.0,
        568.0
      ]
    ],
    [
      [
        809.0,
        413.0
      ],
      [
        847.0,
        411.0
      ],
      [
        856.0,
        449.0
      ],
      [
        817.0,
        452.0
      ]
    ],
    [
      [
        743.0,
        359.0
      ],
      [
        782.0,
        359.0
      ],
      [
        790.0,
        395.0
      ],
      [
        749.0,
        396.0
      ]
    ],
    [
      [
        876.0,
        467.0
      ],
      [
        911.0,
        464.0
      ],
      [
        920.0,
        503.0
      ],
      [
        885.0,
        508.0
      ]
    ],
    [
      [
        619.0,
        308.0
      ],
      [
        659.0,
        307.0
      ],
      [
        664.0,
        341.0
      ],
      [
        621.0,
        342.0
      ]
    ],
    [
      [
        559.0,
        308.0
      ],
      [
        600.0,
        307.0
      ],
      [
        602.0,
        341.0
      ],
      [
        560.0,
        342.0
      ]
    ],
    [
      [
        678.0,
        308.0
      ],
      [
        717.0,
        308.0
      ],
      [
        723.0,
        341.0
      ],
      [
        682.0,
        342.0
      ]
    ],
    [
      [
        914.0,
        408.0
      ],
      [
        947.0,
        406.0
      ],
      [
        957.0,
        444.0
      ],
      [
        923.0,
        447.0
      ]
    ],
    [
      [
        865.0,
        411.0
      ],
      [
        899.0,
        409.0
      ],
      [
        908.0,
        446.0
      ],
      [
        873.0,
        449.0
      ]
    ],
    [
      [
        939.0,
        520.0
      ],
      [
        971.0,
        515.0
      ],
      [
        980.0,
        553.0
      ],
      [
        947.0,
        560.0
      ]
    ],
    [
      [
        800.0,
        359.0
      ],
      [
        836.0,
        359.0
      ],
      [
        845.0,
        393.0
      ],
      [
        807.0,
        395.0
      ]
    ],
    [
      [
        985.0,
        512.0
      ],
      [
        1016.0,
        507.0
      ],
      [
        1025.0,
        546.0
      ],
      [
        994.0,
        553.0
      ]
    ],
    [
      [
        735.0,
        309.0
      ],
      [
        773.0,
        309.0
      ],
      [
        780.0,
        341.0
      ],
      [
        741.0,
        342.0
      ]
    ],
    [
      [
        840.0,
        310.0
      ],
      [
        875.0,
        310.0
      ],
      [
        885.4388427734375,
        342.3428955078125
      ],
      [
        849.0,
        344.0
      ]
    ],
    [
      [
        973.0,
        458.0
      ],
      [
        1003.0,
        455.0
      ],
      [
        1013.0,
        493.0
      ],
      [
        983.0,
        497.0
      ]
    ],
    [
      [
        853.0,
        360.0
      ],
      [
        886.0,
        358.0
      ],
      [
        896.0,
        392.0
      ],
      [
        862.0,
        394.0
      ]
    ],
    [
      [
        790.0,
        310.0
      ],
      [
        825.0,
        310.0
      ],
      [
        833.0,
        342.0
      ],
      [
        798.0,
        343.0
      ]
    ],
    [
      [
        767.0,
        536.0
      ],
      [
        811.0,
        532.0
      ],
      [
        819.5693969726562,
        574.7230224609375
      ],
      [
        773.0,
        582.0
      ]
    ]
  ],