{
  "size": [
    1280,
    720
  ],
  "ids0": [
    7,
    15,
    6,
    31,
    14,
    22,
    39,
    30,
    5,
    21,
    38,
    29,
    4,
    12,
    20,
    37,
    28,
    35,
    17,
    1,
    36
  ],
  "ids1": [
    0,
    8,
    16,
    1,
    9,
    17,
    24,
    10,
    25,
    18,
    32,
    3,
    26,
    11,
    20,
    19,
    28,
    34,
    5,
    27,
    4,
    12,
    29,
    35,
    33
  ],
  "corners0": [
    [
      [
        441.0,
        303.0
      ],
      [
        491.0,
        297.0
      ],
      [
        499.0,
        352.0
      ],
      [
        449.0,
        361.0
      ]
    ],
    [
      [
        451.0,
        383.0
      ],
      [
        500.0,
        374.0
      ],
      [
        509.0,
        429.0
      ],
      [
        460.0,
        440.0
      ]
    ],
    [
      [
        511.0,
        296.0
      ],
      [
        556.0,
        291.0
      ],
      [
        564.0,
        342.0
      ],
      [
        519.0,
        350.0
      ]
    ],
    [
      [
        477.0,
        537.0
      ],
      [
        524.0,
        524.0
      ],
      [
        533.0,
        572.0
      ],
      [
        487.0,
        587.0
      ]
    ],
    [
      [
        521.0,
        372.0
      ],
      [
        565.0,
        364.0
      ],
      [
        573.0,
        415.0
      ],
      [
        529.0,
        426.0
      ]
    ],
    [
      [
        531.0,
        447.0
      ],
      [
        575.0,
        436.0
      ],
      [
        582.0,
        485.0
      ],
      [
        540.0,
        498.0
      ]
    ],
    [
      [
        491.0,
        607.0
      ],
      [
        536.0,
        592.0
      ],
      [
        545.0,
        635.0
      ],
      [
        501.0,
        652.0
      ]
    ],
    [
      [
        543.0,
        519.0
      ],
      [
        582.9345703125,
        503.27642822265625
      ],
      [
        592.0,
        552.0
      ],
      [
        551.0,
        566.0
      ]
    ],
    [
      [
        575.0,
        290.0
      ],
      [
        615.0,
        286.0
      ],
      [
        621.0,
        334.0
      ],
      [
        582.0,
        341.0
      ]
    ],
    [
      [
        593.0,
        432.0
      ],
      [
        631.0,
        422.0
      ],
      [
        638.0,
        468.0
      ],
      [
        601.0,
        481.0
      ]
    ],
    [
      [
        554.0,
        586.0
      ],
      [
        594.0,
        571.0
      ],
      [
        602.0,
        613.0
      ],
      [
        563.0,
        629.0
      ]
    ],
    [
      [
        602.0,
        501.0
      ],
      [
        639.0,
        488.0
      ],
      [
        646.0,
        531.0
      ],
      [
        611.3714599609375,
        547.919921875
      ]
    ],
    [
      [
        632.0,
        285.0
      ],
      [
        666.0,
        281.0
      ],
      [
        672.0,
        327.0
      ],
      [
        638.0,
        332.0
      ]
    ],
    [
      [
        640.0,
        352.0
      ],
      [
        674.0,
        346.0
      ],
      [
        680.0,
        391.0
      ],
      [
        646.0,
        399.0
      ]
    ],
    [
      [
        648.0,
        419.0
      ],
      [
        681.0,
        410.0
      ],
      [
        687.0,
        454.0
      ],
      [
        654.0,
        464.0
      ]
    ],
    [
      [
        612.0,
        565.0
      ],
      [
        647.0,
        551.0
      ],
      [
        653.0,
        591.0
      ],
      [
        619.0,
        606.0
      ]
    ],
    [
      [
        656.0,
        483.0
      ],
      [
        688.0,
        472.0
      ],
      [
        693.0,
        514.0
      ],
      [
        662.0,
        526.0
      ]
    ],
    [
      [
        708.0,
        526.0
      ],
      [
        738.0,
        513.0
      ],
      [
        742.0,
        552.0
      ],
      [
        713.0,
        566.0
      ]
    ],
    [
      [
        775.0466918945312,
        384.34552001953125
      ],
      [
        800.0,
        378.0
      ],
      [
        804.8800659179688,
        417.8625183105469
      ],
      [
        781.0,
        425.0
      ]
    ],
    [
      [
        764.0,
        273.0
      ],
      [
        788.0,
        271.0
      ],
      [
        793.0,
        310.0
      ],
      [
        770.0,
        314.0
      ]
    ],
    [
      [
        663.0,
        546.0
      ],
      [
        694.0,
        532.0
      ],
      [
        699.0,
        571.0
      ],
      [
        669.0,
        585.0
      ]
    ]
  ],