{
  "size": [
    1280,
    720
  ],
  "ids0": [
    23,
    15,
    7,
    31,
    39,
    22,
    6,
    14,
    30,
    38,
    13,
    21,
    5,
    29,
    28,
    4,
    20,
    11
  ],
  "ids1": [
    0,
    1,
    8,
    9,
    16,
    2,
    17,
    10,
    24,
    3,
    18,
    25,
    11,
    26,
    19,
    32,
    4,
    12,
    33,
    27,
    34,
    20,
    5,
    35,
    28,
    13,
    21,
    36,
    29,
    7,
    37
  ],
  "corners0": [
    [
      [
        643.0,
        404.0
      ],
      [
        684.0,
        400.0
      ],
      [
        687.0,
        446.0
      ],
      [
        646.0,
        452.0
      ]
    ],
    [
      [
        640.0,
        335.0
      ],
      [
        680.0,
        333.0
      ],
      [
        684.0,
        380.0
      ],
      [
        644.0,
        384.0
      ]
    ],
    [
      [
        638.0,
        266.0
      ],
      [
        679.0,
        269.0
      ],
      [
        680.0,
        315.0
      ],
      [
        639.0,
        313.0
      ]
    ],
    [
      [
        646.0,
        472.0
      ],
      [
        686.0,
        466.0
      ],
      [
        689.0,
        511.0
      ],
      [
        649.0,
        519.0
      ]
    ],
    [
      [
        649.0,
        538.0
      ],
      [
        688.0,
        530.0
      ],
      [
        690.0,
        573.0
      ],
      [
        652.0,
        582.0
      ]
    ],
    [
      [
        701.0,
        400.0
      ],
      [
        737.0,
        397.0
      ],
      [
        740.0,
        440.0
      ],
      [
        706.5662231445312,
        447.53125
      ]
    ],
    [
      [
        697.0,
        268.0
      ],
      [
        732.0,
        271.0
      ],
      [
        733.0,
        315.0
      ],
      [
        698.0,
        314.0
      ]
    ],
    [
      [
        700.0,
        333.0
      ],
      [
        735.0,
        334.0
      ],
      [
        736.0,
        378.0
      ],
      [
        701.0,
        379.0
      ]
    ],
    [
      [
        704.0,
        465.0
      ],
      [
        739.0,
        459.0
      ],
      [
        741.0,
        502.0
      ],
      [
        706.0,
        509.0
      ]
    ],
    [
      [
        706.0,
        528.0
      ],
      [
        740.0,
        520.0
      ],
      [
        742.0,
        561.0
      ],
      [
        708.0,
        570.0
      ]
    ],
    [
      [
        751.0,
        334.0
      ],
      [
        782.0,
        332.0
      ],
      [
        785.0,
        374.0
      ],
      [
        754.0,
        377.0
      ]
    ],
    [
      [
        754.0,
        396.0
      ],
      [
        785.0,
        393.0
      ],
      [
        787.0,
        434.0
      ],
      [
        756.0,
        439.0
      ]
    ],
    [
      [
        749.0,
        271.0
      ],
      [
        780.0,
        274.0
      ],
      [
        781.0,
        315.0
      ],
      [
        750.0,
        314.0
      ]
    ],
    [
      [
        756.0,
        458.0
      ],
      [
        786.0,
        452.0
      ],
      [
        788.0,
        492.0
      ],
      [
        758.0,
        500.0
      ]
    ],
    [
      [
        800.0,
        450.0
      ],
      [
        830.0,
        444.0
      ],
      [
        831.0,
        485.0
      ],
      [
        802.0,
        492.0
      ]
    ],
    [
      [
        794.0,
        273.0
      ],
      [
        823.0,
        275.0
      ],
      [
        825.0,
        317.0
      ],
      [
        795.0,
        315.0
      ]
    ],
    [
      [
        799.0,
        391.0
      ],
      [
        828.0,
        388.0
      ],
      [
        830.0,
        429.0
      ],
      [
        801.0,
        434.0
      ]
    ],
    [
      [
        839.0,
        331.0
      ],
      [
        865.0,
        332.0
      ],
      [
        865.0,
        371.0
      ],
      [
        839.0,
        372.0
      ]
    ]
  ],