{
  "size": [
    1280,
    720
  ],
  "ids0": [
    7,
    15,
    6,
    31,
    14,
    23,
    39,
    30,
    13,
    5,
    21,
    38,
    29,
    12,
    4,
    20,
    37,
    28,
    11,
    27,
    10,
    18,
    26,
    17,
    33,
    36,
    19
  ],
  "ids1": [
    8,
    0,
    16,
    24,
    1,
    9,
    17,
    32,
    25,
    10,
    2,
    18,
    33,
    26,
    11,
    3,
    19,
    34,
    27,
    35,
    12,
    5,
    4,
    37
  ],
  "corners0": [
    [
      [
        408.0,
        233.0
      ],
      [
        461.0,
        226.0
      ],
      [
        469.0,
        282.0
      ],
      [
        417.0,
        291.0
      ]
    ],
    [
      [
        420.0,
        319.0
      ],
      [
        472.0,
        310.0
      ],
      [
        481.0,
        366.0
      ],
      [
        431.0,
        378.0
      ]
    ],
    [
      [
        484.0,
        222.0
      ],
      [
        535.0,
        217.0
      ],
      [
        543.0,
        273.0
      ],
      [
        492.0,
        281.0
      ]
    ],
    [
      [
        448.0,
        486.0
      ],
      [
        500.0,
        470.0
      ],
      [
        511.0,
        524.0
      ],
      [
        461.0,
        541.0
      ]
    ],
    [
      [
        495.0,
        305.0
      ],
      [
        542.6978149414062,
        293.4472351074219
      ],
      [
        554.0,
        352.0
      ],
      [
        504.0,
        363.0
      ]
    ],
    [
      [
        434.0,
        406.0
      ],
      [
        485.0,
        393.0
      ],
      [
        495.0,
        446.0
      ],
      [
        446.0,
        461.0
      ]
    ],
    [
      [
        465.0,
        563.0
      ],
      [
        515.0,
        545.0
      ],
      [
        526.0,
        593.0
      ],
      [
        479.0,
        612.0
      ]
    ],
    [
      [
        521.0,
        465.0
      ],
      [
        568.0,
        450.0
      ],
      [
        577.0,
        500.0
      ],
      [
        531.0,
        517.0
      ]
    ],
    [
      [
        565.0,
        293.0
      ],
      [
        608.0,
        285.0
      ],
      [
        616.0,
        338.0
      ],
      [
        573.0,
        348.0
      ]
    ],
    [
      [
        555.0,
        216.0
      ],
      [
        599.0,
        211.0
      ],
      [
        606.0,
        264.0
      ],
      [
        563.0,
        271.0
      ]
    ],
    [
      [
        576.0,
        370.0
      ],
      [
        616.6360473632812,
        357.3511047363281
      ],
      [
        626.0,
        410.0
      ],
      [
        584.0,
        423.0
      ]
    ],
    [
      [
        535.0,
        538.0
      ],
      [
        577.5934448242188,
        519.231201171875
      ],
      [
        588.0,
        568.0
      ],
      [
        545.0,
        586.0
      ]
    ],
    [
      [
        587.0,
        445.0
      ],
      [
        628.0,
        431.0
      ],
      [
        635.0,
        480.0
      ],
      [
        595.0,
        495.0
      ]
    ],
    [
      [
        627.0,
        283.0
      ],
      [
        665.0,
        277.0
      ],
      [
        671.0,
        326.0
      ],
      [
        634.0,
        335.0
      ]
    ],
    [
      [
        615.4603881835938,
        212.96974182128906
      ],
      [
        655.0,
        207.0
      ],
      [
        663.0,
        256.0
      ],
      [
        625.0,
        262.0
      ]
    ],
    [
      [
        636.0,
        356.0
      ],
      [
        673.0,
        346.0
      ],
      [
        680.0,
        394.0
      ],
      [
        644.3342895507812,
        407.95794677734375
      ]
    ],
    [
      [
        598.0,
        515.0
      ],
      [
        635.4871215820312,
        497.155517578125
      ],
      [
        644.0,
        543.0
      ],
      [
        606.0,
        560.0
      ]
    ],
    [
      [
        645.0,
        427.0
      ],
      [
        681.0,
        414.0
      ],
      [
        687.0,
        460.0
      ],
      [
        652.0,
        473.0
      ]
    ],
    [
      [
        681.0,
        276.0
      ],
      [
        714.0,
        270.0
      ],
      [
        720.0,
        315.0
      ],
      [
        688.0,
        323.0
      ]
    ],
    [
      [
        697.0,
        409.0
      ],
      [
        728.0,
        399.0
      ],
      [
        733.0,
        441.0
      ],
      [
        703.0,
        454.0
      ]
    ],
    [
      [
        728.0,
        267.0
      ],
      [
        758.0,
        262.0
      ],
      [
        763.0,
        307.0
      ],
      [
        734.0,
        314.0
      ]
    ],
    [
      [
        735.0,
        331.0
      ],
      [
        764.0,
        324.0
      ],
      [
        769.0,
        368.0
      ],
      [
        741.9525756835938,
        377.876708984375
      ]
    ],
    [
      [
        742.0,
        393.0
      ],
      [
        770.0,
        383.0
      ],
      [
        775.7579956054688,
        426.7724304199219
      ],
      [
        747.0,
        437.0
      ]
    ],
    [
      [
        776.0,
        321.0
      ],
      [
        801.0,
        315.0
      ],
      [
        806.9039306640625,
        356.6766357421875
      ],
      [
        781.0,
        365.0
      ]
    ],
    [
      [
        786.0,
        437.0
      ],
      [
        809.33056640625,
        425.16217041015625
      ],
      [
        813.0,
        464.0
      ],
      [
        790.0,
        476.0
      ]
    ],
    [
      [
        654.0,
        493.0
      ],
      [
        686.0177612304688,
        476.9302062988281
      ],
      [
        694.0,
        521.0
      ],
      [
        661.0,
        537.0
      ]
    ],
    [
      [
        689.0,
        344.0
      ],
      [
        721.0,
        335.0
      ],
      [
        727.0,
        379.0
      ],
      [
        696.0,
        390.0
      ]
    ]
  ],