{
  "size": [
    1280,
    720
  ],
  "ids0": [
    23,
    31,
    15,
    22,
    39,
    7,
    30,
    38,
    21,
    13,
    29,
    37,
    5,
    12,
    20,
    28,
    4,
    19,
    27,
    11,
    3,
    35,
    26,
    17,
    18,
    10,
    1,
    24,
    36
  ],
  "ids1": [
    0,
    8,
    16,
    1,
    9,
    24,
    17,
    2,
    25,
    32,
    10,
    18,
    33,
    26,
    4,
    12,
    35,
    5,
    34
  ],
  "corners0": [
    [
      [
        598.0,
        386.0
      ],
      [
        642.0,
        389.0
      ],
      [
        639.0,
        432.0
      ],
      [
        596.0,
        430.0
      ]
    ],
    [
      [
        596.0,
        449.0
      ],
      [
        639.0,
        451.0
      ],
      [
        637.0,
        494.0
      ],
      [
        593.0,
        492.0
      ]
    ],
    [
      [
        601.0,
        323.0
      ],
      [
        644.0,
        327.0
      ],
      [
        641.0,
        370.0
      ],
      [
        598.0,
        366.0
      ]
    ],
    [
      [
        661.0,
        389.0
      ],
      [
        703.0,
        392.0
      ],
      [
        700.0,
        434.0
      ],
      [
        658.0,
        432.0
      ]
    ],
    [
      [
        593.0,
        512.0
      ],
      [
        636.0,
        512.0
      ],
      [
        636.0,
        553.0
      ],
      [
        593.0,
        554.0
      ]
    ],
    [
      [
        605.0,
        262.0
      ],
      [
        646.0,
        266.0
      ],
      [
        644.0,
        308.0
      ],
      [
        601.0,
        304.0
      ]
    ],
    [
      [
        658.0,
        451.0
      ],
      [
        700.0,
        453.0
      ],
      [
        698.0,
        495.0
      ],
      [
        656.0,
        493.0
      ]
    ],
    [
      [
        655.0,
        513.0
      ],
      [
        696.0,
        512.0
      ],
      [
        696.0,
        553.0
      ],
      [
        655.0,
        555.0
      ]
    ],
    [
      [
        721.0,
        391.0
      ],
      [
        760.0,
        393.0
      ],
      [
        758.0,
        435.0
      ],
      [
        718.0,
        433.0
      ]
    ],
    [
      [
        723.8951416015625,
        328.27099609375
      ],
      [
        762.0,
        334.0
      ],
      [
        760.0,
        375.0
      ],
      [
        720.0,
        372.0
      ]
    ],
    [
      [
        719.0,
        452.0
      ],
      [
        758.0,
        453.0
      ],
      [
        755.0,
        495.0
      ],
      [
        716.0,
        494.0
      ]
    ],
    [
      [
        716.0,
        512.0
      ],
      [
        755.0,
        513.0
      ],
      [
        752.0,
        553.0
      ],
      [
        713.0,
        553.0
      ]
    ],
    [
      [
        724.0,
        271.0
      ],
      [
        762.0,
        275.0
      ],
      [
        760.0,
        316.0
      ],
      [
        722.0,
        312.0
      ]
    ],
    [
      [
        779.0,
        334.0
      ],
      [
        816.0,
        338.0
      ],
      [
        814.0,
        378.0
      ],
      [
        777.0,
        375.0
      ]
    ],
    [
      [
        778.0,
        393.0
      ],
      [
        815.0,
        396.0
      ],
      [
        812.0,
        436.0
      ],
      [
        775.0,
        434.0
      ]
    ],
    [
      [
        776.0,
        453.0
      ],
      [
        813.0,
        454.0
      ],
      [
        810.0,
        494.0
      ],
      [
        773.0,
        494.0
      ]
    ],
    [
      [
        780.0,
        276.0
      ],
      [
        816.0,
        281.0
      ],
      [
        814.0,
        320.0
      ],
      [
        778.0,
        315.0
      ]
    ],
    [
      [
        831.0,
        395.0
      ],
      [
        865.0,
        397.0
      ],
      [
        863.0,
        436.0
      ],
      [
        829.0,
        435.0
      ]
    ],
    [
      [
        828.0,
        454.0
      ],
      [
        862.0,
        453.0
      ],
      [
        861.0,
        492.0
      ],
      [
        827.0,
        493.0
      ]
    ],
    [
      [
        833.0,
        337.0
      ],
      [
        866.0,
        341.0
      ],
      [
        864.0,
        380.0
      ],
      [
        831.0,
        377.0
      ]
    ],
    [
      [
        833.0,
        281.0
      ],
      [
        865.0,
        285.0
      ],
      [
        865.0,
        323.0
      ],
      [
        831.0,
        319.0
      ]
    ],
    [
      [
        825.0,
        512.0
      ],
      [
        859.0,
        509.0
      ],
      [
        858.0,
        546.0
      ],
      [
        824.0,
        549.0
      ]
    ],
    [
      [
        880.0,
        452.0
      ],
      [
        910.0,
        454.0
      ],
      [
        907.0,
        490.0
      ],
      [
        876.0,
        491.0
      ]
    ],
    [
      [
        926.0,
        397.0
      ],
      [
        955.0,
        399.0
      ],
      [
        953.0,
        437.0
      ],
      [
        923.0,
        436.0
      ]
    ],
    [
      [
        881.0,
        397.0
      ],
      [
        911.0,
        398.0
      ],
      [
        909.0,
        436.0
      ],
      [
        879.0,
        435.0
      ]
    ],
    [
      [
        882.0,
        341.0
      ],
      [
        912.0,
        344.0
      ],
      [
        911.0,
        381.0
      ],
      [
        880.0,
        378.0
      ]
    ],
    [
      [
        925.0,
        290.0
      ],
      [
        954.0,
        294.0
      ],
      [
        954.0,
        331.0
      ],
      [
        925.0,
        328.0
      ]
    ],
    [
      [
        965.0,
        451.0
      ],
      [
        991.0,
        449.0
      ],
      [
        990.0,
        486.0
      ],
      [
        963.0,
        489.0
      ]
    ],
    [
      [
        772.0,
        512.0
      ],
      [
        808.0,
        510.0
      ],
      [
        807.0,
        550.0
      ],
      [
        771.0,
        552.0
      ]
    ]
  ],