{
  "size": [
    1280,
    720
  ],
  "ids0": [
    38,
    31,
    37,
    30,
    29,
    23,
    22,
    28,
    21,
    35,
    15,
    14,
    20,
    27,
    13,
    19,
    34,
    7,
    12,
    6,
    26,
    5,
    11,
    17,
    18,
    4,
    32,
    3,
    10,
    1,
    8
  ],
  "ids1": [
    24,
    16,
    32,
    8,
    0,
    25,
    17,
    33,
    9,
    1,
    10,
    34,
    35,
    11,
    3,
    12
  ],
  "corners0": [
    [
      [
        636.0,
        524.0
      ],
      [
        685.0,
        519.0
      ],
      [
        692.0,
        567.0
      ],
      [
        642.0,
        572.0
      ]
    ],
    [
      [
        561.0,
        460.0
      ],
      [
        609.0,
        457.0
      ],
      [
        615.0,
        504.0
      ],
      [
        565.0,
        508.0
      ]
    ],
    [
      [
        705.0,
        519.0
      ],
      [
        752.0,
        513.0
      ],
      [
        760.0,
        560.0
      ],
      [
        712.0,
        566.0
      ]
    ],
    [
      [
        630.0,
        457.0
      ],
      [
        677.0,
        453.0
      ],
      [
        684.0,
        499.0
      ],
      [
        635.0,
        504.0
      ]
    ],
    [
      [
        697.0,
        453.0
      ],
      [
        743.0,
        449.0
      ],
      [
        750.0,
        494.0
      ],
      [
        704.0,
        499.0
      ]
    ],
    [
      [
        557.0,
        397.0
      ],
      [
        604.0,
        394.0
      ],
      [
        609.0,
        437.0
      ],
      [
        561.0,
        441.0
      ]
    ],
    [
      [
        624.0,
        394.0
      ],
      [
        670.0,
        391.0
      ],
      [
        676.0,
        434.0
      ],
      [
        629.0,
        437.0
      ]
    ],
    [
      [
        761.0,
        449.0
      ],
      [
        804.0,
        444.0
      ],
      [
        813.0,
        488.0
      ],
      [
        769.0,
        493.0
      ]
    ],
    [
      [
        689.0,
        391.0
      ],
      [
        733.0,
        388.0
      ],
      [
        741.0,
        430.0
      ],
      [
        696.0,
        434.0
      ]
    ],
    [
      [
        833.0,
        505.0
      ],
      [
        873.0,
        499.0
      ],
      [
        883.5729370117188,
        540.9625244140625
      ],
      [
        842.0,
        550.0
      ]
    ],
    [
      [
        555.0,
        338.0
      ],
      [
        599.0,
        335.0
      ],
      [
        603.0,
        375.0
      ],
      [
        558.0,
        378.0
      ]
    ],
    [
      [
        619.0,
        335.0
      ],
      [
        662.0,
        333.0
      ],
      [
        668.0,
        372.0
      ],
      [
        623.0,
        375.0
      ]
    ],
    [
      [
        752.0,
        388.0
      ],
      [
        793.0,
        385.0
      ],
      [
        803.6279907226562,
        425.1175842285156
      ],
      [
        760.0,
        430.0
      ]
    ],
    [
      [
        822.0,
        443.0
      ],
      [
        861.0,
        439.0
      ],
      [
        870.0,
        481.0
      ],
      [
        830.0,
        486.0
      ]
    ],
    [
      [
        682.0,
        333.0
      ],
      [
        723.0,
        331.0
      ],
      [
        731.0,
        370.0
      ],
      [
        688.0,
        372.0
      ]
    ],
    [
      [
        811.0,
        385.0
      ],
      [
        849.0,
        382.0
      ],
      [
        858.0,
        421.0
      ],
      [
        819.0,
        425.0
      ]
    ],
    [
      [
        891.0,
        498.0
      ],
      [
        926.0,
        492.0
      ],
      [
        935.0,
        533.0
      ],
      [
        899.0,
        541.0
      ]
    ],
    [
      [
        554.0,
        283.0
      ],
      [
        596.0,
        282.0
      ],
      [
        598.0,
        318.0
      ],
      [
        554.0,
        319.0
      ]
    ],
    [
      [
        742.0,
        332.0
      ],
      [
        781.0,
        329.0
      ],
      [
        790.0,
        367.0
      ],
      [
        750.0,
        370.0
      ]
    ],
    [
      [
        614.0,
        282.0
      ],
      [
        656.0,
        280.0
      ],
      [
        661.0,
        315.0
      ],
      [
        619.0,
        318.0
      ]
    ],
    [
      [
        878.0,
        439.0
      ],
      [
        913.0,
        434.0
      ],
      [
        923.0,
        474.0
      ],
      [
        888.0,
        480.0
      ]
    ],
    [
      [
        674.0,
        281.0
      ],
      [
        715.0,
        279.0
      ],
      [
        721.0,
        314.0
      ],
      [
        681.0,
        316.0
      ]
    ],
    [
      [
        799.0,
        330.0
      ],
      [
        836.0,
        328.0
      ],
      [
        846.0,
        364.0
      ],
      [
        808.0,
        367.0
      ]
    ],
    [
      [
        915.0,
        378.0
      ],
      [
        948.0,
        375.0
      ],
      [
        959.9134521484375,
        413.366455078125
      ],
      [
        925.0,
        417.0
      ]
    ],
    [
      [
        866.0,
        382.0
      ],
      [
        900.0,
        379.0
      ],
      [
        910.0,
        416.0
      ],
      [
        876.0,
        421.0
      ]
    ],
    [
      [
        733.0,
        280.0
      ],
      [
        770.0,
        278.0
      ],
      [
        779.0,
        312.0
      ],
      [
        740.0,
        314.0
      ]
    ],
    [
      [
        988.0,
        482.0
      ],
      [
        1017.0,
        476.0
      ],
      [
        1027.0,
        516.0
      ],
      [
        997.0,
        523.0
      ]
    ],
    [
      [
        788.0,
        279.0
      ],
      [
        823.0,
        278.0
      ],
      [
        832.0,
        311.0
      ],
      [
        796.0,
        313.0
      ]
    ],
    [
      [
        853.0,
        329.0
      ],
      [
        886.0,
        327.0
      ],
      [
        896.0,
        362.0
      ],
      [
        862.0,
        364.0
      ]
    ],
    [
      [
        887.0,
        278.0
      ],
      [
        919.0,
        278.0
      ],
      [
        930.0,
        311.0
      ],
      [
        898.0,
        312.0
      ]
    ],
    [
      [
        946.0,
        325.0
      ],
      [
        975.0,
        324.0
      ],
      [
        986.0,
        358.0
      ],
      [
        956.3037719726562,
        361.82110595703125
      ]
    ]
  ],