{
  "size": [
    1280,
    720
  ],
  "ids0": [
    39,
    31,
    38,
    30,
    23,
    37,
    22,
    29,
    15,
    21,
    14,
    28,
    7,
    13,
    20,
    6,
    35,
    27,
    12,
    5,
    26,
    19,
    3,
    10,
    4,
    33,
    11,
    25,
    17,
    9,
    36
  ],
  "ids1": [
    24,
    16,
    32,
    8,
    0,
    25,
    17,
    33,
    9,
    1,
    26,
    34,
    18,
    10,
    2,
    27,
    19,
    35,
    12,
    13,
    5
  ],
  "corners0": [
    [
      [
        596.0,
        564.0
      ],
      [
        646.0,
        558.0
      ],
      [
        655.0,
        606.0
      ],
      [
        604.0,
        613.0
      ]
    ],
    [
      [
        588.0,
        495.0
      ],
      [
        636.0,
        491.0
      ],
      [
        644.0,
        538.0
      ],
      [
        594.0,
        543.0
      ]
    ],
    [
      [
        666.0,
        557.0
      ],
      [
        713.0,
        550.0
      ],
      [
        722.0,
        597.0
      ],
      [
        675.0,
        605.0
      ]
    ],
    [
      [
        656.0,
        490.0
      ],
      [
        701.0,
        485.0
      ],
      [
        710.0,
        530.0
      ],
      [
        664.0,
        536.0
      ]
    ],
    [
      [
        580.0,
        430.0
      ],
      [
        626.0,
        427.0
      ],
      [
        633.0,
        471.0
      ],
      [
        586.0,
        475.0
      ]
    ],
    [
      [
        732.0,
        548.0
      ],
      [
        772.7138671875,
        539.439208984375
      ],
      [
        785.0,
        586.0
      ],
      [
        742.0,
        595.0
      ]
    ],
    [
      [
        646.0,
        426.0
      ],
      [
        690.0,
        423.0
      ],
      [
        698.0,
        466.0
      ],
      [
        653.0,
        470.0
      ]
    ],
    [
      [
        720.0,
        484.0
      ],
      [
        762.0,
        479.0
      ],
      [
        773.753173828125,
        520.3580322265625
      ],
      [
        729.0,
        529.0
      ]
    ],
    [
      [
        573.0,
        370.0
      ],
      [
        617.0,
        367.0
      ],
      [
        624.0,
        408.0
      ],
      [
        578.0,
        411.0
      ]
    ],
    [
      [
        708.0,
        423.0
      ],
      [
        749.0,
        419.0
      ],
      [
        759.0,
        460.0
      ],
      [
        717.0,
        465.0
      ]
    ],
    [
      [
        636.0,
        368.0
      ],
      [
        678.0,
        365.0
      ],
      [
        687.0,
        405.0
      ],
      [
        644.0,
        408.0
      ]
    ],
    [
      [
        780.0,
        478.0
      ],
      [
        818.0,
        473.0
      ],
      [
        829.0,
        514.0
      ],
      [
        790.0,
        521.0
      ]
    ],
    [
      [
        567.0,
        314.0
      ],
      [
        609.0,
        312.0
      ],
      [
        615.0,
        349.0
      ],
      [
        572.0,
        352.0
      ]
    ],
    [
      [
        697.0,
        365.0
      ],
      [
        736.0,
        363.0
      ],
      [
        746.0,
        401.0
      ],
      [
        705.0,
        404.0
      ]
    ],
    [
      [
        767.0,
        419.0
      ],
      [
        804.0,
        415.0
      ],
      [
        815.0,
        455.0
      ],
      [
        777.0,
        460.0
      ]
    ],
    [
      [
        628.0,
        313.0
      ],
      [
        668.0,
        311.0
      ],
      [
        676.0,
        347.0
      ],
      [
        635.0,
        350.0
      ]
    ],
    [
      [
        849.0,
        530.0
      ],
      [
        883.0,
        524.0
      ],
      [
        893.0,
        564.0
      ],
      [
        859.0,
        573.0
      ]
    ],
    [
      [
        835.0,
        472.0
      ],
      [
        869.0,
        466.0
      ],
      [
        880.0,
        506.0
      ],
      [
        845.0,
        512.0
      ]
    ],
    [
      [
        754.0,
        363.0
      ],
      [
        790.0,
        361.0
      ],
      [
        801.0,
        397.0
      ],
      [
        764.0,
        401.0
      ]
    ],
    [
      [
        686.0,
        312.0
      ],
      [
        724.0,
        311.0
      ],
      [
        733.0,
        346.0
      ],
      [
        695.0,
        348.0
      ]
    ],
    [
      [
        884.0,
        464.0
      ],
      [
        916.0,
        459.0
      ],
      [
        927.0,
        498.0
      ],
      [
        895.0,
        505.0
      ]
    ],
    [
      [
        821.0,
        415.0
      ],
      [
        854.0,
        411.0
      ],
      [
        865.0,
        449.0
      ],
      [
        832.0,
        454.0
      ]
    ],
    [
      [
        792.0,
        310.0
      ],
      [
        826.0,
        309.0
      ],
      [
        837.0,
        344.0
      ],
      [
        802.0,
        346.0
      ]
    ],
    [
      [
        854.0,
        358.0
      ],
      [
        886.0,
        356.0
      ],
      [
        898.0,
        392.0
      ],
      [
        866.0,
        395.0
      ]
    ],
    [
      [
        742.0,
        312.0
      ],
      [
        776.0,
        310.0
      ],
      [
        787.0,
        344.0
      ],
      [
        751.0,
        346.0
      ]
    ],
    [
      [
        943.0,
        511.0
      ],
      [
        972.0,
        505.0
      ],
      [
        982.0,
        543.0
      ],
      [
        953.0,
        551.0
      ]
    ],
    [
      [
        807.0,
        362.0
      ],
      [
        839.0,
        359.0
      ],
      [
        851.0,
        394.0
      ],
      [
        818.0,
        398.0
      ]
    ],
    [
      [
        929.0,
        458.0
      ],
      [
        957.0,
        453.0
      ],
      [
        968.0,
        490.0
      ],
      [
        940.0,
        497.0
      ]
    ],
    [
      [
        914.0,
        406.0
      ],
      [
        942.0,
        403.0
      ],
      [
        954.0,
        439.0
      ],
      [
        925.0,
        443.0
      ]
    ],
    [
      [
        899.0,
        357.0
      ],
      [
        927.0,
        355.0
      ],
      [
        939.0,
        389.0
      ],
      [
        910.0,
        392.0
      ]
    ],
    [
      [
        791.1676025390625,
        541.8760986328125
      ],
      [
        832.0,
        533.0
      ],
      [
        842.0,
        575.0
      ],
      [
        803.0,
        584.0
      ]
    ]
  ],