{
  "size": [
    1280,
    720
  ],
  "ids0": [
    15,
    23,
    7,
    30,
    39,
    13,
    21,
    5,
    31,
    38,
    6,
    22,
    29,
    12,
    37,
    20,
    4,
    11,
    19,
    3,
    27,
    35,
    18,
    2,
    10,
    26,
    1,
    34,
    8,
    32,
    36,
    28
  ],
  "ids1": [
    8,
    0,
    16,
    24,
    32,
    1,
    25,
    33,
    10,
    18,
    26,
    19,
    34,
    35,
    13
  ],
  "corners0": [
    [
      [
        461.0,
        244.0
      ],
      [
        512.0,
        239.0
      ],
      [
        517.0,
        291.0
      ],
      [
        467.0,
        297.0
      ]
    ],
    [
      [
        469.0,
        323.0
      ],
      [
        518.0,
        316.0
      ],
      [
        525.0,
        367.0
      ],
      [
        475.0,
        375.0
      ]
    ],
    [
      [
        455.0,
        167.0
      ],
      [
        506.0,
        162.0
      ],
      [
        510.0,
        213.0
      ],
      [
        460.0,
        218.0
      ]
    ],
    [
      [
        550.0,
        388.0
      ],
      [
        600.0,
        380.0
      ],
      [
        605.0,
        430.0
      ],
      [
        556.0,
        440.0
      ]
    ],
    [
      [
        486.0,
        474.0
      ],
      [
        538.0,
        464.0
      ],
      [
        545.0,
        512.0
      ],
      [
        495.0,
        523.0
      ]
    ],
    [
      [
        607.0,
        230.0
      ],
      [
        655.0,
        226.0
      ],
      [
        660.0,
        276.0
      ],
      [
        614.4759521484375,
        284.6791076660156
      ]
    ],
    [
      [
        613.0,
        304.0
      ],
      [
        660.0,
        297.0
      ],
      [
        665.0,
        348.0
      ],
      [
        619.0,
        356.0
      ]
    ],
    [
      [
        601.0,
        157.0
      ],
      [
        648.0,
        154.0
      ],
      [
        654.0,
        205.0
      ],
      [
        606.0,
        208.0
      ]
    ],
    [
      [
        478.0,
        401.0
      ],
      [
        527.0,
        393.0
      ],
      [
        533.0,
        442.0
      ],
      [
        485.0,
        450.0
      ]
    ],
    [
      [
        558.0,
        461.0
      ],
      [
        606.0,
        450.0
      ],
      [
        612.0,
        498.0
      ],
      [
        565.0,
        509.0
      ]
    ],
    [
      [
        531.0,
        162.0
      ],
      [
        578.0,
        158.0
      ],
      [
        584.0,
        206.0
      ],
      [
        536.0,
        212.0
      ]
    ],
    [
      [
        544.0,
        314.0
      ],
      [
        591.0,
        308.0
      ],
      [
        597.0,
        356.0
      ],
      [
        550.0,
        364.0
      ]
    ],
    [
      [
        620.0,
        377.0
      ],
      [
        666.0,
        369.0
      ],
      [
        670.0,
        418.0
      ],
      [
        625.0,
        427.0
      ]
    ],
    [
      [
        674.0,
        225.0
      ],
      [
        717.0,
        222.0
      ],
      [
        722.0,
        270.0
      ],
      [
        679.0,
        276.0
      ]
    ],
    [
      [
        626.0,
        447.0
      ],
      [
        668.7222290039062,
        435.3476867675781
      ],
      [
        675.0,
        483.0
      ],
      [
        631.0,
        494.0
      ]
    ],
    [
      [
        679.0,
        297.0
      ],
      [
        722.0,
        291.0
      ],
      [
        726.0,
        339.0
      ],
      [
        684.0,
        346.0
      ]
    ],
    [
      [
        670.0,
        154.0
      ],
      [
        712.0,
        155.0
      ],
      [
        715.0,
        203.0
      ],
      [
        672.0,
        204.0
      ]
    ],
    [
      [
        735.0,
        222.0
      ],
      [
        772.0,
        219.0
      ],
      [
        777.0,
        265.0
      ],
      [
        739.0,
        270.0
      ]
    ],
    [
      [
        740.0,
        290.0
      ],
      [
        777.0,
        285.0
      ],
      [
        781.0,
        330.0
      ],
      [
        744.0,
        337.0
      ]
    ],
    [
      [
        731.0,
        154.0
      ],
      [
        768.0,
        156.0
      ],
      [
        771.0,
        201.0
      ],
      [
        733.0,
        201.0
      ]
    ],
    [
      [
        743.0,
        357.0
      ],
      [
        780.0,
        349.0
      ],
      [
        783.0,
        394.0
      ],
      [
        747.0,
        402.0
      ]
    ],
    [
      [
        747.0,
        422.0
      ],
      [
        783.0,
        413.0
      ],
      [
        785.0,
        455.0
      ],
      [
        750.0,
        465.0
      ]
    ],
    [
      [
        794.0,
        284.0
      ],
      [
        826.0,
        280.0
      ],
      [
        829.0,
        323.0
      ],
      [
        797.0,
        329.0
      ]
    ],
    [
      [
        786.0,
        155.0
      ],
      [
        818.0,
        157.0
      ],
      [
        821.0,
        200.0
      ],
      [
        788.0,
        199.0
      ]
    ],
    [
      [
        791.0,
        219.0
      ],
      [
        824.0,
        220.0
      ],
      [
        825.0,
        262.0
      ],
      [
        792.0,
        263.0
      ]
    ],
    [
      [
        797.0,
        348.0
      ],
      [
        829.0,
        342.0
      ],
      [
        831.0,
        384.0
      ],
      [
        800.0,
        391.0
      ]
    ],
    [
      [
        833.0,
        156.0
      ],
      [
        864.0,
        158.0
      ],
      [
        867.0,
        201.0
      ],
      [
        836.0,
        200.0
      ]
    ],
    [
      [
        799.0,
        411.0
      ],
      [
        831.0,
        402.0
      ],
      [
        832.0,
        442.0
      ],
      [
        801.0,
        451.0
      ]
    ],
    [
      [
        881.0,
        215.0
      ],
      [
        908.0,
        216.0
      ],
      [
        909.0,
        257.0
      ],
      [
        883.0,
        258.0
      ]
    ],
    [
      [
        887.0,
        388.0
      ],
      [
        913.0,
        381.0
      ],
      [
        913.0,
        419.0
      ],
      [
        886.3176879882812,
        428.98046875
      ]
    ],
    [
      [
        689.0,
        434.0
      ],
      [
        730.0,
        425.0
      ],
      [
        733.0,
        468.0
      ],
      [
        693.0,
        479.0
      ]
    ],
    [
      [
        684.0,
        367.0
      ],
      [
        726.0,
        358.0
      ],
      [
        730.0,
        405.0
      ],
      [
        689.0,
        415.0
      ]
    ]
  ],