{
  "size": [
    1280,
    720
  ],
  "ids0": [
    31,
    23,
    39,
    15,
    7,
    30,
    22,
    38,
    14,
    6,
    29,
    37,
    13,
    5,
    20,
    28,
    12,
    27,
    18,
    26,
    10,
    36
  ],
  "ids1": [
    0,
    8,
    9,
    1,
    24,
    17,
    25,
    10,
    2,
    32,
    18,
    33,
    26,
    3,
    19,
    34,
    27,
    35,
    12,
    4,
    20,
    28,
    14,
    6,
    22,
    36
  ],
  "corners0": [
    [
      [
        621.0,
        457.0
      ],
      [
        665.0,
        454.0
      ],
      [
        668.0,
        501.0
      ],
      [
        625.0,
        506.0
      ]
    ],
    [
      [
        617.0,
        389.0
      ],
      [
        660.0,
        387.0
      ],
      [
        664.0,
        434.0
      ],
      [
        621.0,
        438.0
      ]
    ],
    [
      [
        625.0,
        526.0
      ],
      [
        669.0,
        521.0
      ],
      [
        674.77880859375,
        565.0234375
      ],
      [
        629.0,
        573.0
      ]
    ],
    [
      [
        613.0,
        322.0
      ],
      [
        656.0,
        322.0
      ],
      [
        660.0,
        367.0
      ],
      [
        616.0,
        369.0
      ]
    ],
    [
      [
        609.0,
        258.0
      ],
      [
        651.0,
        259.0
      ],
      [
        655.0,
        302.0
      ],
      [
        613.0,
        302.0
      ]
    ],
    [
      [
        683.0,
        454.0
      ],
      [
        723.0,
        450.0
      ],
      [
        727.0,
        494.0
      ],
      [
        687.0,
        500.0
      ]
    ],
    [
      [
        679.0,
        388.0
      ],
      [
        719.0,
        386.0
      ],
      [
        723.0,
        430.0
      ],
      [
        683.0,
        434.0
      ]
    ],
    [
      [
        687.0,
        520.0
      ],
      [
        727.0,
        514.0
      ],
      [
        730.0,
        557.0
      ],
      [
        691.0,
        564.0
      ]
    ],
    [
      [
        676.0,
        322.0
      ],
      [
        715.0,
        325.0
      ],
      [
        717.0,
        368.0
      ],
      [
        677.0,
        366.0
      ]
    ],
    [
      [
        671.0,
        260.0
      ],
      [
        709.0,
        263.0
      ],
      [
        712.0,
        305.0
      ],
      [
        673.0,
        303.0
      ]
    ],
    [
      [
        740.0,
        450.0
      ],
      [
        775.0,
        445.0
      ],
      [
        779.0,
        488.0
      ],
      [
        744.0,
        493.0
      ]
    ],
    [
      [
        744.0,
        512.0
      ],
      [
        779.0,
        507.0
      ],
      [
        782.0,
        548.0
      ],
      [
        747.0,
        555.0
      ]
    ],
    [
      [
        733.0,
        323.0
      ],
      [
        767.0,
        325.0
      ],
      [
        769.0,
        367.0
      ],
      [
        734.0,
        366.0
      ]
    ],
    [
      [
        727.0,
        263.0
      ],
      [
        761.0,
        267.0
      ],
      [
        764.0,
        307.0
      ],
      [
        729.0,
        304.0
      ]
    ],
    [
      [
        787.0,
        385.0
      ],
      [
        819.0,
        383.0
      ],
      [
        823.0,
        423.0
      ],
      [
        792.0,
        427.0
      ]
    ],
    [
      [
        792.0,
        445.0
      ],
      [
        823.0,
        441.0
      ],
      [
        827.0,
        481.0
      ],
      [
        796.0,
        487.0
      ]
    ],
    [
      [
        783.0,
        325.0
      ],
      [
        814.0,
        326.0
      ],
      [
        817.0,
        366.0
      ],
      [
        786.0,
        366.0
      ]
    ],
    [
      [
        837.0,
        440.0
      ],
      [
        867.0,
        436.0
      ],
      [
        870.0,
        476.0
      ],
      [
        841.0,
        482.0
      ]
    ],
    [
      [
        875.0,
        380.0
      ],
      [
        902.0,
        380.0
      ],
      [
        904.0,
        418.0
      ],
      [
        878.0,
        420.0
      ]
    ],
    [
      [
        879.0,
        435.0
      ],
      [
        905.0,
        432.0
      ],
      [
        908.0,
        470.0
      ],
      [
        882.0,
        475.0
      ]
    ],
    [
      [
        870.0,
        326.0
      ],
      [
        896.0,
        328.0
      ],
      [
        899.0,
        365.0
      ],
      [
        873.0,
        365.0
      ]
    ],
    [
      [
        796.0,
        505.0
      ],
      [
        826.0,
        499.0
      ],
      [
        829.0,
        539.0
      ],
      [
        799.0,
        546.0
      ]
    ]
  ],