{
  "size": [
    1280,
    720
  ],
  "ids0": [
    7,
    15,
    23,
    6,
    14,
    31,
    22,
    39,
    30,
    5,
    13,
    21,
    38,
    29,
    4,
    12,
    37,
    11,
    27,
    10,
    18
  ],
  "ids1": [
    0,
    8,
    1,
    9,
    2,
    24,
    17,
    10,
    3,
    25,
    18,
    11,
    32,
    26,
    33,
    19,
    28,
    13,
    12,
    36,
    4,
    27,
    6,
    34
  ],
  "corners0": [
    [
      [
        443.0,
        313.0
      ],
      [
        492.0,
        306.0
      ],
      [
        500.0,
        360.0
      ],
      [
        452.0,
        369.0
      ]
    ],
    [
      [
        454.0,
        392.0
      ],
      [
        502.0,
        382.0
      ],
      [
        511.0,
        436.0
      ],
      [
        464.0,
        447.0
      ]
    ],
    [
      [
        467.0,
        469.0
      ],
      [
        514.0,
        457.0
      ],
      [
        522.0,
        508.0
      ],
      [
        477.0,
        522.0
      ]
    ],
    [
      [
        512.0,
        304.0
      ],
      [
        555.0,
        298.0
      ],
      [
        562.0,
        350.0
      ],
      [
        520.0,
        358.0
      ]
    ],
    [
      [
        522.0,
        379.0
      ],
      [
        564.0,
        370.0
      ],
      [
        572.0,
        420.0
      ],
      [
        530.0,
        432.0
      ]
    ],
    [
      [
        480.0,
        543.0
      ],
      [
        525.0,
        528.0
      ],
      [
        534.0,
        575.0
      ],
      [
        491.0,
        591.0
      ]
    ],
    [
      [
        532.0,
        453.0
      ],
      [
        574.0,
        441.0
      ],
      [
        581.0,
        489.0
      ],
      [
        541.0,
        503.0
      ]
    ],
    [
      [
        494.0,
        612.0
      ],
      [
        537.0,
        595.0
      ],
      [
        546.0,
        637.0
      ],
      [
        505.0,
        654.0
      ]
    ],
    [
      [
        544.0,
        523.0
      ],
      [
        581.3663330078125,
        507.1934509277344
      ],
      [
        591.0,
        554.0
      ],
      [
        552.0,
        569.0
      ]
    ],
    [
      [
        574.0,
        297.0
      ],
      [
        611.0,
        292.0
      ],
      [
        618.0,
        340.0
      ],
      [
        580.0,
        347.0
      ]
    ],
    [
      [
        582.0,
        368.0
      ],
      [
        619.0,
        360.0
      ],
      [
        626.0,
        407.0
      ],
      [
        589.0,
        417.0
      ]
    ],
    [
      [
        591.0,
        438.0
      ],
      [
        627.0,
        427.0
      ],
      [
        634.0,
        472.0
      ],
      [
        599.0,
        484.0
      ]
    ],
    [
      [
        555.0,
        588.0
      ],
      [
        593.0,
        573.0
      ],
      [
        600.0,
        614.0
      ],
      [
        563.0,
        630.0
      ]
    ],
    [
      [
        601.0,
        504.0
      ],
      [
        633.915771484375,
        489.0879211425781
      ],
      [
        641.0,
        534.0
      ],
      [
        609.2120361328125,
        549.8090209960938
      ]
    ],
    [
      [
        628.0,
        291.0
      ],
      [
        660.0,
        287.0
      ],
      [
        666.0,
        332.0
      ],
      [
        634.0,
        338.0
      ]
    ],
    [
      [
        636.0,
        358.0
      ],
      [
        668.0,
        351.0
      ],
      [
        674.0,
        394.0
      ],
      [
        642.0,
        404.0
      ]
    ],
    [
      [
        610.0,
        566.0
      ],
      [
        643.0,
        552.0
      ],
      [
        649.0,
        591.0
      ],
      [
        617.0,
        607.0
      ]
    ],
    [
      [
        682.0,
        348.0
      ],
      [
        712.0,
        341.0
      ],
      [
        717.0,
        385.0
      ],
      [
        688.0,
        393.0
      ]
    ],
    [
      [
        695.0,
        469.0
      ],
      [
        724.0,
        458.0
      ],
      [
        728.0,
        498.0
      ],
      [
        700.0,
        511.0
      ]
    ],
    [
      [
        724.0,
        340.0
      ],
      [
        749.0,
        334.0
      ],
      [
        754.0,
        375.0
      ],
      [
        729.0,
        382.0
      ]
    ],
    [
      [
        730.0,
        398.0
      ],
      [
        755.0,
        390.0
      ],
      [
        759.0,
        430.0
      ],
      [
        734.0,
        439.0
      ]
    ]
  ],