{
  "size": [
    1280,
    720
  ],
  "ids0": [
    23,
    15,
    31,
    7,
    14,
    22,
    39,
    30,
    6,
    21,
    13,
    29,
    5,
    37,
    20,
    12,
    11,
    27,
    3,
    35,
    17,
    1,
    36,
    19
  ],
  "ids1": [
    0,
    8,
    16,
    24,
    9,
    1,
    17,
    32,
    25,
    2,
    10,
    18,
    33,
    26,
    34,
    19,
    12,
    27,
    35,
    13,
    11
  ],
  "corners0": [
    [
      [
        566.0,
        346.0
      ],
      [
        612.0,
        343.0
      ],
      [
        615.0,
        391.0
      ],
      [
        569.0,
        394.0
      ]
    ],
    [
      [
        563.0,
        279.0
      ],
      [
        609.0,
        276.0
      ],
      [
        612.0,
        323.0
      ],
      [
        566.0,
        326.0
      ]
    ],
    [
      [
        569.0,
        414.0
      ],
      [
        614.0,
        410.0
      ],
      [
        617.0,
        457.0
      ],
      [
        572.0,
        461.0
      ]
    ],
    [
      [
        562.0,
        212.0
      ],
      [
        607.0,
        211.0
      ],
      [
        610.0,
        257.0
      ],
      [
        564.0,
        258.0
      ]
    ],
    [
      [
        629.0,
        277.0
      ],
      [
        673.0,
        276.0
      ],
      [
        676.0,
        322.0
      ],
      [
        632.0,
        324.0
      ]
    ],
    [
      [
        632.0,
        344.0
      ],
      [
        675.0,
        341.0
      ],
      [
        678.0,
        387.0
      ],
      [
        635.0,
        391.0
      ]
    ],
    [
      [
        572.0,
        481.0
      ],
      [
        617.0,
        476.0
      ],
      [
        620.0,
        520.0
      ],
      [
        575.0,
        525.0
      ]
    ],
    [
      [
        634.0,
        410.0
      ],
      [
        677.0,
        406.0
      ],
      [
        680.0,
        451.0
      ],
      [
        637.0,
        456.0
      ]
    ],
    [
      [
        627.0,
        212.0
      ],
      [
        671.0,
        212.0
      ],
      [
        674.0,
        256.0
      ],
      [
        630.0,
        257.0
      ]
    ],
    [
      [
        694.0,
        342.0
      ],
      [
        735.0,
        339.0
      ],
      [
        738.0,
        382.0
      ],
      [
        697.7100830078125,
        388.7729187011719
      ]
    ],
    [
      [
        692.0,
        277.0
      ],
      [
        732.0,
        275.0
      ],
      [
        736.0,
        319.0
      ],
      [
        695.0,
        322.0
      ]
    ],
    [
      [
        696.0,
        407.0
      ],
      [
        737.0,
        402.0
      ],
      [
        739.0,
        446.0
      ],
      [
        699.0,
        450.0
      ]
    ],
    [
      [
        692.3175048828125,
        210.1788330078125
      ],
      [
        731.0,
        215.0
      ],
      [
        731.0,
        258.0
      ],
      [
        691.0,
        256.0
      ]
    ],
    [
      [
        698.0,
        469.0
      ],
      [
        738.0,
        464.0
      ],
      [
        740.0,
        506.0
      ],
      [
        701.0,
        512.0
      ]
    ],
    [
      [
        754.0,
        338.0
      ],
      [
        792.0,
        338.0
      ],
      [
        791.0,
        381.0
      ],
      [
        754.0,
        382.0
      ]
    ],
    [
      [
        752.0,
        276.0
      ],
      [
        789.0,
        277.0
      ],
      [
        789.0,
        320.0
      ],
      [
        752.0,
        319.0
      ]
    ],
    [
      [
        806.0,
        276.0
      ],
      [
        839.0,
        277.0
      ],
      [
        840.0,
        318.0
      ],
      [
        806.0,
        317.0
      ]
    ],
    [
      [
        808.0,
        398.0
      ],
      [
        842.0,
        394.0
      ],
      [
        843.0,
        434.0
      ],
      [
        810.0,
        439.0
      ]
    ],
    [
      [
        803.0,
        217.0
      ],
      [
        836.0,
        220.0
      ],
      [
        837.0,
        259.0
      ],
      [
        804.0,
        258.0
      ]
    ],
    [
      [
        809.0,
        457.0
      ],
      [
        842.0,
        451.0
      ],
      [
        842.0,
        490.0
      ],
      [
        810.0,
        496.0
      ]
    ],
    [
      [
        900.0,
        333.0
      ],
      [
        929.0,
        331.0
      ],
      [
        931.0,
        370.0
      ],
      [
        902.0,
        373.0
      ]
    ],
    [
      [
        896.0,
        222.0
      ],
      [
        924.0,
        225.0
      ],
      [
        926.0,
        263.0
      ],
      [
        897.0,
        261.0
      ]
    ],
    [
      [
        756.0,
        463.0
      ],
      [
        793.0,
        458.0
      ],
      [
        793.0,
        498.0
      ],
      [
        757.0,
        504.0
      ]
    ],
    [
      [
        807.0,
        337.0
      ],
      [
        841.0,
        335.0
      ],
      [
        843.0,
        375.0
      ],
      [
        809.0,
        379.0
      ]
    ]
  ],