{
  "size": [
    1280,
    720
  ],
  "ids0": [
    7,
    15,
    31,
    6,
    22,
    39,
    30,
    5,
    13,
    21,
    38,
    29,
    12,
    4,
    37,
    20,
    3,
    11,
    28,
    34,
    1,
    17,
    36,
    19
  ],
  "ids1": [
    8,
    0,
    16,
    9,
    1,
    24,
    17,
    32,
    25,
    10,
    18,
    33,
    26,
    3,
    11,
    34,
    19,
    28,
    27,
    12,
    4
  ],
  "corners0": [
    [
      [
        425.0,
        257.0
      ],
      [
        475.0,
        251.0
      ],
      [
        483.0,
        305.0
      ],
      [
        433.0,
        313.0
      ]
    ],
    [
      [
        436.0,
        341.0
      ],
      [
        486.0,
        332.0
      ],
      [
        494.0,
        386.0
      ],
      [
        446.0,
        396.0
      ]
    ],
    [
      [
        462.0,
        502.0
      ],
      [
        512.0,
        487.0
      ],
      [
        522.0,
        539.0
      ],
      [
        474.0,
        555.0
      ]
    ],
    [
      [
        498.0,
        247.0
      ],
      [
        546.0,
        242.0
      ],
      [
        554.0,
        296.0
      ],
      [
        506.0,
        304.0
      ]
    ],
    [
      [
        520.0,
        406.0
      ],
      [
        566.0,
        394.0
      ],
      [
        575.0,
        446.0
      ],
      [
        529.0,
        460.0
      ]
    ],
    [
      [
        478.0,
        576.0
      ],
      [
        523.2882080078125,
        557.2110595703125
      ],
      [
        536.0,
        605.0
      ],
      [
        490.0,
        624.0
      ]
    ],
    [
      [
        532.0,
        482.0
      ],
      [
        577.0,
        468.0
      ],
      [
        585.0,
        517.0
      ],
      [
        542.0,
        533.0
      ]
    ],
    [
      [
        565.0,
        242.0
      ],
      [
        608.0,
        238.0
      ],
      [
        615.0,
        288.0
      ],
      [
        573.0,
        295.0
      ]
    ],
    [
      [
        575.0,
        317.0
      ],
      [
        616.0,
        309.0
      ],
      [
        624.0,
        360.0
      ],
      [
        583.0,
        370.0
      ]
    ],
    [
      [
        585.0,
        391.0
      ],
      [
        626.0,
        381.0
      ],
      [
        633.0,
        430.0
      ],
      [
        593.0,
        442.0
      ]
    ],
    [
      [
        545.0,
        553.0
      ],
      [
        588.0,
        537.0
      ],
      [
        596.0,
        582.0
      ],
      [
        555.0,
        599.0
      ]
    ],
    [
      [
        596.0,
        463.0
      ],
      [
        634.0,
        450.0
      ],
      [
        642.0,
        496.0
      ],
      [
        603.0,
        511.0
      ]
    ],
    [
      [
        634.0,
        308.0
      ],
      [
        670.0,
        301.0
      ],
      [
        677.0,
        349.0
      ],
      [
        641.0,
        357.0
      ]
    ],
    [
      [
        626.0,
        237.0
      ],
      [
        662.0,
        234.0
      ],
      [
        669.0,
        281.0
      ],
      [
        633.0,
        287.0
      ]
    ],
    [
      [
        606.0,
        531.0
      ],
      [
        643.0,
        516.0
      ],
      [
        650.0,
        559.0
      ],
      [
        613.0,
        575.0
      ]
    ],
    [
      [
        643.0,
        378.0
      ],
      [
        678.0,
        368.0
      ],
      [
        685.0,
        414.0
      ],
      [
        651.0,
        426.0
      ]
    ],
    [
      [
        677.0,
        233.0
      ],
      [
        711.0,
        230.0
      ],
      [
        718.0,
        276.0
      ],
      [
        684.0,
        281.0
      ]
    ],
    [
      [
        686.0,
        299.0
      ],
      [
        719.0,
        293.0
      ],
      [
        726.723388671875,
        341.4625549316406
      ],
      [
        692.0,
        347.0
      ]
    ],
    [
      [
        652.0,
        445.0
      ],
      [
        686.0,
        434.0
      ],
      [
        692.0,
        477.0
      ],
      [
        659.0,
        491.0
      ]
    ],
    [
      [
        750.0,
        473.0
      ],
      [
        777.0,
        461.0
      ],
      [
        781.0,
        500.0
      ],
      [
        754.0,
        513.0
      ]
    ],
    [
      [
        765.0,
        228.0
      ],
      [
        790.0,
        226.0
      ],
      [
        795.0,
        267.0
      ],
      [
        770.4129638671875,
        271.8585205078125
      ]
    ],
    [
      [
        778.0,
        345.0
      ],
      [
        802.0,
        338.0
      ],
      [
        807.0,
        378.0
      ],
      [
        783.0,
        386.0
      ]
    ],
    [
      [
        660.0,
        510.0
      ],
      [
        693.0,
        497.0
      ],
      [
        698.0,
        538.0
      ],
      [
        666.0,
        552.0
      ]
    ],
    [
      [
        695.0,
        365.0
      ],
      [
        725.0,
        358.0
      ],
      [
        730.0,
        401.0
      ],
      [
        700.0,
        410.0
      ]
    ]
  ],