{
  "image_size": [
    1280,
    720
  ],
  "K": [
    [
      676.6315620117646,
      0.0,
      638.2412322743115
    ],
    [
      0.0,
      671.8540886332452,
      379.130765620002
    ],
    [
      0.0,
      0.0,
      1.0
    ]
  ],
  "D": [
    [
      -0.3229968511576116
    ],
    [
      0.10627492259973965
    ],
    [
      8.282278419885692e-05
    ],
    [
      0.00014115092088623878
    ],
    [
      -0.015762691907247918
    ]
  ],
  "rms": 5.343595264377454,
  "n_views": 146,
  "board_source": "grid8x5",
  "calib_flags": 1,
  "created_at": "2026-01-10T14:49:16"
}