{
  "image_size": [
    1280,
    720
  ],
  "K": [
    [
      663.3925982567698,
      0.0,
      636.7547913042317
    ],
    [
      0.0,
      662.005200499088,
      349.658724709254
    ],
    [
      0.0,
      0.0,
      1.0
    ]
  ],
  "D": [
    [
      -0.32097445936087227
    ],
    [
      0.11045075307571804
    ],
    [
      9.335669048134629e-06
    ],
    [
      0.0008054305978908084
    ],
    [
      -0.018020420582324836
    ]
  ],
  "rms": 4.777020243251551,
  "n_views": 140,
  "board_source": "grid8x5",
  "calib_flags": 1,
  "created_at": "2026-01-10T14:56:35"
}