{
  "image_size": [
    1280,
    720
  ],
  "K0": [
    [
      624.9533782451157,
      0.0,
      657.6505161656062
    ],
    [
      0.0,
      662.5882070448187,
      524.1798625003901
    ],
    [
      0.0,
      0.0,
      1.0
    ]
  ],
  "D0": [
    [
      -0.19157697706099877
    ],
    [
      -0.6733555858378183
    ],
    [
      -0.03410058474700465
    ],
    [
      0.020495792816197383
    ],
    [
      0.858398271240685
    ]
  ],
  "K1": [
    [
      663.3925982567698,
      0.0,
      636.7547913042317
    ],
    [
      0.0,
      662.005200499088,
      349.658724709254
    ],
    [
      0.0,
      0.0,
      1.0
    ]
  ],
  "D1": [
    [
      -0.32097445936087227
    ],
    [
      0.11045075307571804
    ],
    [
      9.335669048134629e-06
    ],
    [
      0.0008054305978908084
    ],
    [
      -0.018020420582324836
    ]
  ],
  "R": [
    [
      0.5927057764658293,
      -0.43880266685114,
      0.6753903183407102
    ],
    [
      0.3601644686912907,
      0.8944437541673196,
      0.2650507991374336
    ],
    [
      -0.7204036493774575,
      0.08615445545878248,
      0.6881831091855147
    ]
  ],
  "T": [
    [
      -1.7066510347760875
    ],
    [
      -0.22711136998314996
    ],
    [
      0.6497303573769659
    ]
  ],
  "E": null,
  "F": null,
  "rms0": 3.6483317054041784,
  "rms1": NaN,
  "rms_stereo": 3.910775201661246,
  "num_keyframes": 60,
  "num_stereo_samples": 56,
  "num_extr_samples": 56,
  "num_extr_kept": 56,
  "baseline_norm_median": 1.8370654693368478,
  "baseline_norm_std": 0.01240434467232356,
  "model": "pinhole_rational",
  "board_source": "grid8x5"
}