{
  "size": [
    1280,
    720
  ],
  "ids0": [
    18,
    17,
    25,
    26,
    10,
    9,
    19,
    27,
    16,
    34,
    24,
    11,
    33,
    8,
    35,
    2,
    32,
    1,
    12,
    3,
    0,
    4,
    21,
    29,
    13,
    37,
    5,
    6,
    31,
    20,
    7,
    28,
    36
  ],
  "ids1": [
    16,
    24,
    9,
    8,
    17,
    33,
    25,
    1,
    32,
    18,
    0,
    10,
    26,
    2,
    19,
    3,
    27,
    11,
    35,
    12,
    21,
    34
  ],
  "corners0": [
    [
      [
        563.0,
        401.0
      ],
      [
        499.0,
        395.0
      ],
      [
        506.0,
        329.0
      ],
      [
        570.0,
        337.0
      ]
    ],
    [
      [
        469.0,
        393.0
      ],
      [
        406.0,
        386.0
      ],
      [
        413.0,
        320.0
      ],
      [
        476.0,
        327.0
      ]
    ],
    [
      [
        478.0,
        298.0
      ],
      [
        414.0,
        290.0
      ],
      [
        424.0,
        226.0
      ],
      [
        485.5663146972656,
        234.56822204589844
      ]
    ],
    [
      [
        572.0,
        307.0
      ],
      [
        508.0,
        300.0
      ],
      [
        516.0,
        235.0
      ],
      [
        580.0,
        244.0
      ]
    ],
    [
      [
        555.0,
        494.0
      ],
      [
        492.0,
        488.0
      ],
      [
        498.0,
        424.0
      ],
      [
        562.0,
        431.0
      ]
    ],
    [
      [
        462.0,
        487.0
      ],
      [
        400.0,
        480.0
      ],
      [
        404.0,
        416.0
      ],
      [
        468.0,
        423.0
      ]
    ],
    [
      [
        655.0,
        409.0
      ],
      [
        592.0,
        403.0
      ],
      [
        600.0,
        338.0
      ],
      [
        662.0,
        346.0
      ]
    ],
    [
      [
        663.0,
        317.0
      ],
      [
        601.0,
        309.0
      ],
      [
        608.0,
        246.0
      ],
      [
        670.0,
        255.0
      ]
    ],
    [
      [
        376.0,
        384.0
      ],
      [
        317.0,
        377.0
      ],
      [
        324.0,
        312.0
      ],
      [
        383.0,
        318.0
      ]
    ],
    [
      [
        582.0,
        215.0
      ],
      [
        518.0,
        206.0
      ],
      [
        527.0,
        146.0
      ],
      [
        590.0,
        155.0
      ]
    ],
    [
      [
        385.0,
        289.0
      ],
      [
        326.0,
        283.0
      ],
      [
        336.0,
        219.0
      ],
      [
        395.0,
        225.0
      ]
    ],
    [
      [
        646.0,
        499.0
      ],
      [
        585.0,
        495.0
      ],
      [
        591.0,
        432.0
      ],
      [
        653.0,
        438.0
      ]
    ],
    [
      [
        490.0,
        204.0
      ],
      [
        427.0,
        197.0
      ],
      [
        437.0,
        137.0
      ],
      [
        499.0,
        144.0
      ]
    ],
    [
      [
        371.0,
        477.0
      ],
      [
        313.0,
        469.0
      ],
      [
        317.0,
        406.0
      ],
      [
        375.0,
        414.0
      ]
    ],
    [
      [
        671.0,
        227.0
      ],
      [
        610.0,
        217.0
      ],
      [
        618.0,
        158.0
      ],
      [
        678.0,
        168.0
      ]
    ],
    [
      [
        549.0,
        580.0
      ],
      [
        488.0,
        575.0
      ],
      [
        491.0,
        517.0
      ],
      [
        554.0,
        522.0
      ]
    ],
    [
      [
        398.0,
        196.0
      ],
      [
        339.0,
        190.0
      ],
      [
        351.0,
        131.0
      ],
      [
        409.0,
        135.0
      ]
    ],
    [
      [
        458.0,
        574.0
      ],
      [
        398.0,
        567.0
      ],
      [
        400.0,
        509.0
      ],
      [
        462.0,
        516.0
      ]
    ],
    [
      [
        731.0,
        502.0
      ],
      [
        674.0,
        499.0
      ],
      [
        681.0,
        438.0
      ],
      [
        739.0,
        443.0
      ]
    ],
    [
      [
        638.0,
        583.0
      ],
      [
        578.0,
        580.0
      ],
      [
        583.0,
        523.0
      ],
      [
        644.0,
        527.0
      ]
    ],
    [
      [
        370.0,
        565.0
      ],
      [
        313.0,
        556.0
      ],
      [
        314.0,
        498.0
      ],
      [
        371.0,
        506.0
      ]
    ],
    [
      [
        721.0,
        583.0
      ],
      [
        665.0,
        582.0
      ],
      [
        672.0,
        527.0
      ],
      [
        729.0,
        529.0
      ]
    ],
    [
      [
        818.0,
        420.0
      ],
      [
        767.0,
        416.0
      ],
      [
        774.0,
        356.0
      ],
      [
        825.0,
        363.0
      ]
    ],
    [
      [
        826.0,
        335.0
      ],
      [
        775.0,
        328.0
      ],
      [
        780.0,
        270.0
      ],
      [
        831.0,
        278.0
      ]
    ],
    [
      [
        809.0,
        503.0
      ],
      [
        758.0,
        501.0
      ],
      [
        766.0,
        443.0
      ],
      [
        816.0,
        447.0
      ]
    ],
    [
      [
        832.0,
        252.0
      ],
      [
        781.0,
        242.0
      ],
      [
        786.0,
        187.0
      ],
      [
        835.0,
        197.0
      ]
    ],
    [
      [
        797.0,
        581.0
      ],
      [
        748.0,
        582.0
      ],
      [
        756.0,
        528.0
      ],
      [
        806.0,
        530.0
      ]
    ],
    [
      [
        868.0,
        578.0
      ],
      [
        821.0,
        582.0
      ],
      [
        828.0,
        527.0
      ],
      [
        875.0,
        525.0
      ]
    ],
    [
      [
        956.0,
        353.0
      ],
      [
        915.0,
        347.0
      ],
      [
        919.0,
        291.0
      ],
      [
        959.0,
        299.0
      ]
    ],
    [
      [
        740.0,
        415.0
      ],
      [
        683.0,
        410.0
      ],
      [
        689.0,
        348.0
      ],
      [
        747.0,
        354.0
      ]
    ],
    [
      [
        928.0,
        573.0
      ],
      [
        888.0,
        578.0
      ],
      [
        895.0,
        526.0
      ],
      [
        935.0,
        523.0
      ]
    ],
    [
      [
        749.0,
        326.0
      ],
      [
        691.0,
        319.0
      ],
      [
        697.0,
        258.0
      ],
      [
        755.0,
        267.0
      ]
    ],
    [
      [
        756.0,
        239.0
      ],
      [
        699.0,
        230.0
      ],
      [
        705.0,
        172.0
      ],
      [
        760.0,
        183.0
      ]
    ]
  ],