{
  "size": [
    1280,
    720
  ],
  "ids0": [
    19,
    20,
    11,
    27,
    28,
    18,
    12,
    10,
    26,
    21,
    35,
    29,
    13,
    3,
    4,
    17,
    2,
    34,
    9,
    16,
    5,
    37,
    8,
    24,
    22,
    14,
    30,
    33,
    1,
    32,
    0,
    6,
    38,
    23,
    15,
    31,
    39,
    25,
    36
  ],
  "ids1": [
    24,
    10,
    26,
    17,
    1,
    0,
    16,
    9,
    8,
    33,
    2,
    32,
    18,
    19,
    34,
    27,
    3,
    35,
    20,
    12,
    28,
    25,
    4,
    6,
    11,
    15,
    23,
    36
  ],
  "corners0": [
    [
      [
        629.0,
        413.0
      ],
      [
        564.0,
        406.0
      ],
      [
        571.3425903320312,
        340.8221130371094
      ],
      [
        636.0,
        348.0
      ]
    ],
    [
      [
        723.0,
        422.0
      ],
      [
        659.0,
        415.0
      ],
      [
        665.0,
        350.0
      ],
      [
        730.0,
        357.0
      ]
    ],
    [
      [
        620.0,
        507.0
      ],
      [
        556.0,
        500.0
      ],
      [
        562.0,
        436.0
      ],
      [
        627.0,
        443.0
      ]
    ],
    [
      [
        638.0,
        318.0
      ],
      [
        573.0,
        311.0
      ],
      [
        581.0,
        247.0
      ],
      [
        645.0,
        255.0
      ]
    ],
    [
      [
        732.0,
        328.0
      ],
      [
        667.0,
        320.0
      ],
      [
        674.0,
        257.0
      ],
      [
        738.0,
        265.0
      ]
    ],
    [
      [
        534.0,
        404.0
      ],
      [
        471.0,
        396.0
      ],
      [
        478.0,
        332.0
      ],
      [
        541.0,
        339.0
      ]
    ],
    [
      [
        714.0,
        514.0
      ],
      [
        650.0,
        509.0
      ],
      [
        657.0,
        445.0
      ],
      [
        721.0,
        451.0
      ]
    ],
    [
      [
        526.0,
        498.0
      ],
      [
        464.0,
        489.0
      ],
      [
        469.0,
        426.0
      ],
      [
        532.0,
        434.0
      ]
    ],
    [
      [
        543.73095703125,
        309.0795593261719
      ],
      [
        481.0,
        303.0
      ],
      [
        489.0,
        240.0
      ],
      [
        552.0,
        246.0
      ]
    ],
    [
      [
        813.0,
        429.0
      ],
      [
        752.0,
        423.0
      ],
      [
        759.0,
        359.0
      ],
      [
        820.0,
        366.0
      ]
    ],
    [
      [
        647.0,
        226.0
      ],
      [
        583.0,
        219.0
      ],
      [
        591.0,
        160.0
      ],
      [
        654.0,
        167.0
      ]
    ],
    [
      [
        821.0,
        337.0
      ],
      [
        760.0,
        330.0
      ],
      [
        766.0,
        267.0
      ],
      [
        826.0,
        276.0
      ]
    ],
    [
      [
        803.0,
        519.0
      ],
      [
        743.0,
        515.0
      ],
      [
        751.0,
        452.0
      ],
      [
        811.0,
        457.0
      ]
    ],
    [
      [
        612.0,
        595.0
      ],
      [
        549.0,
        588.0
      ],
      [
        554.0,
        529.0
      ],
      [
        618.0,
        536.0
      ]
    ],
    [
      [
        703.0,
        602.0
      ],
      [
        641.0,
        596.0
      ],
      [
        648.0,
        538.0
      ],
      [
        711.2281494140625,
        544.3474731445312
      ]
    ],
    [
      [
        442.0,
        394.0
      ],
      [
        384.0,
        386.0
      ],
      [
        392.0,
        324.0
      ],
      [
        449.0,
        330.0
      ]
    ],
    [
      [
        520.0,
        586.0
      ],
      [
        460.0,
        577.0
      ],
      [
        463.0,
        518.0
      ],
      [
        525.0,
        527.0
      ]
    ],
    [
      [
        554.0,
        217.0
      ],
      [
        492.0,
        211.0
      ],
      [
        503.0,
        153.0
      ],
      [
        563.0,
        159.0
      ]
    ],
    [
      [
        435.0,
        486.0
      ],
      [
        378.0,
        477.0
      ],
      [
        383.0,
        416.0
      ],
      [
        441.0,
        424.0
      ]
    ],
    [
      [
        359.0,
        386.0
      ],
      [
        305.0,
        378.0
      ],
      [
        312.0,
        315.0
      ],
      [
        366.0,
        321.0
      ]
    ],
    [
      [
        791.0,
        605.0
      ],
      [
        732.0,
        602.0
      ],
      [
        740.0,
        544.0
      ],
      [
        800.0,
        547.0
      ]
    ],
    [
      [
        826.0,
        247.0
      ],
      [
        767.0,
        239.0
      ],
      [
        771.0,
        180.0
      ],
      [
        829.0,
        189.0
      ]
    ],
    [
      [
        352.0,
        476.0
      ],
      [
        299.0,
        465.0
      ],
      [
        304.0,
        403.0
      ],
      [
        358.0,
        412.0
      ]
    ],
    [
      [
        368.0,
        296.0
      ],
      [
        314.0,
        290.0
      ],
      [
        325.0,
        229.0
      ],
      [
        379.0,
        232.0
      ]
    ],
    [
      [
        895.0,
        435.0
      ],
      [
        841.0,
        430.0
      ],
      [
        848.0,
        367.0
      ],
      [
        902.0,
        374.0
      ]
    ],
    [
      [
        885.0,
        522.0
      ],
      [
        831.0,
        519.0
      ],
      [
        839.0,
        458.0
      ],
      [
        894.0,
        463.0
      ]
    ],
    [
      [
        902.0,
        346.0
      ],
      [
        848.0,
        339.0
      ],
      [
        853.0,
        278.0
      ],
      [
        906.0,
        286.0
      ]
    ],
    [
      [
        464.0,
        211.0
      ],
      [
        407.0,
        206.0
      ],
      [
        418.0,
        150.0
      ],
      [
        474.0,
        153.0
      ]
    ],
    [
      [
        431.0,
        573.0
      ],
      [
        376.0,
        563.0
      ],
      [
        378.0,
        506.0
      ],
      [
        435.0,
        515.0
      ]
    ],
    [
      [
        382.0,
        208.0
      ],
      [
        328.0,
        205.0
      ],
      [
        340.0,
        147.0
      ],
      [
        393.0,
        148.0
      ]
    ],
    [
      [
        350.0,
        561.0
      ],
      [
        298.0,
        549.0
      ],
      [
        300.0,
        490.0
      ],
      [
        353.0,
        501.0
      ]
    ],
    [
      [
        872.0,
        605.0
      ],
      [
        819.0,
        604.0
      ],
      [
        828.0,
        547.0
      ],
      [
        882.0,
        549.0
      ]
    ],
    [
      [
        906.0,
        259.0
      ],
      [
        853.0,
        250.0
      ],
      [
        856.0,
        193.0
      ],
      [
        908.0,
        203.0
      ]
    ],
    [
      [
        969.0,
        439.0
      ],
      [
        921.0,
        435.0
      ],
      [
        928.0,
        375.0
      ],
      [
        975.0,
        382.0
      ]
    ],
    [
      [
        958.0,
        523.0
      ],
      [
        911.0,
        521.0
      ],
      [
        919.0,
        463.0
      ],
      [
        967.0,
        466.0
      ]
    ],
    [
      [
        975.0,
        354.0
      ],
      [
        928.0,
        348.0
      ],
      [
        932.0,
        289.0
      ],
      [
        978.0,
        297.0
      ]
    ],
    [
      [
        977.0,
        271.0
      ],
      [
        931.0,
        262.0
      ],
      [
        933.0,
        207.0
      ],
      [
        978.0,
        217.0
      ]
    ],
    [
      [
        448.0,
        294.0
      ],
      [
