{
  "size": [
    1280,
    720
  ],
  "ids0": [
    16,
    25,
    33,
    24,
    17,
    32,
    8,
    26,
    34,
    9,
    18,
    0,
    10,
    27,
    35,
    1,
    19,
    2,
    11,
    3,
    12,
    21,
    13,
    30,
    14
  ],
  "ids1": [
    16,
    24,
    32,
    8,
    25,
    17,
    33,
    0,
    9,
    10,
    1,
    11
  ],
  "corners0": [
    [
      [
        421.0,
        408.0
      ],
      [
        355.0,
        405.0
      ],
      [
        359.0,
        336.0
      ],
      [
        426.0,
        341.0
      ]
    ],
    [
      [
        521.0,
        315.0
      ],
      [
        456.0,
        310.0
      ],
      [
        463.0,
        242.0
      ],
      [
        528.0,
        249.0
      ]
    ],
    [
      [
        530.0,
        219.0
      ],
      [
        465.0,
        212.0
      ],
      [
        474.0,
        145.0
      ],
      [
        538.0,
        154.0
      ]
    ],
    [
      [
        425.0,
        308.0
      ],
      [
        361.0,
        303.0
      ],
      [
        367.0,
        237.0
      ],
      [
        430.7025451660156,
        240.36660766601562
      ]
    ],
    [
      [
        514.0,
        410.0
      ],
      [
        451.0,
        408.0
      ],
      [
        455.0,
        341.0
      ],
      [
        520.0,
        345.0
      ]
    ],
    [
      [
        434.0,
        208.0
      ],
      [
        369.1349182128906,
        200.15541076660156
      ],
      [
        379.0,
        137.0
      ],
      [
        442.0,
        144.0
      ]
    ],
    [
      [
        420.0,
        499.0
      ],
      [
        357.0,
        500.0
      ],
      [
        355.0,
        437.0
      ],
      [
        420.0,
        437.0
      ]
    ],
    [
      [
        609.0,
        320.0
      ],
      [
        550.0,
        316.0
      ],
      [
        557.0,
        250.0
      ],
      [
        615.0,
        257.0
      ]
    ],
    [
      [
        617.0,
        229.0
      ],
      [
        558.0,
        221.0
      ],
      [
        566.0,
        157.0
      ],
      [
        624.0,
        167.0
      ]
    ],
    [
      [
        508.0,
        499.0
      ],
      [
        448.0,
        499.0
      ],
      [
        451.0,
        437.0
      ],
      [
        513.0,
        439.0
      ]
    ],
    [
      [
        600.0,
        410.0
      ],
      [
        543.0,
        409.0
      ],
      [
        548.0,
        345.0
      ],
      [
        607.0,
        349.0
      ]
    ],
    [
      [
        420.0,
        582.0
      ],
      [
        361.0,
        584.0
      ],
      [
        357.0,
        529.0
      ],
      [
        419.0,
        528.0
      ]
    ],
    [
      [
        593.0,
        495.0
      ],
      [
        537.0,
        496.0
      ],
      [
        541.0,
        438.0
      ],
      [
        599.0,
        438.0
      ]
    ],
    [
      [
        687.0,
        325.0
      ],
      [
        635.0,
        321.0
      ],
      [
        643.0,
        259.0
      ],
      [
        694.0,
        266.0
      ]
    ],
    [
      [
        696.0,
        239.0
      ],
      [
        644.0,
        232.0
      ],
      [
        650.0,
        171.0
      ],
      [
        702.0,
        182.0
      ]
    ],
    [
      [
        505.0,
        579.0
      ],
      [
        448.0,
        581.0
      ],
      [
        449.0,
        527.0
      ],
      [
        509.0,
        527.0
      ]
    ],
    [
      [
        678.0,
        410.0
      ],
      [
        627.0,
        409.0
      ],
      [
        634.0,
        349.0
      ],
      [
        685.0,
        352.0
      ]
    ],
    [
      [
        586.0,
        573.0
      ],
      [
        533.0,
        576.0
      ],
      [
        536.0,
        524.0
      ],
      [
        592.0,
        523.0
      ]
    ],
    [
      [
        669.0,
        491.0
      ],
      [
        620.0,
        493.0
      ],
      [
        626.0,
        437.0
      ],
      [
        677.0,
        437.0
      ]
    ],
    [
      [
        663.0,
        566.0
      ],
      [
        612.0,
        572.0
      ],
      [
        615.0,
        519.0
      ],
      [
        668.0,
        514.0
      ]
    ],
    [
      [
        741.0,
        485.0
      ],
      [
        693.0,
        491.0
      ],
      [
        698.0,
        436.0
      ],
      [
        746.0,
        432.0
      ]
    ],
    [
      [
        809.0,
        410.0
      ],
      [
        769.0,
        410.0
      ],
      [
        776.0,
        354.0
      ],
      [
        817.0,
        357.0
      ]
    ],
    [
      [
        800.0,
        481.0
      ],
      [
        760.0,
        485.0
      ],
      [
        765.0,
        434.0
      ],
      [
        806.0,
        430.0
      ]
    ],
    [
      [
        870.0,
        339.0
      ],
      [
        836.0,
        336.0
      ],
      [
        842.0,
        283.0
      ],
      [
        876.0,
        289.0
      ]
    ],
    [
      [
        852.0,
        475.0
      ],
      [
        818.0,
        480.0
      ],
      [
        824.0,
        431.0
      ],
      [
        858.0,
        428.0
      ]
    ]
  ],
  "corners1": [
    [
      [
        571.0,
        392.0
      ],
      [
        504.0,
        395.0
      ],
      [
        508.0,
        319.0
      ],
      [
        576.0,
        320.0
      ]
    ],
    [
      [
        574.0,
        286.0
      ],
      [
        510.0,
        284.0
      ],
      [
        515.0,
        209.0
      ],
      [
        580.0,
        216.0
      ]
    ],
    [
      [
        581.0,
        180.0
      ],
      [
        516.0,
        172.0
      ],
      [
        523.0,
        101.0
      ],
      [
        586.0,
        112.0
      ]
    ],
    [
      [
        567.0,
        489.0
      ],
      [
        504.0,
        499.0
      ],
      [
        503.0,
        429.0
      ],
      [
        569.0,
        422.0
      ]
    ],
    [
      [
        661.0,
        290.0
      ],
      [
        605.0,
        287.0
      ],
      [
        610.0,
        215.0
      ],
      [
        667.0,
        222.0
      ]
    ],
    [
      [
        655.0,
        386.0
      ],
      [
        599.0,
        389.0
      ],
      [
        604.0,
        318.0
      ],
      [
        660.0,
        319.0
      ]
    ],
    [
      [
        667.0,
        192.0
      ],
      [
        611.0,
        184.0
      ],
      [
        616.0,
        115.0
      ],
      [
        672.0,
        127.0
      ]
    ],
    [
      [
        563.0,
        576.0
      ],
      [
        503.0,
        589.0
      ],
      [
        502.0,
        528.0
      ],
      [
        564.0,
        518.0
      ]
    ],
    [
      [
        648.0,
        476.0
      ],
      [
        595.0,
        486.0
      ],
      [
        597.0,
        421.0
      ],
      [
        652.0,
        414.0
      ]
    ],
    [
      [
        719.0,
        466.0
      ],
      [
        672.0,
        475.0
      ],
      [
        676.0,
        411.0
      ],
      [
        724.0,
        406.0
      ]
    ],
    [
      [
        641.0,
        559.0
      ],
      [
        590.0,
        571.0
      ],
      [
        592.0,
        514.0
      ],
      [
        645.0,
        504.0
      ]
    ],
    [
      [
        778.0,
        455.0
      ],
      [
        739.0,
        463.0
      ],
      [
        744.0,
        404.0
      ],
      [
        783.0,
        400.0
      ]
    ]
  ]
}