{
  "size": [
    1280,
    720
  ],
  "ids0": [
    24,
    17,
    25,
    16,
    32,
    26,
    33,
    18,
    8,
    9,
    34,
    10,
    27,
    19,
    0,
    1,
    35,
    11,
    2,
    28,
    3,
    36,
    12,
    4,
    14,
    6,
    20,
    23,
    15
  ],
  "ids1": [
    16,
    24,
    17,
    8,
    32,
    0,
    9,
    33,
    1,
    26,
    18,
    10,
    34,
    2,
    25,
    28,
    4,
    29
  ],
  "corners0": [
    [
      [
        404.0,
        295.0
      ],
      [
        340.0,
        289.0
      ],
      [
        348.0,
        222.0
      ],
      [
        412.0,
        229.0
      ]
    ],
    [
      [
        491.0,
        397.0
      ],
      [
        426.0,
        392.0
      ],
      [
        432.0,
        326.0
      ],
      [
        496.0,
        332.0
      ]
    ],
    [
      [
        498.0,
        302.0
      ],
      [
        434.0,
        296.0
      ],
      [
        441.0,
        230.0
      ],
      [
        505.0,
        237.0
      ]
    ],
    [
      [
        397.0,
        391.0
      ],
      [
        334.0,
        386.0
      ],
      [
        339.0,
        319.0
      ],
      [
        402.0,
        325.0
      ]
    ],
    [
      [
        414.0,
        199.0
      ],
      [
        351.0,
        193.0
      ],
      [
        362.0,
        129.0
      ],
      [
        424.0,
        136.0
      ]
    ],
    [
      [
        589.0,
        310.0
      ],
      [
        527.0,
        304.0
      ],
      [
        534.0,
        239.0
      ],
      [
        596.0,
        247.0
      ]
    ],
    [
      [
        507.0,
        208.0
      ],
      [
        443.8130798339844,
        199.09507751464844
      ],
      [
        453.0,
        138.0
      ],
      [
        516.0,
        146.0
      ]
    ],
    [
      [
        582.0,
        402.0
      ],
      [
        520.0,
        398.0
      ],
      [
        526.0,
        333.0
      ],
      [
        588.0,
        339.0
      ]
    ],
    [
      [
        393.0,
        485.0
      ],
      [
        332.0,
        479.0
      ],
      [
        334.0,
        416.0
      ],
      [
        397.0,
        421.0
      ]
    ],
    [
      [
        485.0,
        489.0
      ],
      [
        423.0,
        485.0
      ],
      [
        426.0,
        422.0
      ],
      [
        490.0,
        427.0
      ]
    ],
    [
      [
        597.0,
        219.0
      ],
      [
        536.0,
        210.0
      ],
      [
        544.0,
        149.0
      ],
      [
        605.0,
        159.0
      ]
    ],
    [
      [
        575.0,
        491.0
      ],
      [
        515.0,
        489.0
      ],
      [
        519.0,
        427.0
      ],
      [
        580.0,
        431.0
      ]
    ],
    [
      [
        674.0,
        318.0
      ],
      [
        617.0,
        311.0
      ],
      [
        624.0,
        249.0
      ],
      [
        681.0,
        258.0
      ]
    ],
    [
      [
        666.0,
        406.0
      ],
      [
        610.0,
        402.0
      ],
      [
        616.0,
        340.0
      ],
      [
        673.0,
        346.0
      ]
    ],
    [
      [
        395.0,
        570.0
      ],
      [
        336.0,
        567.0
      ],
      [
        333.0,
        509.0
      ],
      [
        393.0,
        512.0
      ]
    ],
    [
      [
        483.0,
        573.0
      ],
      [
        424.0,
        572.0
      ],
      [
        422.0,
        516.0
      ],
      [
        484.0,
        516.0
      ]
    ],
    [
      [
        682.0,
        230.0
      ],
      [
        625.0,
        221.0
      ],
      [
        632.0,
        162.0
      ],
      [
        687.0,
        172.0
      ]
    ],
    [
      [
        659.0,
        491.0
      ],
      [
        603.0,
        490.0
      ],
      [
        608.0,
        431.0
      ],
      [
        665.0,
        434.0
      ]
    ],
    [
      [
        570.0,
        572.0
      ],
      [
        512.0,
        574.0
      ],
      [
        513.0,
        518.0
      ],
      [
        571.7802124023438,
        517.4986572265625
      ]
    ],
    [
      [
        752.0,
        325.0
      ],
      [
        701.0,
        319.0
      ],
      [
        707.0,
        260.0
      ],
      [
        757.0,
        268.0
      ]
    ],
    [
      [
        651.0,
        571.0
      ],
      [
        597.0,
        572.0
      ],
      [
        602.0,
        518.0
      ],
      [
        657.0,
        518.0
      ]
    ],
    [
      [
        758.0,
        242.0
      ],
      [
        708.0,
        233.0
      ],
      [
        713.0,
        176.0
      ],
      [
        763.0,
        187.0
      ]
    ],
    [
      [
        735.0,
        490.0
      ],
      [
        685.0,
        490.0
      ],
      [
        692.0,
        433.0
      ],
      [
        742.0,
        436.0
      ]
    ],
    [
      [
        725.0,
        567.0
      ],
      [
        677.0,
        568.0
      ],
      [
        683.0,
        517.0
      ],
      [
        733.0,
        516.0
      ]
    ],
    [
      [
        865.0,
        487.0
      ],
      [
        824.0,
        488.0
      ],
      [
        832.0,
        434.0
      ],
      [
        872.0,
        435.0
      ]
    ],
    [
      [
        855.0,
        554.0
      ],
      [
        815.0,
        560.0
      ],
      [
        821.0,
        510.0
      ],
      [
        861.0,
        507.0
      ]
    ],
    [
      [
        744.0,
        409.0
      ],
      [
        693.0,
        406.0
      ],
      [
        699.0,
        347.0
      ],
      [
        750.0,
        352.0
      ]
    ],
    [
      [
        926.0,
        415.0
      ],
      [
        892.0,
        414.0
      ],
      [
        898.0,
        362.0
      ],
      [
        932.0,
        366.0
      ]
    ],
    [
      [
        916.0,
        484.0
      ],
      [
        882.0,
        485.0
      ],
      [
        890.0,
        434.0
      ],
      [
        924.0,
        436.0
      ]
    ]
  ],