{
  "size": [
    1280,
    720
  ],
  "ids0": [
    38,
    23,
    30,
    15,
    22,
    7,
    6,
    5,
    12,
    27,
    4
  ],
  "ids1": [
    39,
    31,
    38,
    37,
    30,
    22,
    15,
    21,
    14,
    7,
    13,
    20,
    6,
    35,
    27,
    12,
    5
  ],
  "corners0": [
    [
      [
        662.0,
        254.0
      ],
      [
        620.0,
        242.0
      ],
      [
        621.0,
        182.0
      ],
      [
        664.0,
        190.0
      ]
    ],
    [
      [
        723.0,
        444.0
      ],
      [
        678.0,
        422.0
      ],
      [
        681.0,
        369.0
      ],
      [
        728.0,
        389.0
      ]
    ],
    [
      [
        660.0,
        338.0
      ],
      [
        621.0,
        322.0
      ],
      [
        621.0,
        266.0
      ],
      [
        663.0,
        279.0
      ]
    ],
    [
      [
        718.0,
        515.0
      ],
      [
        677.0,
        492.0
      ],
      [
        679.0,
        446.0
      ],
      [
        722.0,
        467.0
      ]
    ],
    [
      [
        659.0,
        414.0
      ],
      [
        622.0,
        395.0
      ],
      [
        622.0,
        345.0
      ],
      [
        661.0,
        362.0
      ]
    ],
    [
      [
        715.0,
        578.0
      ],
      [
        672.3699951171875,
        553.7833862304688
      ],
      [
        675.0,
        510.0
      ],
      [
        719.0,
        535.0
      ]
    ],
    [
      [
        659.0,
        544.0
      ],
      [
        622.057861328125,
        522.1210327148438
      ],
      [
        623.0,
        480.0
      ],
      [
        660.0,
        502.0
      ]
    ],
    [
      [
        610.0,
        512.0
      ],
      [
        579.0,
        491.0
      ],
      [
        578.0,
        453.0
      ],
      [
        609.0,
        472.0
      ]
    ],
    [
      [
        563.0,
        428.0
      ],
      [
        536.0,
        411.0
      ],
      [
        534.0,
        369.0
      ],
      [
        561.0,
        384.0
      ]
    ],
    [
      [
        515.0,
        283.0
      ],
      [
        492.0,
        274.0
      ],
      [
        490.0,
        228.0
      ],
      [
        514.0,
        235.0
      ]
    ],
    [
      [
        567.0,
        483.0
      ],
      [
        541.0,
        465.0
      ],
      [
        538.0,
        428.0
      ],
      [
        565.0,
        445.0
      ]
    ]
  ],
  "corners1": [
    [
      [
        859.0,
        244.0
      ],
      [
        803.0,
        230.0
      ],
      [
        809.0,
        172.0
      ],
      [
        867.0,
        184.0
      ]
    ],
    [
      [
        847.0,
        328.0
      ],
      [
        795.0,
        313.0
      ],
      [
        801.0,
        258.0
      ],
      [
        856.0,
        272.0
      ]
    ],
    [
      [
        778.0,
        225.0
      ],
      [
        728.0,
        214.0
      ],
      [
        732.0,
        158.0
      ],
      [
        783.0,
        168.0
      ]
    ],
    [
      [
        705.0,
        212.0
      ],
      [
        658.0,
        202.0
      ],
      [
        660.0,
        147.0
      ],
      [
        709.0,
        154.0
      ]
    ],
    [
      [
        770.0,
        306.0
      ],
      [
        723.0,
        292.0
      ],
      [
        727.0,
        240.0
      ],
      [
        776.0,
        253.0
      ]
    ],
    [
      [
        763.0,
        382.0
      ],
      [
        716.0,
        366.0
      ],
      [
        720.0,
        315.0
      ],
      [
        770.0,
        331.0
      ]
    ],
    [
      [
        823.0,
        474.0
      ],
      [
        774.0,
        455.0
      ],
      [
        782.0,
        410.0
      ],
      [
        832.0,
        428.0
      ]
    ],
    [
      [
        696.0,
        359.0
      ],
      [
        654.0,
        344.0
      ],
      [
        657.0,
        296.0
      ],
      [
        700.0,
        310.0
      ]
    ],
    [
      [
        755.0,
        448.0
      ],
      [
        711.0,
        431.0
      ],
      [
        715.0,
        386.0
      ],
      [
        761.0,
        403.0
      ]
    ],
    [
      [
        810.0,
        533.0
      ],
      [
        766.0,
        514.0
      ],
      [
        772.0,
        475.0
      ],
      [
        819.0,
        494.0
      ]
    ],
    [
      [
        690.71923828125,
        425.94573974609375
      ],
      [
        652.0,
        406.0
      ],
      [
        655.0,
        364.0
      ],
      [
        696.0,
        380.0
      ]
    ],
    [
      [
        636.0,
        339.0
      ],
      [
        599.0,
        325.0
      ],
      [
        600.0,
        280.0
      ],
      [
        638.0,
        292.0
      ]
    ],
    [
      [
        747.0,
        506.0
      ],
      [
        706.0,
        488.0
      ],
      [
        710.0,
        450.0
      ],
      [
        753.0,
        468.0
      ]
    ],
    [
      [
        581.0,
        188.0
      ],
      [
        546.0,
        181.0
      ],
      [
        547.0,
        135.0
      ],
      [
        582.0,
        139.0
      ]
    ],
    [
      [
        581.0,
        256.0
      ],
      [
        548.0,
        247.0
      ],
      [
        548.0,
        202.0
      ],
      [
        582.0,
        209.0
      ]
    ],
    [
      [
        635.0,
        400.0
      ],
      [
        600.0,
        386.0
      ],
      [
        600.0,
        345.0
      ],
      [
        637.0,
        359.0
      ]
    ],
    [
      [
        688.0,
        481.0
      ],
      [
        651.0,
        463.0
      ],
      [
        653.0,
        426.0
      ],
      [
        692.0,
        443.0
      ]
    ]
  ]
}