{
  "size": [
    1280,
    720
  ],
  "ids0": [
    37,
    35,
    28,
    38,
    29,
    30,
    26,
    39,
    32,
    20,
    25,
    21,
    19,
    22,
    36,
    18,
    24,
    23,
    34,
    17,
    14,
    16,
    15,
    8,
    2,
    1
  ],
  "ids1": [
    34,
    33,
    35,
    32,
    26,
    25,
    18,
    17,
    29,
    38,
    16,
    30,
    36,
    9,
    39,
    10,
    11,
    8,
    12,
    22
  ],
  "corners0": [
    [
      [
        790.0,
        256.0
      ],
      [
        729.0213623046875,
        250.3701934814453
      ],
      [
        733.0,
        194.0
      ],
      [
        799.0,
        200.0
      ]
    ],
    [
      [
        606.0,
        245.0
      ],
      [
        544.0,
        244.0
      ],
      [
        538.0,
        189.0
      ],
      [
        604.0,
        189.0
      ]
    ],
    [
      [
        696.0,
        325.0
      ],
      [
        634.0,
        323.0
      ],
      [
        633.0,
        272.0
      ],
      [
        699.0,
        274.0
      ]
    ],
    [
      [
        878.0,
        261.0
      ],
      [
        820.0,
        256.0
      ],
      [
        830.0,
        201.0
      ],
      [
        890.0,
        208.0
      ]
    ],
    [
      [
        782.0,
        330.0
      ],
      [
        721.0,
        327.0
      ],
      [
        724.0,
        276.0
      ],
      [
        789.0,
        279.0
      ]
    ],
    [
      [
        863.0,
        335.0
      ],
      [
        805.0,
        331.0
      ],
      [
        815.0,
        281.0
      ],
      [
        876.0,
        286.0
      ]
    ],
    [
      [
        526.0,
        317.0
      ],
      [
        469.0,
        316.0
      ],
      [
        459.0,
        267.0
      ],
      [
        519.0,
        267.0
      ]
    ],
    [
      [
        958.0,
        268.0
      ],
      [
        906.0,
        263.0
      ],
      [
        919.0,
        210.0
      ],
      [
        973.0,
        217.0
      ]
    ],
    [
      [
        356.0,
        243.0
      ],
      [
        309.0,
        244.0
      ],
      [
        295.0,
        193.0
      ],
      [
        344.0,
        190.0
      ]
    ],
    [
      [
        692.0,
        388.0
      ],
      [
        635.0,
        387.0
      ],
      [
        633.0,
        344.0
      ],
      [
        694.0,
        346.0
      ]
    ],
    [
      [
        446.0,
        314.0
      ],
      [
        395.0,
        313.0
      ],
      [
        383.0,
        266.0
      ],
      [
        436.0,
        266.0
      ]
    ],
    [
      [
        771.0,
        392.0
      ],
      [
        715.0,
        391.0
      ],
      [
        718.0,
        348.0
      ],
      [
        777.0,
        350.0
      ]
    ],
    [
      [
        612.0,
        384.0
      ],
      [
        556.0,
        382.0
      ],
      [
        551.0,
        340.0
      ],
      [
        609.0,
        341.0
      ]
    ],
    [
      [
        848.0,
        395.0
      ],
      [
        795.0,
        395.0
      ],
      [
        801.0,
        353.0
      ],
      [
        858.0,
        354.0
      ]
    ],
    [
      [
        699.0,
        249.0
      ],
      [
        635.0,
        247.0
      ],
      [
        634.0,
        191.0
      ],
      [
        702.0,
        193.0
      ]
    ],
    [
      [
        533.0,
        380.0
      ],
      [
        481.0,
        378.0
      ],
      [
        472.0,
        336.0
      ],
      [
        527.0,
        338.0
      ]
    ],
    [
      [
        373.0,
        311.0
      ],
      [
        329.0,
        310.0
      ],
      [
        314.0,
        265.0
      ],
      [
        361.0,
        265.0
      ]
    ],
    [
      [
        918.0,
        399.0
      ],
      [
        869.0,
        396.0
      ],
      [
        882.0,
        355.0
      ],
      [
        933.0,
        359.0
      ]
    ],
    [
      [
        515.0,
        243.0
      ],
      [
        458.0,
        243.0
      ],
      [
        449.0,
        190.0
      ],
      [
        509.0,
        188.0
      ]
    ],
    [
      [
        459.0,
        375.0
      ],
      [
        411.0,
        373.0
      ],
      [
        399.0,
        333.0
      ],
      [
        449.0,
        334.0
      ]
    ],
    [
      [
        833.0,
        448.0
      ],
      [
        784.0,
        448.0
      ],
      [
        789.0,
        413.0
      ],
      [
        841.0,
        414.0
      ]
    ],
    [
      [
        390.0,
        370.0
      ],
      [
        348.0,
        368.0
      ],
      [
        334.0,
        330.0
      ],
      [
        378.0,
        331.0
      ]
    ],
    [
      [
        901.0,
        448.0
      ],
      [
        854.0,
        449.0
      ],
      [
        863.0,
        416.0
      ],
      [
        911.0,
        416.0
      ]
    ],
    [
      [
        408.0,
        424.0
      ],
      [
        363.5650634765625,
        421.4004821777344
      ],
      [
        352.0,
        385.0
      ],
      [
        396.0,
        388.0
      ]
    ],
    [
      [
        549.0,
        480.0
      ],
      [
        503.0,
        478.0
      ],
      [
        494.0,
        447.0
      ],
      [
        544.0,
        449.0
      ]
    ],
    [
      [
        484.0,
        475.0
      ],
      [
        440.0,
        471.0
      ],
      [
        430.0,
        441.0
      ],
      [
        476.0,
        444.0
      ]
    ]
  ],