{
  "size": [
    1280,
    720
  ],
  "ids0": [
    32,
    33,
    25,
    24,
    16,
    17,
    34,
    26,
    8,
    18,
    9,
    0,
    35,
    1,
    27,
    10,
    3,
    12,
    13
  ],
  "ids1": [
    32,
    24,
    16,
    33,
    25,
    8,
    17,
    10,
    19,
    2
  ],
  "corners0": [
    [
      [
        436.7940673828125,
        230.5635223388672
      ],
      [
        370.0,
        228.0
      ],
      [
        379.0,
        157.0
      ],
      [
        445.0,
        164.0
      ]
    ],
    [
      [
        534.0,
        239.0
      ],
      [
        468.0,
        234.0
      ],
      [
        477.0,
        164.0
      ],
      [
        542.0,
        171.0
      ]
    ],
    [
      [
        524.0,
        336.0
      ],
      [
        460.0,
        334.0
      ],
      [
        467.0,
        265.0
      ],
      [
        531.0,
        269.0
      ]
    ],
    [
      [
        428.0,
        334.0
      ],
      [
        364.0,
        332.0
      ],
      [
        369.0,
        264.0
      ],
      [
        432.21014404296875,
        266.3035888671875
      ]
    ],
    [
      [
        427.0,
        430.0
      ],
      [
        363.0,
        433.0
      ],
      [
        362.0,
        366.0
      ],
      [
        429.00604248046875,
        365.0056457519531
      ]
    ],
    [
      [
        516.0,
        427.0
      ],
      [
        455.0,
        428.0
      ],
      [
        459.0,
        365.0
      ],
      [
        522.0,
        365.0
      ]
    ],
    [
      [
        619.0,
        246.0
      ],
      [
        562.0,
        240.0
      ],
      [
        570.0,
        174.0
      ],
      [
        628.0,
        182.0
      ]
    ],
    [
      [
        609.0,
        336.0
      ],
      [
        552.0,
        335.0
      ],
      [
        560.0,
        270.0
      ],
      [
        617.0,
        274.0
      ]
    ],
    [
      [
        426.0,
        515.0
      ],
      [
        365.0,
        520.0
      ],
      [
        362.0,
        462.0
      ],
      [
        425.0,
        458.0
      ]
    ],
    [
      [
        600.0,
        421.0
      ],
      [
        545.0,
        425.0
      ],
      [
        549.0,
        366.0
      ],
      [
        605.0,
        363.0
      ]
    ],
    [
      [
        511.0,
        509.0
      ],
      [
        453.0,
        513.0
      ],
      [
        456.0,
        457.0
      ],
      [
        515.0,
        455.0
      ]
    ],
    [
      [
        427.0,
        593.0
      ],
      [
        367.0,
        597.0
      ],
      [
        365.0,
        544.0
      ],
      [
        428.0,
        542.0
      ]
    ],
    [
      [
        695.0,
        252.0
      ],
      [
        646.0,
        247.0
      ],
      [
        654.0,
        185.0
      ],
      [
        704.0,
        194.0
      ]
    ],
    [
      [
        508.0,
        584.0
      ],
      [
        451.0,
        589.0
      ],
      [
        452.0,
        538.0
      ],
      [
        512.0,
        534.0
      ]
    ],
    [
      [
        683.0,
        337.0
      ],
      [
        635.0,
        335.0
      ],
      [
        643.0,
        275.0
      ],
      [
        693.0,
        280.0
      ]
    ],
    [
      [
        591.0,
        500.0
      ],
      [
        539.0,
        506.0
      ],
      [
        542.0,
        453.0
      ],
      [
        595.0,
        448.0
      ]
    ],
    [
      [
        653.0,
        560.0
      ],
      [
        606.0,
        569.0
      ],
      [
        611.0,
        521.0
      ],
      [
        659.0,
        514.0
      ]
    ],
    [
      [
        727.0,
        484.0
      ],
      [
        684.0,
        491.0
      ],
      [
        691.0,
        439.0
      ],
      [
        734.0,
        435.0
      ]
    ],
    [
      [
        782.0,
        475.0
      ],
      [
        746.0,
        482.0
      ],
      [
        753.0,
        434.0
      ],
      [
        790.0,
        429.0
      ]
    ]
  ],
  "corners1": [
    [
      [
        597.0,
        207.0
      ],
      [
        530.0,
        202.0
      ],
      [
        539.0,
        121.0
      ],
      [
        605.0,
        131.0
      ]
    ],
    [
      [
        584.0,
        313.0
      ],
      [
        523.0,
        315.0
      ],
      [
        530.0,
        238.0
      ],
      [
        592.0,
        241.0
      ]
    ],
    [
      [
        578.0,
        414.0
      ],
      [
        515.0,
        425.0
      ],
      [
        519.0,
        350.0
      ],
      [
        583.0,
        345.0
      ]
    ],
    [
      [
        678.0,
        213.0
      ],
      [
        625.0,
        208.0
      ],
      [
        633.0,
        134.0
      ],
      [
        686.0,
        145.0
      ]
    ],
    [
      [
        666.0,
        311.0
      ],
      [
        614.0,
        312.0
      ],
      [
        623.0,
        239.0
      ],
      [
        675.0,
        243.0
      ]
    ],
    [
      [
        569.0,
        505.0
      ],
      [
        511.0,
        519.0
      ],
      [
        512.0,
        456.0
      ],
      [
        573.0,
        444.0
      ]
    ],
    [
      [
        656.0,
        402.0
      ],
      [
        605.0,
        411.0
      ],
      [
        611.0,
        344.0
      ],
      [
        662.0,
        339.0
      ]
    ],
    [
      [
        709.0,
        472.0
      ],
      [
        667.0,
        484.0
      ],
      [
        674.0,
        426.0
      ],
      [
        717.0,
        417.0
      ]
    ],
    [
      [
        776.0,
        384.0
      ],
      [
        741.0,
        391.0
      ],
      [
        748.0,
        332.0
      ],
      [
        784.0,
        329.0
      ]
    ],
    [
      [
        696.0,
        542.0
      ],
      [
        655.0,
        557.0
      ],
      [
        662.0,
        507.0
      ],
      [
        704.0,
        494.0
      ]
    ]
  ]
}