{
  "size": [
    1280,
    720
  ],
  "ids0": [
    38,
    37,
    39,
    31,
    35,
    27,
    34,
    22,
    21,
    26,
    19,
    33,
    14,
    36,
    25,
    18,
    7,
    24,
    4,
    9,
    16,
    2
  ],
  "ids1": [
    35,
    37,
    34,
    33,
    38,
    28,
    27,
    29,
    26,
    20,
    18,
    31,
    24,
    17,
    22,
    36,
    12,
    16,
    23,
    13,
    9,
    14,
    8,
    15
  ],
  "corners0": [
    [
      [
        807.0,
        321.0
      ],
      [
        741.0,
        310.0
      ],
      [
        748.0,
        249.0
      ],
      [
        819.0,
        260.0
      ]
    ],
    [
      [
        711.0,
        306.0
      ],
      [
        645.0,
        295.0
      ],
      [
        648.0,
        236.0
      ],
      [
        717.0,
        245.0
      ]
    ],
    [
      [
        902.0,
        335.0
      ],
      [
        838.0,
        324.0
      ],
      [
        849.0,
        264.0
      ],
      [
        916.5965576171875,
        275.67962646484375
      ]
    ],
    [
      [
        883.0,
        414.0
      ],
      [
        820.0,
        404.0
      ],
      [
        832.0,
        350.0
      ],
      [
        898.0,
        360.0
      ]
    ],
    [
      [
        527.0,
        281.0
      ],
      [
        473.0,
        273.0
      ],
      [
        469.0,
        217.0
      ],
      [
        525.0,
        223.0
      ]
    ],
    [
      [
        535.0,
        358.0
      ],
      [
        481.0,
        350.0
      ],
      [
        474.0,
        298.0
      ],
      [
        530.0,
        305.0
      ]
    ],
    [
      [
        448.0,
        272.0
      ],
      [
        398.0,
        265.0
      ],
      [
        391.0,
        210.0
      ],
      [
        444.0,
        215.0
      ]
    ],
    [
      [
        782.0,
        467.0
      ],
      [
        723.0,
        459.0
      ],
      [
        727.0,
        413.0
      ],
      [
        790.0,
        422.0
      ]
    ],
    [
      [
        699.0,
        453.0
      ],
      [
        642.0,
        445.0
      ],
      [
        641.0,
        399.0
      ],
      [
        703.0,
        408.0
      ]
    ],
    [
      [
        457.0,
        346.0
      ],
      [
        410.0,
        337.0
      ],
      [
        403.0,
        287.0
      ],
      [
        452.0,
        295.0
      ]
    ],
    [
      [
        540.0,
        424.0
      ],
      [
        490.0,
        415.0
      ],
      [
        483.0,
        371.0
      ],
      [
        536.0,
        379.0
      ]
    ],
    [
      [
        377.0,
        263.0
      ],
      [
        335.0,
        258.0
      ],
      [
        327.0,
        205.0
      ],
      [
        371.0,
        210.0
      ]
    ],
    [
      [
        770.0,
        523.0
      ],
      [
        716.0,
        515.0
      ],
      [
        719.0,
        478.0
      ],
      [
        777.0,
        486.0
      ]
    ],
    [
      [
        616.0,
        293.0
      ],
      [
        555.0,
        284.0
      ],
      [
        554.0,
        225.0
      ],
      [
        618.0,
        233.0
      ]
    ],
    [
      [
        389.0,
        334.0
      ],
      [
        349.0,
        326.0
      ],
      [
        340.0,
        279.0
      ],
      [
        382.0,
        286.0
      ]
    ],
    [
      [
        468.0,
        409.0
      ],
      [
        424.0,
        401.0
      ],
      [
        414.0,
        359.0
      ],
      [
        461.0,
        366.0
      ]
    ],
    [
      [
        831.0,
        581.0
      ],
      [
        779.0,
        576.0
      ],
      [
        785.0,
        544.0
      ],
      [
        841.0,
        549.0
      ]
    ],
    [
      [
        331.0,
        325.0
      ],
      [
        294.0,
        316.0
      ],
      [
        285.0,
        270.0
      ],
      [
        322.0,
        276.0
      ]
    ],
    [
      [
        619.0,
        546.0
      ],
      [
        570.0,
        536.0
      ],
      [
        566.0,
        503.0
      ],
      [
        618.0,
        512.0
      ]
    ],
    [
      [
        417.0,
        452.0
      ],
      [
        378.0,
        443.0
      ],
      [
        366.0,
        405.0
      ],
      [
        407.0,
        413.0
      ]
    ],
    [
      [
        346.0,
        385.0
      ],
      [
        310.0,
        375.0
      ],
      [
        300.0,
        334.0
      ],
      [
        337.0,
        342.0
      ]
    ],
    [
      [
        488.0,
        515.0
      ],
      [
        446.0,
        505.0
      ],
      [
        438.0,
        472.0
      ],
      [
        481.0,
        482.0
      ]
    ]
  ],