{
  "size": [
    1280,
    720
  ],
  "ids0": [
    30,
    31,
    35,
    28,
    27,
    26,
    25,
    18,
    32,
    17,
    34,
    16
  ],
  "ids1": [
    34,
    39,
    28,
    29,
    26,
    30,
    32,
    25,
    31,
    20,
    19,
    21,
    18,
    24
  ],
  "corners0": [
    [
      [
        762.0,
        376.0
      ],
      [
        701.0,
        367.0
      ],
      [
        702.0,
        324.0
      ],
      [
        766.0,
        333.0
      ]
    ],
    [
      [
        847.0,
        389.0
      ],
      [
        786.0,
        381.0
      ],
      [
        792.0,
        340.0
      ],
      [
        858.0,
        348.0
      ]
    ],
    [
      [
        504.0,
        272.0
      ],
      [
        451.0,
        265.0
      ],
      [
        438.0,
        217.0
      ],
      [
        494.0,
        221.0
      ]
    ],
    [
      [
        594.0,
        347.0
      ],
      [
        540.0,
        339.0
      ],
      [
        531.0,
        297.0
      ],
      [
        589.0,
        305.0
      ]
    ],
    [
      [
        517.0,
        333.0
      ],
      [
        468.0,
        326.0
      ],
      [
        456.0,
        285.0
      ],
      [
        507.0,
        292.0
      ]
    ],
    [
      [
        446.0,
        321.0
      ],
      [
        403.0,
        314.0
      ],
      [
        389.0,
        276.0
      ],
      [
        433.0,
        281.0
      ]
    ],
    [
      [
        384.0,
        311.0
      ],
      [
        345.0,
        305.0
      ],
      [
        328.0,
        265.0
      ],
      [
        368.0,
        270.0
      ]
    ],
    [
      [
        463.0,
        374.0
      ],
      [
        420.0,
        366.0
      ],
      [
        406.0,
        331.0
      ],
      [
        453.7273254394531,
        336.5008239746094
      ]
    ],
    [
      [
        307.0,
        246.0
      ],
      [
        270.2657775878906,
        243.26536560058594
      ],
      [
        254.0,
        200.0
      ],
      [
        289.0,
        201.0
      ]
    ],
    [
      [
        403.0,
        361.0
      ],
      [
        365.0,
        354.0
      ],
      [
        350.0,
        320.0
      ],
      [
        388.0,
        326.0
      ]
    ],
    [
      [
        429.0,
        261.0
      ],
      [
        383.0,
        256.0
      ],
      [
        368.0,
        210.0
      ],
      [
        415.0,
        213.0
      ]
    ],
    [
      [
        349.0,
        349.0
      ],
      [
        316.0,
        342.0
      ],
      [
        301.0,
        310.0
      ],
      [
        334.0,
        316.0
      ]
    ]
  ],
  "corners1": [
    [
      [
        534.0,
        237.0
      ],
      [
        473.0,
        232.0
      ],
      [
        466.0,
        182.0
      ],
      [
        530.0,
        185.0
      ]
    ],
    [
      [
        959.0,
        297.0
      ],
      [
        907.0,
        287.0
      ],
      [
        928.0,
        240.0
      ],
      [
        982.0,
        252.0
      ]
    ],
    [
      [
        703.0,
        319.0
      ],
      [
        643.0,
        313.0
      ],
      [
        645.0,
        270.0
      ],
      [
        709.0,
        277.0
      ]
    ],
    [
      [
        784.0,
        330.0
      ],
      [
        726.0,
        324.0
      ],
      [
        733.0,
        282.0
      ],
      [
        795.0,
        289.0
      ]
    ],
    [
      [
        538.0,
        299.0
      ],
      [
        483.0,
        294.0
      ],
      [
        476.0,
        252.0
      ],
      [
        535.0,
        257.0
      ]
    ],
    [
      [
        860.0,
        342.0
      ],
      [
        806.0,
        334.0
      ],
      [
        819.0,
        293.0
      ],
      [
        877.0,
        303.0
      ]
    ],
    [
      [
        373.0,
        223.0
      ],
      [
        325.0,
        221.0
      ],
      [
        310.0,
        176.0
      ],
      [
        361.0,
        176.0
      ]
    ],
    [
      [
        460.0,
        291.0
      ],
      [
        409.0,
        286.0
      ],
      [
        399.0,
        246.0
      ],
      [
        452.0,
        249.0
      ]
    ],
    [
      [
        931.0,
        352.0
      ],
      [
        882.0,
        345.0
      ],
      [
        900.0,
        306.0
      ],
      [
        951.0,
        315.0
      ]
    ],
    [
      [
        693.0,
        371.0
      ],
      [
        639.0,
        366.0
      ],
      [
        640.0,
        331.0
      ],
      [
        698.0,
        337.0
      ]
    ],
    [
      [
        617.0,
        362.0
      ],
      [
        564.0,
        356.0
      ],
      [
        561.0,
        321.0
      ],
      [
        617.0,
        326.0
      ]
    ],
    [
      [
        768.0,
        380.0
      ],
      [
        715.0,
        376.0
      ],
      [
        720.0,
        342.0
      ],
      [
        777.0,
        348.0
      ]
    ],
    [
      [
        542.0,
        352.0
      ],
      [
        491.0,
        347.0
      ],
      [
        485.0,
        312.0
      ],
      [
        539.0,
        317.0
      ]
    ],
    [
      [
        388.0,
        283.0
      ],
      [
        343.0,
        279.0
      ],
      [
        330.0,
        241.0
      ],
      [
        377.0,
        243.0
      ]
    ]
  ]
}